mp_id,band_gap
mp-11107,3.5226
mp-32800,2.2962
mp-1183115,4.1024
mp-27972,4.1033
mp-30274,4.241
mp-27971,5.0865
mp-30273,4.4451
mp-866101,2.0031
mp-985278,6.0693
mp-861502,0.9888
mp-1183053,2.8959
mp-861605,0.6407
mp-861867,2.5892
mp-866056,0.0517
mp-36526,4.2566
mp-865028,0.6253
mp-18125,0.2585
mp-567334,2.7028
mp-568392,0.8722
mp-1195193,0.2223
mp-560328,1.2888
mp-554873,3.4397
mp-23558,0.3872
mp-4691,0.4736
mp-1196546,2.8072
mp-861942,1.3699
mp-9900,0.4646
mp-690687,1.4591
mp-860963,2.8821
mp-553949,0.1606
mp-1229141,0.4441
mp-23485,1.2219
mp-29816,0.4103
mp-556866,1.2212
mp-27966,1.9011
mp-1190325,1.1668
mp-707138,1.3274
mp-13956,1.1866
mp-1192057,2.3016
mp-5625,1.2289
mp-16913,1.7022
mp-2748718,2.0935
mp-11641,0.4264
mp-1197599,2.4602
mp-1214926,0.0157
mp-558768,0.0001
mp-29163,1.2999
mp-1229185,0.0994
mp-2749579,0.154
mp-1229124,1.00E-04
mp-561620,1.6278
mp-9538,0.3576
mp-662599,0.9037
mp-3172,0.0235
mp-562412,0.3069
mp-17862,0.5388
mp-27821,0.8306
mp-1229128,0.421
mp-12459,0.9914
mp-1195261,0.0125
mp-555269,1.5142
mp-17568,0.2155
mp-29849,0.5034
mp-5710,0.1725
mp-1229155,1.5994
mp-558550,1.7787
mp-553924,0.9546
mp-554357,0.0042
mp-1199607,0.6883
mp-28812,1.5002
mp-568540,0.9788
mp-559847,1.2689
mp-1191916,0.3076
mp-573465,0.1985
mp-553919,1.5871
mp-8594,0.7841
mp-9770,0.6102
mp-15645,0.5351
mp-17984,0.001
mp-1195618,0.0265
mp-556837,2.765
mp-1191037,1.6736
mp-985701,0.8362
mp-37153,1.6806
mp-1178563,0.2921
mp-22665,1.386
mp-1229194,1.2573
mp-570340,0.8406
mp-16060,1.0268
mp-996983,0.6523
mp-703539,3.2964
mp-12021,3.157
mp-24058,3.044
mp-1195262,2.4344
mp-556434,1.1838
mp-569126,1.2778
mp-28965,0.3971
mp-23474,0.5262
mp-556094,1.0752
mp-23231,0.7304
mp-22922,0.9522
mp-22993,2.3558
mp-18536,0.2085
mp-1200633,1.238
mp-24072,3.6925
mp-558188,0.7386
mp-560443,0.5517
mp-556798,1.1892
mp-6215,1.2453
mp-560067,1.2604
mp-23140,1.3584
mp-580941,1.3759
mp-1194592,2.2937
mp-27384,2.4375
mp-1214988,2.3227
mp-14029,2.1219
mp-552185,1.8539
mp-1194585,1.9686
mp-34418,3.2361
mp-18702,2.0232
mp-1206101,0.218
mp-1214944,1.1739
mp-1202574,0.1878
mp-1229086,2.4337
mp-559602,2.7813
mp-14653,0.5398
mp-1199846,0.2894
mp-3414,1.7739
mp-540872,0.0946
mp-1199019,2.5554
mp-3922,1.3716
mp-10809,0.4056
mp-559257,1.5732
mp-29718,2.6891
mp-569787,6.3335
mp-1198361,1.4598
mp-672352,1.7285
mp-555903,3.3466
mp-1019377,5.9631
mp-683984,1.1219
mp-574529,1.4066
mp-540628,1.3271
mp-2014966,0.3003
mp-2206289,5.3236
mp-758571,4.5903
mp-1029975,2.9441
mp-29110,0.2303
mp-19521,3.7134
mp-4417,6.0272
mp-756970,3.1202
mp-1194539,1.9032
mp-572634,3.441
mp-1199198,5.5664
mp-557737,2.6364
mp-571623,2.2404
mp-1214967,2.9874
mp-1214910,2.9128
mp-28361,3.7082
mp-5928,2.7263
mp-3159,2.0047
mp-7909,1.6245
mp-1228975,0.1357
mp-1214864,2.7318
mp-561437,4.0658
mp-707424,4.7451
mp-850293,5.574
mp-1196041,4.6645
mp-27346,2.5631
mp-7906,2.0244
mp-3038,1.4254
mp-7910,1.1108
mp-37614,3.2056
mp-1143,5.8537
mp-7188,0.2899
mp-23995,6.2699
mp-14941,5.266
mp-21892,3.9425
mp-1103722,2.5904
mp-675374,1.9965
mp-10910,0.0864
mp-1228491,3.0435
mp-1196459,1.8019
mp-11674,1.8004
mp-6280,5.6953
mp-1195073,4.2562
mp-706243,4.9127
mp-5065,5.4038
mp-560633,3.9866
mp-29502,1.854
mp-9254,1.0461
mp-568443,0.8418
mp-2908,3.846
mp-4842,2.4934
mp-7907,2.1529
mp-7908,1.6251
mp-1228446,0.453
mp-1228599,1.8203
mp-1214863,2.364
mp-1229069,2.7875
mp-31408,5.8173
mp-1229135,4.3578
mp-23426,2.8002
mp-1591,1.3154
mp-13703,3.8233
mp-1190488,3.0642
mp-1204107,3.8627
mp-1228721,0.6835
mp-3281,4.9385
mp-35267,1.4217
mp-6738,6.1148
mp-9203,2.7127
mp-9535,2.5652
mp-530331,1.439
mp-28759,2.7961
mp-1228228,2.5541
mp-13875,2.8336
mp-1228964,1.6206
mp-9631,1.4091
mp-5782,1.8992
mp-14091,1.1352
mp-1228963,1.1072
mp-14092,1.0469
mp-2172,1.5037
mp-567734,2.1167
mp-558360,2.2534
mp-5189,3.865
mp-558137,2.9408
mp-672273,3.7568
mp-561350,2.8305
mp-637206,2.5424
mp-628665,2.1634
mp-23288,4.0992
mp-1214833,3.0144
mp-607454,2.5682
mp-1102961,2.761
mp-25469,5.263
mp-27863,5.594
mp-1229097,1.4767
mp-1228984,0.8799
mp-1102536,2.1451
mp-28020,2.5112
mp-1228980,0.8905
mp-3098,1.8148
mp-4979,1.6756
mp-8016,0.8922
mp-1228961,0.7127
mp-1229027,0.5513
mp-8017,1.0186
mp-468,7.6012
mp-17477,0.5231
mp-1228891,0.7005
mp-24618,6.3073
mp-730446,5.7307
mp-722527,5.6133
mp-23743,5.3984
mp-1203296,3.5696
mp-1197821,3.5761
mp-1229104,6.1309
mp-1199829,4.3958
mp-699469,4.9406
mp-24554,5.3705
mp-643387,4.4967
mp-23933,2.1977
mp-759356,5.1434
mp-696815,6.8114
mp-1214960,4.4382
mp-1192001,4.8379
mp-1200831,4.5994
mp-1191939,4.2593
mp-740718,5.3867
mp-1228986,5.8135
mp-1198123,4.6652
mp-625152,5.546
mp-1105277,5.6906
mp-568001,1.1967
mp-30930,3.2639
mp-27935,2.291
mp-1214853,3.5627
mp-638061,4.1861
mp-571260,3.0861
mp-504482,2.0813
mp-862787,1.6333
mp-661,4.0467
mp-1214877,3.6211
mp-1214829,1.9697
mp-1550,1.6294
mp-1215134,4.6888
mp-28046,1.686
mp-683949,3.7338
mp-569751,5.5737
mp-1196119,5.6312
mp-568423,1.4878
mp-5331,5.6126
mp-1102285,2.8338
mp-1228817,0.1187
mp-556418,3.9643
mp-555805,2.4961
mp-2624,1.2255
mp-1194909,1.122
mp-567743,1.0432
mp-1204489,0.5732
mp-676861,1.6178
mp-1205403,2.5979
mp-24308,5.3806
mp-31220,1.2504
mp-573751,3.3025
mp-29407,1.8846
mp-18733,3.8702
mp-1539038,4.0476
mp-567878,4.0998
mp-567716,4.7337
mp-3751,4.4333
mp-607829,3.5042
mp-985477,2.1201
mp-863762,1.789
mp-1228177,4.586
mp-1228209,4.081
mp-1281387,0.2716
mp-2767452,0.162
mp-20014,2.3841
mp-18827,3.0384
mp-1182867,2.9803
mp-23155,8.5132
mp-28159,1.6272
mp-27445,1.3305
mp-558244,0.5218
mp-27578,1.2407
mp-30934,2.0753
mp-28005,4.5714
mp-557417,3.3444
mp-758957,4.6104
mp-15649,0.8155
mp-1582,4.0339
mp-1788,1.426
mp-2455,0.6647
mp-540883,2.6841
mp-557799,2.5938
mp-680722,2.0997
mp-505465,2.936
mp-505368,3.3141
mp-31107,2.0725
mp-28537,2.8462
mp-20015,2.1358
mp-2513,0.0785
mp-15954,0.2625
mp-766,0.4492
mp-27739,4.1255
mp-1189572,1.9873
mp-27230,4.4172
mp-909,1.4466
mp-27404,3.0666
mp-626378,3.6721
mp-540912,0.0268
mp-1192209,3.2587
mp-561268,3.4974
mp-1214749,2.9898
mp-566301,3.2719
mp-510724,2.6399
mp-1214667,3.2964
mp-1095378,1.8671
mp-23317,3.1271
mp-1229049,3.1609
mp-23444,2.8871
mp-23280,3.9873
mp-29863,2.5284
mp-27926,3.3906
mp-1201143,2.8596
mp-28027,5.36
mp-8723,4.6002
mp-720294,4.1734
mp-1191113,4.8445
mp-707734,3.2369
mp-1228828,3.1155
mp-23218,2.2375
mp-31020,1.4099
mp-555340,0.649
mp-1228823,1.863
mp-1228810,1.4699
mp-30010,2.4978
mp-1182477,2.7442
mp-685810,3.5121
mp-1214793,1.1795
mp-1214784,1.0029
mp-8140,4.576
mp-14367,2.0204
mp-29992,4.0652
mp-1228745,1.2237
mp-1228724,0.9137
mp-1214786,0.9146
mp-542810,1.9674
mp-558466,2.5087
mp-556705,3.7948
mp-557628,1.1714
mp-542570,1.368
mp-1214921,2.5724
mp-554706,3.7178
mp-559575,1.4197
mp-23575,1.9559
mp-23569,1.577
mp-505373,1.2345
mp-1199259,2.6125
mp-1182721,1.5961
mp-554379,2.0307
mp-27750,2.8699
mp-990238,0.1855
mp-27253,0.869
mp-947,1.9091
mp-559824,0.9414
mp-27441,1.4326
mp-17407,0.5426
mp-505366,1.6885
mp-27213,0.8891
mp-30159,1.9482
mp-32780,1.6744
mp-541656,0.8979
mp-27647,1.3606
mp-27265,0.9762
mp-942,1.5542
mp-30103,0.7042
mp-27725,2.0942
mp-560021,1.4998
mp-28192,1.7772
mp-556587,1.8191
mp-30003,1.6007
mp-2793,0.2628
mp-27199,0.6303
mp-28372,1.7274
mp-560549,1.3674
mp-644828,1.3385
mp-160,1.4334
mp-23791,6.0572
mp-27184,3.259
mp-1199051,2.5463
mp-1199941,2.5518
mp-1203795,3.4062
mp-1204048,4.1012
mp-1196917,2.4454
mp-306,6.3017
mp-662553,1.7364
mp-1203040,2.4545
mp-553930,2.9511
mp-1019509,6.6956
mp-1199451,2.5264
mp-558521,3.9418
mp-1194590,3.738
mp-1200137,5.5239
mp-1229254,2.4354
mp-1200969,3.0129
mp-1195239,2.8245
mp-560833,2.9337
mp-1238815,3.0415
mp-9747,4.2085
mp-703444,5.7604
mp-1196660,5.7298
mp-1202707,4.2014
mp-30977,3.0427
mp-706630,3.6061
mp-23623,3.4116
mp-557103,3.4978
mp-1200548,3.3111
mp-624,2.6454
mp-31064,5.6566
mp-1346,1.8564
mp-28395,2.4757
mp-1200630,4.7633
mp-29654,2.9653
mp-1182634,3.4333
mp-622018,2.9414
mp-3277,4.2615
mp-23225,3.8273
mp-557856,1.9592
mp-23184,4.7135
mp-23398,3.3471
mp-27896,8.1347
mp-1105235,3.0854
mp-707009,7.5677
mp-24160,7.8767
mp-696379,7.6573
mp-720391,7.4812
mp-696656,7.0555
mp-1196968,7.264
mp-862539,5.6634
mp-1198592,6.2786
mp-1200187,5.6963
mp-23189,2.6901
mp-604884,4.3683
mp-555207,3.0022
mp-4674,2.9979
mp-1479,1.2435
mp-567433,1.9673
mp-1201606,3.0005
mp-1201622,2.7247
mp-1195775,5.8163
mp-3589,7.2565
mp-21266,4.2593
mp-27724,2.276
mp-1202733,3.1984
mp-1201413,1.9254
mp-540668,2.5677
mp-27245,3.6835
mp-27349,4.9968
mp-1228703,2.1522
mp-1214789,1.7712
mp-561226,3.7899
mp-27286,0.9578
mp-18501,0.6733
mp-30023,5.3891
mp-14246,3.6551
mp-1228740,3.0544
mp-28505,1.5444
mp-14501,0.1901
mp-1105233,2.7763
mp-28719,2.4882
mp-558168,1.5159
mp-9297,1.1785
mp-1203559,5.8133
mp-2647015,5.6574
mp-540659,4.5867
mp-30126,2.7453
mp-570823,1.7096
mp-12927,1.179
mp-1228976,1.2751
mp-1190125,3.2254
mp-554626,4.1953
mp-8281,0.1576
mp-8279,0.6836
mp-1190390,5.4454
mp-7374,1.3863
mp-5970,0.9028
mp-1193410,1.7407
mp-1193797,1.3765
mp-17927,1.2938
mp-1192439,1.7213
mp-1192805,1.3665
mp-17928,1.3108
mp-568396,0.9257
mp-19154,1.7418
mp-1183302,1.3062
mp-1228877,3.022
mp-1105728,1.4277
mp-849286,2.9088
mp-29938,0.0277
mp-7841,1.8578
mp-38117,0.5291
mp-1194410,1.2255
mp-1182773,0.7582
mp-27810,0.0286
mp-27809,0.5134
mp-626268,3.904
mp-626973,4.577
mp-1193583,1.7307
mp-17273,0.785
mp-30991,3.5436
mp-1105940,0.2509
mp-21943,2.2042
mp-21766,1.572
mp-21183,0.9642
mp-984052,1.7477
mp-1192674,1.3795
mp-1192634,0.7893
mp-8280,1.0689
mp-29209,0.3968
mp-8278,1.1366
mp-9567,0.8466
mp-1029505,0.0433
mp-4396,3.6327
mp-1029502,2.1524
mp-866306,1.6426
mp-1104130,0.191
mp-2983,3.9903
mp-559939,5.6525
mp-28967,0.7792
mp-9127,2.8606
mp-28129,1.5472
mp-4727,1.1027
mp-17501,0.5093
mp-567771,3.2602
mp-1194376,1.759
mp-1193757,1.4344
mp-17786,0.7957
mp-1029616,2.658
mp-1193223,1.7379
mp-17153,1.2848
mp-1193579,1.7439
mp-1193169,1.3804
mp-18196,1.3203
mp-1029918,1.5624
mp-29036,1.7564
mp-1193099,1.4872
mp-17872,1.2935
mp-7427,0.2974
mp-1228784,1.1259
mp-16990,3.1879
mp-1195112,4.4927
mp-1229338,2.4046
mp-555356,2.1902
mp-1197065,0.727
mp-530714,0.7924
mp-620609,0.2641
mp-30001,1.777
mp-1197806,1.5112
mp-561249,2.2494
mp-555188,2.2422
mp-1229199,0.0062
mp-557741,2.2625
mp-560146,2.2238
mp-644875,0.2213
mp-1215155,0.3222
mp-684034,0.7314
mp-561318,0.8434
mp-698114,3.0237
mp-556282,2.0183
mp-1194732,3.335
mp-28134,1.6149
mp-28348,1.155
mp-757280,3.1926
mp-861937,0.5211
mp-1196038,5.657
mp-1198263,5.0476
mp-557352,2.7611
mp-9122,0.0049
mp-697657,5.6369
mp-30983,5.5138
mp-1195714,4.1792
mp-24390,5.4321
mp-9789,3.0848
mp-11007,2.1335
mp-20463,3.4559
mp-771691,1.7853
mp-7922,2.1062
mp-1044742,1.2495
mp-1227113,4.2872
mp-8255,2.643
mp-866312,3.1878
mp-989606,1.8813
mp-1672,2.3819
mp-556040,4.7193
mp-1019581,5.0004
mp-4406,5.9508
mp-504882,1.7818
mp-780667,4.6984
mp-4056,3.458
mp-39167,4.921
mp-1415,2.0728
mp-27845,3.5053
mp-557997,4.2602
mp-1095230,3.2683
mp-556884,4.3691
mp-1198120,6.5429
mp-568965,3.5088
mp-4429,4.8413
mp-1227140,3.582
mp-14398,3.7069
mp-2713880,1.7
mp-984716,3.5904
mp-4782,5.418
mp-1029633,1.3787
mp-4438,2.3301
mp-556697,2.9261
mp-694913,0.4803
mp-18229,3.4739
mp-3079,3.5438
mp-2713900,3.0697
mp-15733,3.9007
mp-558235,5.0679
mp-989638,0.474
mp-1519,1.5535
mp-5040,3.3756
mp-15511,2.0176
mp-1366217,2.895
mp-12221,2.2712
mp-2713742,2.2441
mp-709021,3.1485
mp-16831,2.7105
mp-1044314,2.413
mp-27315,4.5826
mp-17784,2.9496
mp-1044354,1.0023
mp-1029572,2.2431
mp-1043092,3.0134
mp-4019,2.3053
mp-6109,2.9855
mp-1205521,3.7234
mp-998787,4.2088
mp-556730,2.0852
mp-9360,0.1413
mp-554227,1.9468
mp-1227453,2.0258
mp-1227253,0.0593
mp-2015886,0.9085
mp-3960,2.1039
mp-1045800,2.9611
mp-27624,2.8812
mp-21541,1.5018
mp-16967,1.9174
mp-560755,3.2484
mp-1213869,1.1317
mp-1395540,3.7379
mp-19426,4.3443
mp-1213894,4.3059
mp-1227362,5.369
mp-18308,3.7872
mp-24018,2.6374
mp-554495,4.392
mp-2713932,3.8219
mp-556440,4.1721
mp-1029267,0.3938
mp-4571,3.8263
mp-1227163,2.9332
mp-1213957,5.5631
mp-1025377,1.7741
mp-7128,1.9349
mp-29169,1.7789
mp-557715,1.8309
mp-1190754,3.9565
mp-756301,1.9266
mp-772099,0.3202
mp-21333,1.8272
mp-1213982,3.7398
mp-3443,1.5793
mp-4452,2.1205
mp-3772,1.3487
mp-13949,1.0357
mp-2051619,1.7022
mp-27640,3.2739
mp-559200,1.0504
mp-22304,0.9564
mp-21374,0.8481
mp-27198,3.4581
mp-4659,3.9273
mp-8212,0.2137
mp-14100,0.8367
mp-8922,1.4136
mp-29052,2.0519
mp-1198923,1.5943
mp-541677,1.7051
mp-556653,2.0584
mp-13361,0.6981
mp-6356,1.0437
mp-3917,1.0923
mp-558011,2.9722
mp-24015,2.0958
mp-1227201,1.4033
mp-1194532,1.5836
mp-27686,2.7139
mp-29276,4.4138
mp-557910,2.3713
mp-1191189,0.3778
mp-541108,4.145
mp-4530,1.463
mp-5966,0.3998
mp-30940,1.7688
mp-13602,1.6354
mp-5560,1.4576
mp-29297,1.1749
mp-1227011,1.2626
mp-680761,2.5482
mp-27899,1.4485
mp-676464,0.8399
mp-1196945,2.6549
mp-1195436,2.0403
mp-2441,0.0018
mp-29415,1.8279
mp-1226891,1.2987
mp-13820,0.9679
mp-14243,0.5061
mp-1203526,0.9704
mp-1214272,0.8937
mp-1226936,2.7918
mp-28855,1.8997
mp-28914,1.3986
mp-29746,1.3826
mp-8921,2.9902
mp-29044,1.1306
mp-556462,2.5954
mp-23476,1.8004
mp-683967,3.4292
mp-1197203,0.8323
mp-1226771,0.6432
mp-471,0.1332
mp-557926,2.4157
mp-24302,4.0501
mp-997036,0.8955
mp-557364,5.5963
mp-559282,2.8874
mp-13603,4.1707
mp-1195051,4.3356
mp-1226996,1.5446
mp-1196929,2.0295
mp-550553,2.8427
mp-755478,0.767
mp-568722,2.8551
mp-10969,2.3076
mp-4385,2.6226
mp-22881,3.5244
mp-1213911,2.5498
mp-1227073,3.0064
mp-24430,2.5006
mp-13982,0.3885
mp-6449,0.9803
mp-1189879,0.34
mp-1087540,0.3
mp-9075,0.7327
mp-241,2.8977
mp-703231,2.8457
mp-561283,4.4534
mp-555027,1.9127
mp-4953,0.0085
mp-1245535,0.9591
mp-3668,0.6455
mp-1202629,3.6288
mp-1194602,3.4934
mp-721583,2.5187
mp-722862,3.2998
mp-24509,4.0222
mp-24356,3.5397
mp-1226730,3.5424
mp-695891,3.1149
mp-1192575,2.597
mp-644222,2.4655
mp-1226809,1.8626
mp-560904,1.3352
mp-556369,0.9506
mp-570838,0.4617
mp-567910,1.3456
mp-1227680,0.8609
mp-569454,1.0028
mp-2695851,0.3315
mp-570437,2.3382
mp-19803,0.9137
mp-19039,2.4682
mp-1213935,0.043
mp-1214259,1.3748
mp-913,1.4556
mp-1197015,4.2597
mp-556171,2.4563
mp-7904,0.6551
mp-772228,4.4704
mp-1204110,3.4223
mp-5328,1.7562
mp-1079559,1.0486
mp-1077904,2.4355
mp-37216,2.3364
mp-13984,1.7751
mp-5858,2.1901
mp-672,1.125
mp-17586,4.2148
mp-8459,2.8625
mp-1321,0.0201
mp-1198900,0.0242
mp-1070,0.5724
mp-1095493,0.6142
mp-9178,2.9054
mp-9186,3.0904
mp-761036,1.6838
mp-3078,0.4002
mp-560560,2.8901
mp-4666,1.4257
mp-3829,0.0063
mp-13907,3.8568
mp-754329,0.9762
mp-1199087,1.4445
mp-5213,0.2695
mp-406,0.5846
mp-1203009,2.0475
mp-555560,3.1894
mp-28290,3.019
mp-19387,3.2627
mp-1197724,0.0218
mp-1214275,0.2026
mp-1021508,0.2382
mp-2646929,0.3439
mp-1188930,0.2269
mp-768918,1.6159
mp-1021509,0.1467
mp-16272,0.5209
mp-1181682,0.2312
mp-23493,1.4876
mp-38564,0.3385
mp-1021505,0.283
mp-10069,0.1915
mp-5843,0.2228
mp-1019593,1.2397
mp-21947,1.0168
mp-1105726,0.0514
mp-1189811,0.0433
mp-541090,1.2671
mp-21838,1.2845
mp-1213885,0.0205
mp-1213877,0.0078
mp-1199805,0.0454
mp-1069558,0.8943
mp-662527,0.0701
mp-1195865,1.4548
mp-1196951,1.2014
mp-1105392,0.2042
mp-580802,0.2094
mp-558375,0.0071
mp-1188608,0.2721
mp-669378,0.0883
mp-542133,0.1024
mp-555409,0.1101
mp-866605,0.0197
mp-1204612,0.0081
mp-1105809,0.0143
mp-676287,0.1028
mp-560230,2.2186
mp-1193745,1.4955
mp-10478,0.0256
mp-1203793,0.4503
mp-20882,0.0587
mp-20288,0.0799
mp-582011,0.0111
mp-1226908,0.2008
mp-2038579,0.9484
mp-542001,2.1473
mp-1213799,0.1023
mp-1213837,0.3565
mp-1545417,0.7359
mp-1213931,0.29
mp-532680,1.7034
mp-15387,0.2531
mp-1214541,3.928
mp-1214605,3.5896
mp-555481,3.7436
mp-1229259,1.9389
mp-1214682,3.4319
mp-1215063,2.1756
mp-1214608,3.3986
mp-1214596,3.5531
mp-1228690,2.3962
mp-16928,2.9903
mp-1214530,3.8538
mp-1214574,3.4879
mp-697671,2.9959
mp-1228107,2.8883
mp-554687,0.353
mp-1214806,1.00E-04
mp-542399,0.3858
mp-556637,3.0126
mp-1228103,2.88
mp-774691,0.3806
mp-560889,4.4294
mp-1214895,0.0001
mp-1214664,3.0539
mp-19501,0.4145
mp-1214658,3.2163
mp-569168,0.602
mp-583297,2.3692
mp-1214526,3.9421
mp-1228695,2.3557
mp-1214555,3.6495
mp-1228132,1.1591
mp-1228608,2.369
mp-1214591,3.658
mp-570423,1.0187
mp-554949,0.1228
mp-16094,0.0432
mp-1214532,3.9419
mp-1214554,3.6226
mp-1196224,1.00E-04
mp-1204773,1.3643
mp-1214513,3.9253
mp-1214551,3.5957
mp-1197646,3.0197
mp-677246,2.6892
mp-1228124,2.0101
mp-555781,0.6965
mp-1214515,3.8885
mp-1214558,3.5153
mp-1228593,1.9671
mp-1214519,3.9211
mp-1196872,1.2093
mp-1198058,2.4647
mp-1214542,3.6041
mp-16663,2.6243
mp-569635,3.5151
mp-667379,4.2524
mp-562764,2.5225
mp-583221,2.1858
mp-560912,2.1808
mp-556409,0.7955
mp-707874,1.4921
mp-22484,2.1105
mp-559325,2.4207
mp-1228681,2.0781
mp-1019529,4.4373
mp-561502,2.308
mp-865213,0.5652
mp-667498,1.937
mp-561045,1.8772
mp-1228663,0.3669
mp-694888,0.8045
mp-34034,1.3088
mp-1104424,0.637
mp-561455,1.688
mp-1228480,0.0287
mp-1200444,0.2589
mp-1195594,2.0442
mp-1195367,0.3533
mp-667372,3.0097
mp-28788,1.8544
mp-1228537,2.4091
mp-560022,1.8099
mp-1195654,0.4032
mp-10070,3.244
mp-7394,0.5961
mp-569790,0.035
mp-555166,0.3679
mp-569114,0.0654
mp-9899,0.1217
mp-1086652,1.4324
mp-1205316,0.0415
mp-1190401,1.4229
mp-1079647,1.2693
mp-16742,1.511
mp-556178,4.0798
mp-6091,4.8197
mp-9844,4.6477
mp-4202,4.1027
mp-12885,3.4109
mp-1019531,3.5521
mp-1196877,3.2499
mp-8258,3.1571
mp-1195235,5.3921
mp-558491,6.0642
mp-4376,7.2887
mp-1207108,0.7493
mp-644097,2.7537
mp-1227994,4.0159
mp-571093,0.7093
mp-31243,0.4145
mp-1214710,3.9883
mp-1214472,2.6011
mp-23810,3.93
mp-1190864,1.7853
mp-558430,8.0511
mp-1019539,6.4104
mp-1195214,3.3759
mp-27692,5.3277
mp-1202880,5.6377
mp-27794,5.7813
mp-1198994,5.0288
mp-9784,3.5436
mp-1103527,5.9817
mp-1199844,7.2843
mp-6040,5.495
mp-866301,2.3423
mp-555070,5.3821
mp-1227988,5.1229
mp-12797,5.5695
mp-12431,7.5555
mp-754604,6.0515
mp-550751,4.6114
mp-560550,3.4493
mp-642792,3.0997
mp-554084,3.4276
mp-559186,3.5528
mp-1206552,3.0691
mp-552806,3.1774
mp-1041349,0.3525
mp-2767120,2.5411
mp-551243,2.947
mp-1228172,2.2193
mp-27365,0.9944
mp-27456,4.3731
mp-1012551,4.6793
mp-23070,4.8824
mp-1195678,4.5717
mp-1029375,2.8508
mp-5504,4.3974
mp-561446,3.0678
mp-556122,5.7286
mp-6404,4.172
mp-1214597,2.5789
mp-606338,0.2914
mp-569603,0.2188
mp-18065,7.1873
mp-1019542,4.4673
mp-560577,3.7209
mp-8416,6.0128
mp-16252,0.1813
mp-1519241,1.9504
mp-733968,5.327
mp-1102214,0.2152
mp-16253,0.1767
mp-11265,0.2437
mp-540736,4.5835
mp-1190335,2.5654
mp-1095151,0.9586
mp-621924,4.4668
mp-13831,2.6727
mp-7899,0.9747
mp-6695,3.5826
mp-1078693,0.2897
mp-12306,2.1964
mp-4887,0.6481
mp-3187,2.2207
mp-568662,5.4291
mp-23432,5.4317
mp-1194023,2.2841
mp-19203,0.0448
mp-19086,0.3967
mp-19278,2.4182
mp-19518,3.4476
mp-1192170,3.1307
mp-541137,2.2386
mp-572430,2.6252
mp-541031,3.5561
mp-1029770,0.0102
mp-18571,2.9695
mp-19110,0.0343
mp-9639,0.3659
mp-17947,0.9736
mp-17252,0.3567
mp-17954,0.3843
mp-12364,0.453
mp-27424,0.0308
mp-6571,0.6805
mp-9195,1.4265
mp-1194284,3.5607
mp-9503,0.5186
mp-12803,7.215
mp-1193827,3.6265
mp-1195744,4.8348
mp-1195598,4.782
mp-14969,1.1575
mp-1029,6.6029
mp-1080821,0.7896
mp-1190858,1.7887
mp-1103865,2.1328
mp-561035,1.8294
mp-561063,1.6729
mp-1215009,1.3233
mp-1194498,1.1157
mp-14999,3.7113
mp-1214449,2.2199
mp-540585,3.2465
mp-6759,4.1576
mp-560870,3.9842
mp-1227983,2.7663
mp-1227993,3.0907
mp-769971,2.5768
mp-4309,2.58
mp-1194652,4.976
mp-10509,4.9696
mp-541629,5.7568
mp-1018095,0.0661
mp-1540000,3.1292
mp-1008506,0.4792
mp-1018094,0.0524
mp-17143,2.8146
mp-505438,0.0275
mp-1202710,2.9688
mp-1197749,0.1458
mp-1102297,1.0862
mp-20157,0.8826
mp-1095273,0.5031
mp-1095485,4.1615
mp-1019548,4.003
mp-2139,0.5255
mp-28710,2.278
mp-3848,3.0551
mp-1029679,2.1552
mp-14006,5.6043
mp-1029743,2.4971
mp-13863,3.5519
mp-1192417,3.4303
mp-1195469,2.4497
mp-23715,2.8697
mp-23904,4.2591
mp-642844,4.7616
mp-642834,4.9758
mp-557810,7.5719
mp-28587,5.107
mp-24424,3.2113
mp-643036,4.2077
mp-23861,3.4827
mp-24565,4.8576
mp-23862,2.8111
mp-643384,3.9362
mp-1105495,4.7103
mp-545548,4.9273
mp-1194160,4.6887
mp-1214420,7.1232
mp-10322,1.2537
mp-998552,3.5394
mp-1105549,1.2524
mp-555736,1.611
mp-1190454,1.4956
mp-3915,2.2727
mp-560702,0.3504
mp-28007,1.1569
mp-17363,3.2256
mp-1195686,4.7704
mp-23260,3.4525
mp-1214491,3.5423
mp-22951,4.0263
mp-1205018,4.0048
mp-1228148,1.3409
mp-1214395,4.7954
mp-555699,0.8373
mp-1201929,0.6453
mp-1228069,2.7289
mp-752656,3.1295
mp-8809,2.4067
mp-1197417,3.6458
mp-559703,3.2436
mp-1203123,3.3342
mp-16452,1.4565
mp-18079,1.0948
mp-541430,1.2053
mp-17063,0.8131
mp-17672,5.7835
mp-557892,2.8597
mp-1103771,2.7197
mp-558310,4.3955
mp-558083,2.9428
mp-543044,7.4521
mp-10616,0.5928
mp-6499,4.489
mp-554076,2.1532
mp-560949,3.9628
mp-23818,2.2146
mp-13277,0.9631
mp-10485,0.6947
mp-1214962,7.3128
mp-1194557,4.8305
mp-643264,1.4471
mp-643451,1.9107
mp-1019549,4.558
mp-19084,3.5789
mp-1198065,4.1903
mp-1041212,0.2498
mp-1047848,4.7534
mp-18343,5.5594
mp-1047850,2.529
mp-1196057,2.6464
mp-19507,2.2123
mp-1215056,4.3486
mp-1228782,0.7729
mp-1194843,2.1098
mp-540958,2.639
mp-18840,0.8953
mp-1195656,0.9484
mp-18703,3.984
mp-1194882,2.4601
mp-1204333,0.9066
mp-1542939,1.7042
mp-16802,3.9317
mp-555338,3.0078
mp-555195,1.8697
mp-554548,2.5898
mp-19276,3.7927
mp-1247744,0.0879
mp-17864,5.6048
mp-13755,5.6086
mp-6875,4.7346
mp-861906,5.0412
mp-559586,4.8226
mp-1228057,3.4488
mp-693753,5.0573
mp-15515,7.1482
mp-1019554,5.1816
mp-6660,3.6487
mp-31235,0.2355
mp-542264,0.2496
mp-556890,3.5815
mp-1214564,4.3208
mp-1214635,4.059
mp-1214538,6.093
mp-1182061,3.2231
mp-1019555,5.3099
mp-14353,3.7869
mp-559384,4.6624
mp-9732,0.8555
mp-866302,4.8274
mp-1227883,4.6009
mp-1182298,3.8128
mp-1214563,2.5539
mp-1227892,1.5001
mp-560732,6.0616
mp-705895,2.4458
mp-2032699,3.016
mp-28150,2.6146
mp-1188841,2.1233
mp-1192672,2.6409
mp-757688,0.3251
mp-560794,2.8368
mp-1195589,0.3689
mp-17836,3.8755
mp-19118,1.4059
mp-18763,1.9985
mp-2892,3.0973
mp-8514,2.2191
mp-556525,2.5077
mp-1198101,3.5251
mp-19388,2.8416
mp-555321,4.6572
mp-613910,0.4727
mp-19138,1.4692
mp-1214404,3.3322
mp-1190517,1.4587
mp-1214391,0.5108
mp-1342,2.0906
mp-1105,2.2352
mp-1105095,0.5586
mp-642646,5.2848
mp-706400,5.801
mp-581294,2.7025
mp-505234,4.3622
mp-1214414,0.716
mp-7808,0.5735
mp-28373,0.1292
mp-779518,5.3808
mp-1197491,5.25
mp-1227860,0.2956
mp-11006,3.1164
mp-11008,2.1651
mp-1214389,2.0029
mp-19799,2.8927
mp-22230,0.1993
mp-1106270,1.9058
mp-1205352,1.6511
mp-12623,1.4527
mp-4009,0.3649
mp-1194578,0.3729
mp-18802,2.1674
mp-17412,3.0759
mp-9759,2.1389
mp-1195909,3.5433
mp-1214381,0.5658
mp-558588,1.3649
mp-695984,3.9279
mp-1214641,0.4154
mp-28911,3.8349
mp-989637,1.7855
mp-1194442,1.2393
mp-733954,0.8959
mp-1500,2.1488
mp-684,1.5982
mp-239,1.3913
mp-1019557,4.6756
mp-3164,5.9507
mp-861962,4.3938
mp-556539,2.5745
mp-545500,2.881
mp-18099,4.7525
mp-18291,0.6207
mp-3564,3.9283
mp-1194834,4.758
mp-554796,1.4794
mp-1103664,0.8353
mp-1253,1.9488
mp-7547,0.6166
mp-28536,3.3889
mp-7548,0.926
mp-6989,3.8866
mp-12010,3.7215
mp-1201400,5.2901
mp-1477,0.7813
mp-555387,5.5233
mp-6764,3.0102
mp-3031,4.7582
mp-18502,3.7306
mp-557414,4.2279
mp-29703,3.9124
mp-1190822,0.1793
mp-5588,7.4159
mp-3777,2.9202
mp-776084,4.6708
mp-722278,5.7483
mp-19248,1.4676
mp-17960,3.1846
mp-8515,2.032
mp-1200892,3.534
mp-15073,4.296
mp-540635,2.7866
mp-1195130,3.656
mp-1102308,3.7035
mp-696946,2.102
mp-27802,1.5695
mp-1103397,3.6599
mp-8290,4.9883
mp-555954,1.8593
mp-3163,0.3724
mp-12181,1.638
mp-567486,4.2656
mp-1019558,4.759
mp-1227831,0.0437
mp-559427,2.0784
mp-1227545,1.233
mp-1522133,3.6367
mp-1519366,3.6275
mp-559151,2.1929
mp-1227604,2.9332
mp-1516562,1.7909
mp-561103,2.1161
mp-559835,5.3839
mp-18258,3.2062
mp-1000,1.593
mp-2150,0.1253
mp-29177,4.8686
mp-8234,0.8198
mp-1195016,3.1536
mp-5431,2.7149
mp-754967,2.1894
mp-27499,1.9088
mp-1192105,5.0577
mp-1195483,1.736
mp-1206598,0.4358
mp-1189614,4.047
mp-1214314,2.4211
mp-1227524,2.7339
mp-1214296,2.5924
mp-1198551,2.7332
mp-6661,3.0661
mp-558159,2.8033
mp-1195143,0.2743
mp-8291,4.3236
mp-5777,2.293
mp-16915,3.34
mp-754897,0.82
mp-541006,3.5439
mp-7693,7.2347
mp-1227825,1.9807
mp-574430,0.1999
mp-5611,2.1144
mp-1203857,2.1124
mp-1194611,0.1817
mp-560110,1.9643
mp-19458,0.8558
mp-18723,0.0162
mp-557348,2.0462
mp-1205427,2.5876
mp-18929,2.878
mp-556790,2.6938
mp-17264,2.6697
mp-1214298,2.5315
mp-559481,2.3925
mp-559899,0.0124
mp-556379,2.7946
mp-18520,2.469
mp-1047908,2.5205
mp-1047945,3.2735
mp-989622,1.505
mp-19048,4.8822
mp-768240,7.1307
mp-3952,3.2515
mp-560478,4.8161
mp-6647,1.3282
mp-10337,0.7675
mp-1103275,1.1779
mp-1101801,0.9653
mp-10336,0.5314
mp-752675,7.2652
mp-1195207,1.7746
mp-11670,2.7321
mp-1192369,2.2037
mp-1214224,0.7876
mp-1205399,3.7891
mp-15739,3.1532
mp-6089,4.0373
mp-560441,3.3014
mp-1041309,0.3827
mp-1079320,0.2471
mp-11166,4.7744
mp-23373,4.6302
mp-1041302,0.7594
mp-3881,4.5489
mp-1047902,3.8518
mp-4236,2.2724
mp-14345,4.3419
mp-548469,2.2367
mp-13593,2.2711
mp-1191811,1.6684
mp-1214231,3.5173
mp-559348,4.1173
mp-556139,4.1588
mp-1214228,4.6556
mp-505400,5.7564
mp-560308,4.3446
mp-556738,6.3299
mp-3104,0.9972
mp-1019544,3.1163
mp-540771,0.99
mp-998427,0.3726
mp-27344,6.1903
mp-757917,2.8899
mp-28018,3.3217
mp-1019545,4.0393
mp-27588,6.0368
mp-1200275,4.3533
mp-1227442,5.6261
mp-23883,6.1491
mp-554023,6.3476
mp-1569,1.1637
mp-1215013,0.663
mp-1198491,4.9841
mp-1198968,4.5437
mp-3347,5.8262
mp-1214242,2.4553
mp-24570,3.9653
mp-17493,0.9984
mp-16793,2.4994
mp-17167,3.125
mp-1197819,4.2986
mp-18337,3.3145
mp-567841,0.8891
mp-24674,5.8582
mp-1214337,5.4318
mp-6856,4.2033
mp-30142,3.592
mp-707304,5.7392
mp-27608,1.2807
mp-1072399,0.0953
mp-15919,2.8716
mp-3081,6.1177
mp-30139,5.1804
mp-1189451,5.5087
mp-570974,6.5139
mp-1193887,2.8371
mp-561543,8.0368
mp-1009088,0.6523
mp-1019550,3.3941
mp-1013527,0.9023
mp-1203786,4.5575
mp-2911751,5.3928
mp-1195480,5.2492
mp-723109,3.3177
mp-768203,5.326
mp-757836,4.7645
mp-1200927,5.8694
mp-23776,5.6128
mp-734194,3.8892
mp-24614,6.801
mp-706913,3.4834
mp-23996,5.2009
mp-708961,4.1041
mp-30140,4.1443
mp-2542,7.4639
mp-27148,0.8362
mp-695815,6.0155
mp-24473,5.0827
mp-422,3.1453
mp-5046,6.9502
mp-1541,2.6637
mp-1009087,1.0226
mp-7913,5.1459
mp-1009085,1.1502
mp-1009084,0.6937
mp-252,2.0173
mp-3733,4.4341
mp-1227475,3.6851
mp-1227516,4.0851
mp-554718,3.8586
mp-31259,3.0259
mp-679989,2.1333
mp-27135,4.6172
mp-569822,1.9545
mp-558215,2.6912
mp-691119,2.6318
mp-759924,2.7067
mp-685318,2.2346
mp-23388,2.717
mp-28975,1.3635
mp-629690,0.5275
mp-1200203,4.0708
mp-1195213,4.177
mp-29833,3.4553
mp-560085,2.1764
mp-557090,1.2285
mp-556210,2.4506
mp-1016214,2.786
mp-1204764,3.0737
mp-556586,2.88
mp-1200193,2.8105
mp-23064,2.1293
mp-23262,2.1945
mp-28541,4.5172
mp-675543,0.4549
mp-29259,0.4982
mp-23341,0.7805
mp-1078366,0.9401
mp-22856,1.3618
mp-27891,0.8266
mp-541837,0.3769
mp-1193554,3.2263
mp-505564,1.0179
mp-552098,0.3687
mp-29839,2.8422
mp-667426,2.5612
mp-27910,0.4368
mp-29666,0.5442
mp-34202,0.3388
mp-28990,2.829
mp-30097,0.8311
mp-771158,4.2362
mp-30105,1.333
mp-1214841,5.3458
mp-555742,5.2433
mp-1198110,4.7874
mp-1194549,4.2337
mp-568923,2.7533
mp-28670,2.0129
mp-1104988,1.4193
mp-862947,0.4228
mp-23127,1.6958
mp-1079891,3.2683
mp-1018098,1.1377
mp-8271,4.9616
mp-549737,4.0805
mp-17380,1.4866
mp-1354389,0.3508
mp-1214730,0.9278
mp-540862,7.2303
mp-1045850,1.2563
mp-1214724,1.2483
mp-1214858,2.4127
mp-19403,2.258
mp-758007,5.6834
mp-1520564,2.01
mp-1019518,5.0218
mp-550685,2.9976
mp-557448,2.1948
mp-1203415,2.5605
mp-581167,0.1441
mp-1214736,1.0214
mp-19098,3.2912
mp-1190588,4.3316
mp-1102943,2.8219
mp-1079666,0.3903
mp-1214739,2.9166
mp-1207118,2.5376
mp-1199629,4.4355
mp-18309,2.0892
mp-2899768,1.1212
mp-42307,0.2032
mp-6850,0.0766
mp-1205643,0.0162
mp-1228392,2.3054
mp-21879,1.4204
mp-1521094,2.1444
mp-1190827,2.124
mp-16887,0.3179
mp-562762,1.448
mp-510015,3.1381
mp-17520,1.9087
mp-558012,1.1062
mp-9372,0.2585
mp-772788,0.711
mp-1199575,0.4324
mp-552934,2.3073
mp-551456,2.3029
mp-3879,0.8501
mp-561179,2.2608
mp-1045817,1.4195
mp-1516815,1.7331
mp-1214746,4.8933
mp-12640,2.8514
mp-1205636,3.4628
mp-6192,3.4688
mp-1206435,3.3837
mp-1205693,0.8683
mp-651358,4.9505
mp-6653,2.8542
mp-1205790,3.4587
mp-6621,0.0716
mp-6231,3.3776
mp-1205803,3.3934
mp-1206292,0.879
mp-1205758,0.0479
mp-735530,2.5383
mp-1288978,0.9037
mp-542120,1.9954
mp-18421,2.8977
mp-1195309,1.8703
mp-1201906,2.391
mp-1203584,1.7506
mp-1199702,1.8917
mp-1203806,2.3967
mp-1203387,1.8067
mp-1202971,0.1225
mp-1520715,1.5941
mp-8986,0.4026
mp-29084,1.5615
mp-1079839,0.9083
mp-22531,2.71
mp-1205929,3.1597
mp-2646935,0.1467
mp-753668,3.4839
mp-1205549,3.3076
mp-1205845,0.8429
mp-570803,0.8477
mp-18335,1.4401
mp-17885,0.6241
mp-1190188,0.2013
mp-8195,0.5786
mp-780263,3.7979
mp-8194,0.6809
mp-540805,2.2853
mp-11902,1.4121
mp-1195529,1.5874
mp-1018651,2.2391
mp-697044,1.9655
mp-643253,1.7589
mp-697038,1.8699
mp-1200998,2.4355
mp-754363,3.437
mp-9321,0.8648
mp-1194545,1.6693
mp-558195,4.0845
mp-1214684,4.9186
mp-12641,2.8516
mp-1205699,3.4556
mp-6609,0.076
mp-6687,3.4155
mp-13000,3.448
mp-1205585,0.8732
mp-551835,3.0441
mp-20546,0.919
mp-22841,1.8679
mp-1194952,2.892
mp-1523085,0.208
mp-864638,1.4529
mp-1105202,1.061
mp-555212,1.8237
mp-558243,1.9145
mp-1228360,1.1108
mp-1106089,1.4145
mp-19956,2.0467
mp-1207040,0.4224
mp-616601,0.3628
mp-1206536,0.524
mp-1189339,0.768
mp-686674,4.1088
mp-553874,1.4647
mp-1078409,1.8278
mp-18111,3.9314
mp-553281,3.0639
mp-1205623,3.3736
mp-12911,0.2437
mp-551269,3.8961
mp-13055,3.6213
mp-6075,5.1407
mp-573677,2.397
mp-1197768,4.1281
mp-17491,0.0776
mp-10555,1.7902
mp-6270,1.8198
mp-15521,0.0921
mp-1228639,2.1046
mp-1078394,1.4518
mp-12644,2.8479
mp-6145,0.0556
mp-1078185,3.2383
mp-1079705,3.4089
mp-1206047,2.0388
mp-9259,4.5324
mp-14558,4.8917
mp-733604,3.161
mp-1190545,3.6256
mp-643370,2.8864
mp-1205825,2.2648
mp-9338,4.4529
mp-13811,2.0335
mp-18986,3.2231
mp-558651,2.7135
mp-18990,3.9788
mp-19487,3.922
mp-1045769,1.1457
mp-558695,1.9934
mp-560955,0.9861
mp-1192147,2.4343
mp-20399,1.2654
mp-27443,1.4139
mp-558848,1.4733
mp-16905,0.8252
mp-18992,0.9486
mp-1192656,0.9106
mp-19085,2.2267
mp-1018099,1.1077
mp-1204071,7.1081
mp-1102325,1.2453
mp-1091394,2.2417
mp-6798,1.8688
mp-557108,3.0541
mp-16998,2.1563
mp-31627,1.5824
mp-1021504,1.455
mp-20620,3.3486
mp-17024,1.9548
mp-1228528,2.9847
mp-1205833,0.8889
mp-561462,5.0462
mp-546321,1.683
mp-6167,2.9873
mp-1205708,3.4662
mp-6200,0.1501
mp-6122,3.7321
mp-1205600,3.4981
mp-1205576,0.898
mp-1519207,1.7938
mp-19491,4.0996
mp-552567,2.3514
mp-504723,3.3409
mp-1019530,5.3745
mp-1105535,1.6528
mp-1188687,1.7663
mp-27869,1.2602
mp-1205080,4.378
mp-21246,0.0288
mp-20098,1.2232
mp-29794,1.7554
mp-1214573,1.76
mp-10344,2.9791
mp-1206062,3.4661
mp-6183,0.1636
mp-6692,3.712
mp-1205686,3.4861
mp-1207268,0.438
mp-1207069,0.6585
mp-14406,1.3385
mp-765493,2.5904
mp-16922,0.3248
mp-755950,2.8514
mp-1228350,2.0282
mp-1206644,2.5719
mp-1228342,3.5461
mp-1206567,3.3981
mp-1205823,3.0173
mp-9867,0.0511
mp-29222,4.8327
mp-9711,2.8816
mp-17612,4.6319
mp-5838,3.0012
mp-14447,2.2784
mp-14448,1.1029
mp-1520422,2.4961
mp-1189376,1.708
mp-1095110,0.9085
mp-1520939,2.9075
mp-1080470,0.0705
mp-1205602,3.4592
mp-6037,3.6054
mp-1214622,3.3634
mp-1207130,0.8489
mp-1517191,1.7704
mp-867912,0.0374
mp-3359,2.4422
mp-17918,2.4412
mp-541832,1.9551
mp-17805,2.0002
mp-1192595,1.2646
mp-31307,1.0872
mp-1523293,2.3123
mp-13356,3.1292
mp-14552,2.2855
mp-18764,3.2504
mp-770239,2.9471
mp-6238,2.8259
mp-545544,2.5363
mp-31630,2.2009
mp-1205671,1.8623
mp-1079630,3.9459
mp-17400,2.0155
mp-1205650,2.241
mp-552191,1.7302
mp-6254,2.9923
mp-1206245,3.4649
mp-6265,3.5072
mp-1207064,3.5128
mp-1214561,1.6795
mp-1078191,1.783
mp-560742,3.4372
mp-1189897,1.3091
mp-6289,3.7129
mp-6081,3.7274
mp-3397,4.144
mp-17908,2.0968
mp-757586,2.4953
mp-18327,0.6504
mp-1214714,3.126
mp-12642,2.8502
mp-1206036,3.4494
mp-12729,0.0645
mp-1206029,3.4065
mp-1196334,2.2615
mp-1192547,2.1977
mp-583034,0.5051
mp-1079615,1.8464
mp-1205611,0.9357
mp-504699,0.5156
mp-19852,0.0613
mp-19093,1.6246
mp-1078725,1.7863
mp-19179,2.6343
mp-1228885,0.7418
mp-1192499,2.2895
mp-19474,3.4599
mp-559941,3.0455
mp-1192628,1.9502
mp-728780,0.376
mp-558221,2.9086
mp-1214695,0.6976
mp-17696,1.3876
mp-19096,1.5455
mp-554810,2.5501
mp-28403,3.1569
mp-1104423,1.3658
mp-866310,4.0621
mp-1523166,1.7585
mp-8985,5.2748
mp-1205054,1.5617
mp-1204162,2.8847
mp-7251,2.8514
mp-1078303,0.0551
mp-1205895,3.492
mp-6428,0.0903
mp-6492,3.5377
mp-12385,3.4639
mp-1205713,0.8652
mp-1520624,1.7928
mp-1205934,2.2435
mp-1205759,2.1684
mp-559138,3.3328
mp-1195039,4.1025
mp-541827,4.0505
mp-1078636,0.6404
mp-1079130,0.0824
mp-1190949,3.1063
mp-17244,2.1081
mp-1206097,2.3852
mp-9307,0.4771
mp-17911,2.6704
mp-5587,2.0208
mp-1079149,0.2922
mp-558629,4.0027
mp-1078410,0.4444
mp-548615,3.3679
mp-568105,1.0883
mp-5900,5.9376
mp-8335,2.9788
mp-1228067,3.6894
mp-1202519,1.0493
mp-17133,1.5662
mp-1202948,1.2822
mp-9783,3.906
mp-30905,2.5859
mp-755417,4.4465
mp-29302,2.6782
mp-643047,3.1535
mp-19913,1.1092
mp-1228324,0.7004
mp-3857,5.1422
mp-554255,2.5336
mp-31238,2.9311
mp-27887,0.4053
mp-11692,0.8265
mp-17470,0.8515
mp-601867,0.9956
mp-29354,1.108
mp-1201953,4.9709
mp-3361,6.7238
mp-1203016,1.2936
mp-1196964,1.4661
mp-1192376,0.6838
mp-707218,4.0379
mp-1192373,0.6701
mp-18439,0.5551
mp-524,1.2631
mp-1200496,3.7561
mp-1194742,3.2581
mp-1195317,3.3652
mp-1199009,5.0891
mp-1195844,5.2435
mp-9793,1.5233
mp-9712,1.4667
mp-556855,3.6287
mp-555231,3.8047
mp-1228299,0.4466
mp-556407,2.1188
mp-669415,0.8085
mp-1228361,0.0643
mp-567666,0.6466
mp-1019520,1.565
mp-1228693,2.2313
mp-1228277,0.2504
mp-1214569,2.646
mp-554817,3.1711
mp-1228141,3.1979
mp-861914,0.7977
mp-1228226,2.5517
mp-1281162,1.1478
mp-2760769,0.3043
mp-1214848,3.8533
mp-560798,2.419
mp-1228336,1.3959
mp-1228348,2.2084
mp-1214885,3.8599
mp-560534,2.4204
mp-1228244,2.063
mp-556259,0.0215
mp-556428,2.4063
mp-560330,2.4471
mp-1228445,1.7013
mp-1228376,1.5159
mp-1228512,4.0495
mp-1229265,4.7953
mp-1196108,1.2456
mp-771132,3.0829
mp-1195592,0.6858
mp-1029573,0.3619
mp-541715,0.601
mp-1204726,3.0328
mp-1198976,3.1691
mp-28296,0.3414
mp-684036,1.4044
mp-1194165,4.1759
mp-17833,0.153
mp-778602,3.2649
mp-1200759,2.0632
mp-754128,3.5653
mp-1228378,2.4647
mp-14384,3.8222
mp-559171,2.4239
mp-1228250,2.1402
mp-866313,3.4937
mp-740719,3.2724
mp-1200796,3.7254
mp-28274,4.5144
mp-1228643,1.8273
mp-20352,0.5984
mp-1195167,4.7116
mp-1228476,2.6734
mp-620346,0.5236
mp-1214916,0.0164
mp-1106080,0.6643
mp-1029626,0.0112
mp-581361,3.9065
mp-14386,3.8606
mp-1228133,1.8983
mp-542832,3.1681
mp-6474,2.648
mp-16978,2.6494
mp-6325,3.2733
mp-1228058,2.8443
mp-19188,1.6909
mp-20921,1.7738
mp-17341,1.5103
mp-554339,2.3915
mp-8863,1.9188
mp-558077,3.5814
mp-1214668,0.0071
mp-556316,1.7096
mp-1194728,3.3773
mp-8960,3.0766
mp-559502,4.6986
mp-9745,0.5281
mp-1190024,2.8068
mp-1195058,4.63
mp-8961,3.4044
mp-1019523,4.8815
mp-1214502,2.8138
mp-1214516,2.6808
mp-542201,4.4997
mp-7249,2.7287
mp-6101,2.281
mp-18177,1.255
mp-12881,3.2958
mp-1228241,0.0009
mp-1195,1.8931
mp-32606,0.2508
mp-1194911,5.1465
mp-14289,0.4839
mp-1019524,4.5498
mp-1205571,0.3789
mp-1105268,0.6266
mp-1029537,0.6312
mp-29911,0.3594
mp-1195624,1.9022
mp-1194583,0.9106
mp-555414,0.3013
mp-1214632,1.4021
mp-12814,0.4555
mp-14972,3.4727
mp-560519,4.9085
mp-1019526,5.4031
mp-985697,4.6093
mp-554885,4.372
mp-569842,0.2502
mp-755363,0.4217
mp-27805,3.0219
mp-1191360,1.9722
mp-2205007,2.4833
mp-770846,1.8207
mp-556291,2.3703
mp-1214717,2.5002
mp-1228149,4.283
mp-1228234,0.9889
mp-1228054,1.985
mp-540949,3.0998
mp-555078,3.1456
mp-1228191,3.9167
mp-540950,4.0225
mp-554669,3.4856
mp-1214485,2.2294
mp-1214505,2.3396
mp-32310,3.3673
mp-1195068,1.202
mp-1214475,3.3488
mp-1228489,2.1932
mp-1228225,2.3532
mp-6169,3.0288
mp-1228561,2.2006
mp-18090,1.3151
mp-1190340,2.5099
mp-1195508,1.9944
mp-1214548,5.1618
mp-554264,2.4175
mp-1228418,2.3808
mp-17009,2.3816
mp-1198919,3.2962
mp-28102,3.2501
mp-1095255,0.923
mp-1228231,0.2463
mp-1214609,5.2609
mp-14385,3.8436
mp-14322,3.2767
mp-2017426,3.7874
mp-1190457,0.6431
mp-1228523,1.0145
mp-1228397,1.5562
mp-19365,3.7465
mp-1228744,2.0379
mp-505392,2.9577
mp-561403,3.1539
mp-553883,3.9374
mp-14743,2.03
mp-1228775,3.1514
mp-6310,3.8153
mp-1019527,4.5169
mp-1228052,1.569
mp-1228087,2.3881
mp-1228242,0.2155
mp-1190416,2.8907
mp-560544,1.7726
mp-543034,2.6456
mp-1019525,4.8405
mp-1214487,1.9685
mp-755895,2.6976
mp-8570,1.0058
mp-569563,1.0135
mp-757840,1.5148
mp-556896,1.8623
mp-560978,3.6788
mp-8300,0.6693
mp-1228030,0.2841
mp-38357,5.0306
mp-555218,4.1652
mp-1355181,0.9638
mp-561553,1.9704
mp-23063,4.3647
mp-1106249,1.536
mp-30198,3.4462
mp-14002,0.822
mp-14215,1.0088
mp-2755143,3.5317
mp-29909,3.9787
mp-1193666,2.0642
mp-1195568,1.6864
mp-1228129,2.3682
mp-683936,1.4214
mp-1214461,0.5661
mp-7971,1.4544
mp-1192557,0.3499
mp-1192527,0.4853
mp-15472,0.5423
mp-6011,1.843
mp-18274,2.5798
mp-16792,3.1133
mp-6665,2.0507
mp-1019517,1.6168
mp-1228584,2.4682
mp-1197784,2.9405
mp-9705,2.0441
mp-6575,3.9753
mp-559352,0.2816
mp-6273,1.5158
mp-1228581,3.6266
mp-1197875,3.8869
mp-1204585,4.673
mp-6841,0.6335
mp-1195423,3.4734
mp-1195176,4.4113
mp-558153,3.3512
mp-1193166,3.5089
mp-1228131,2.7361
mp-1022809,2.7302
mp-9837,2.3801
mp-28164,1.0411
mp-28823,0.7701
mp-1203328,6.0339
mp-782050,1.273
mp-8727,1.8104
mp-1228183,1.8907
mp-9774,0.6382
mp-801028,2.8294
mp-28238,1.1384
mp-1228084,0.5834
mp-1228167,1.8841
mp-30101,0.4322
mp-14001,1.0362
mp-14214,1.0893
mp-1196887,0.8686
mp-2755271,1.4044
mp-1229271,0.6202
mp-1228696,1.4232
mp-1228541,1.3891
mp-1228582,1.3519
mp-1228585,2.4312
mp-1228547,2.0407
mp-1196006,3.9585
mp-29298,2.5295
mp-558894,1.9973
mp-15503,1.0537
mp-15502,1.0636
mp-1229229,1.5823
mp-570453,2.2089
mp-34578,6.6616
mp-1195127,3.6828
mp-2745379,0.6019
mp-643683,0.3735
mp-1194622,2.4411
mp-1195424,0.4508
mp-28908,0.2281
mp-28926,1.4748
mp-1214930,0.0786
mp-556761,3.996
mp-1199246,3.7814
mp-1201345,3.7311
mp-3974,3.7594
mp-1214675,1.0844
mp-1214531,1.0051
mp-1200170,0.6993
mp-29082,0.1251
mp-559141,0.1062
mp-558566,2.5871
mp-1214489,2.4221
mp-1215133,0.0642
mp-1214508,2.5553
mp-1228258,1.2112
mp-557816,2.2915
mp-1228411,1.2725
mp-1228175,2.3448
mp-1214534,2.5529
mp-560883,1.7323
mp-1214575,1.8397
mp-759718,1.0239
mp-1229142,0.1436
mp-1228715,0.7117
mp-3563,2.5999
mp-19460,1.9203
mp-554501,0.6088
mp-628618,0.6003
mp-561125,4.9637
mp-558349,5.0444
mp-1228113,5.064
mp-1105231,0.9422
mp-29787,1.6295
mp-556721,2.54
mp-556647,2.5265
mp-1214601,1.9989
mp-555095,2.3065
mp-698206,0.5103
mp-558725,0.4718
mp-10089,0.2649
mp-553884,4.3819
mp-555087,4.6525
mp-19471,1.9767
mp-1228552,2.4312
mp-1228568,2.4166
mp-559378,3.5204
mp-504554,3.0865
mp-1214492,2.4931
mp-23094,4.0709
mp-1228550,3.9795
mp-1183410,1.3249
mp-1228122,2.0681
mp-1194678,2.8168
mp-23334,2.4275
mp-27251,1.2593
mp-23480,1.914
mp-1193877,1.2582
mp-866311,0.9258
mp-2756056,0.6355
mp-2755713,1.0756
mp-2741710,2.3229
mp-775485,2.5842
mp-30304,2.1686
mp-559422,0.7795
mp-23356,2.8354
mp-1196273,2.8219
mp-23544,2.6517
mp-30130,2.3625
mp-30303,0.9108
mp-541772,0.5357
mp-541771,0.165
mp-31289,2.6161
mp-1214311,2.9694
mp-554249,2.8698
mp-505697,3.3332
mp-570417,1.6125
mp-1190898,3.9069
mp-570053,1.3852
mp-680182,0.5545
mp-561068,2.8719
mp-567414,1.5926
mp-31250,3.0096
mp-556601,2.8773
mp-2913080,2.8826
mp-23072,2.2251
mp-22908,3.3934
mp-22939,2.5681
mp-23237,4.6808
mp-27743,1.8138
mp-22849,2.5349
mp-22987,1.473
mp-1191266,2.394
mp-1102836,0.689
mp-1103228,0.5346
mp-30012,2.3847
mp-557993,1.1596
mp-2767589,3.7632
mp-1227709,3.6994
mp-24348,4.9887
mp-1214465,5.0993
mp-1190564,3.7758
mp-556878,3.3519
mp-27133,1.5094
mp-1227444,1.5102
mp-23084,2.0737
mp-1227389,1.7164
mp-1103098,0.3404
mp-1101765,0.238
mp-23324,2.032
mp-23318,1.9636
mp-1227290,0.1101
mp-1237522,2.2741
mp-1227565,2.1691
mp-23018,2.4246
mp-610491,1.8404
mp-556378,3.5272
mp-33723,1.2364
mp-28944,1.5135
mp-22965,1.2325
mp-1227372,0.4608
mp-1195032,2.8005
mp-863374,2.2024
mp-1227426,0.162
mp-1525121,1.6874
mp-23154,1.3262
mp-28933,1.7587
mp-554129,1.5015
mp-1066781,1.783
mp-1524139,1.7759
mp-23297,2.211
mp-27987,3.4507
mp-29526,2.208
mp-36262,2.898
mp-3347313,1.3762
mp-28131,1.5997
mp-680422,2.9265
mp-1004532,4.5103
mp-1167,9.0653
mp-20066,6.6332
mp-1047036,0.9283
mp-570703,5.4214
mp-14422,3.4146
mp-36988,2.8458
mp-4555,3.3115
mp-28153,1.5299
mp-2898,1.6618
mp-558358,5.826
mp-10289,0.4751
mp-1196257,4.8911
mp-1190619,4.9736
mp-8056,6.2272
mp-1018630,0.6614
mp-11918,2.0774
mp-1017548,0.7359
mp-558751,2.6093
mp-7067,0.2164
mp-9570,0.8196
mp-7430,0.102
mp-768870,4.7579
mp-17544,1.6139
mp-1047437,0.6713
mp-1194059,1.5692
mp-675750,0.737
mp-1070099,0.681
mp-1078849,0.1778
mp-14423,2.7471
mp-13873,1.9225
mp-644307,2.6985
mp-23879,4.1119
mp-1194276,1.5527
mp-27535,3.5614
mp-1079772,0.4085
mp-505362,1.5804
mp-9564,1.2605
mp-29208,0.3886
mp-9565,0.7931
mp-3142,3.6398
mp-11168,0.4943
mp-5680,5.4963
mp-17998,0.8234
mp-9125,2.6943
mp-17597,1.2863
mp-1194132,1.5679
mp-18642,1.5361
mp-9571,0.3873
mp-1029258,0.6376
mp-9569,0.875
mp-1202534,3.7416
mp-1019569,3.0963
mp-1195864,5.1374
mp-686464,3.7477
mp-17516,3.7475
mp-33318,3.4332
mp-1214215,1.1766
mp-1214384,1.0841
mp-29722,0.8472
mp-1198370,0.6589
mp-720971,4.3301
mp-567799,0.5897
mp-568790,0.5974
mp-532160,0.0095
mp-677016,0.0608
mp-734733,2.9263
mp-1228644,5.077
mp-1214964,0.152
mp-1194550,0.9742
mp-1194667,0.6327
mp-1227593,4.731
mp-1196891,2.8373
mp-1198782,4.4883
mp-1200432,3.9161
mp-695316,4.1827
mp-677248,3.7769
mp-1193801,5.7775
mp-1251643,1.6104
mp-6929,3.3366
mp-557347,3.435
mp-581887,2.8687
mp-560595,3.8089
mp-28554,1.5566
mp-1019560,4.7075
mp-1204342,5.5358
mp-554056,5.1916
mp-1214176,5.2728
mp-27657,5.639
mp-706291,5.6576
mp-554263,4.5766
mp-24266,3.002
mp-23632,3.333
mp-10233,2.9265
mp-557070,3.2393
mp-23009,2.4254
mp-1095180,0.853
mp-1078908,1.2927
mp-569267,0.319
mp-552051,1.6103
mp-19161,1.2029
mp-772813,0.9862
mp-558663,0.5422
mp-22113,0.8631
mp-1205964,1.5003
mp-20431,1.4857
mp-1275487,3.0012
mp-760729,3.5382
mp-1009755,0.5756
mp-560647,3.6002
mp-540773,2.5311
mp-1207196,2.7001
mp-1079896,2.4473
mp-24119,1.6356
mp-28553,2.3485
mp-1227469,3.7082
mp-1196550,4.8269
mp-557662,5.1333
mp-1214276,3.856
mp-19324,3.6923
mp-18893,1.5014
mp-1182836,0.8662
mp-23716,2.276
mp-19108,2.1817
mp-22936,2.371
mp-685352,1.1658
mp-13979,3.011
mp-1214115,2.7637
mp-1214121,2.0871
mp-1029832,1.7836
mp-1227481,0.4993
mp-1227405,4.2566
mp-19114,2.933
mp-17922,5.7342
mp-1214153,4.0711
mp-758337,5.5089
mp-554081,5.3771
mp-23040,1.6997
mp-8977,2.6018
mp-21137,1.4813
mp-1227629,0.1934
mp-8710,1.1236
mp-16280,1.7434
mp-29284,1.6812
mp-1214125,3.1457
mp-1189528,3.6318
mp-1214081,3.7338
mp-28535,3.433
mp-1009733,0.321
mp-1214269,3.2434
mp-28922,3.3449
mp-4481,4.1994
mp-1194033,3.1115
mp-22735,0.0559
mp-866229,0.1485
mp-1029915,0.0242
mp-4747,2.7198
mp-866503,2.2605
mp-680380,3.3532
mp-1214103,2.7922
mp-1366540,1.4283
mp-1029773,1.9489
mp-1373426,0.4315
mp-1397126,2.7744
mp-27614,2.9553
mp-705890,2.0567
mp-1284741,1.4963
mp-554381,3.0979
mp-557276,3.4639
mp-17892,1.6512
mp-17019,3.6919
mp-571306,0.2778
mp-1200437,3.7221
mp-8818,0.7618
mp-667369,3.1694
mp-1205338,1.1101
mp-29820,2.1954
mp-1205337,1.2482
mp-530449,3.6559
mp-1227905,2.4714
mp-3575,4.8224
mp-571162,1.9148
mp-1189986,0.9434
mp-18504,0.7277
mp-17817,0.9508
mp-1197377,4.9116
mp-1195188,1.2361
mp-540696,0.823
mp-1194866,0.8442
mp-680302,0.0357
mp-1214222,3.5021
mp-1029921,2.5573
mp-17186,0.7301
mp-29596,2.4565
mp-18300,0.2524
mp-27294,1.6726
mp-28069,1.8439
mp-1214087,2.1921
mp-4192,0.894
mp-1182037,4.7904
mp-1214049,2.2271
mp-649453,2.1079
mp-1195197,3.946
mp-30315,0.5682
mp-699464,5.1688
mp-31149,0.3687
mp-28160,1.2768
mp-755287,2.52
mp-561911,2.9679
mp-1048585,3.3108
mp-6414,3.2477
mp-557821,3.2522
mp-6118,0.6475
mp-41109,3.8902
mp-21971,2.4715
mp-560990,1.9936
mp-6672,2.6417
mp-1019565,3.1721
mp-695070,3.0924
mp-29226,2.6393
mp-541062,0.333
mp-1029943,0.8826
mp-1332615,1.8503
mp-1214274,1.5931
mp-17193,0.1402
mp-1227961,3.0174
mp-693284,2.694
mp-1214066,0.8421
mp-15003,4.7635
mp-1214247,2.6718
mp-614572,0.9918
mp-6709,4.1362
mp-1214423,3.2916
mp-744259,1.017
mp-1047495,2.0539
mp-1232815,2.1034
mp-844,1.3497
mp-561965,2.1471
mp-29342,1.8419
mp-27272,2.217
mp-11824,0.8056
mp-1030245,0.067
mp-1214080,1.8546
mp-1013548,0.4075
mp-1013550,0.6583
mp-21989,3.6138
mp-6255,4.2109
mp-561991,2.6504
mp-540868,4.5029
mp-15095,3.5852
mp-1170750,3.077
mp-1205330,0.0566
mp-984605,0.1118
mp-560378,3.8977
mp-6853,3.9122
mp-5279,3.2598
mp-1214263,3.0907
mp-558370,2.1809
mp-9216,1.2047
mp-1214304,3.259
mp-1247754,1.3333
mp-14252,2.2601
mp-1163934,1.8973
mp-532028,3.5793
mp-9029,0.7645
mp-558558,3.9325
mp-781505,3.706
mp-669331,3.4266
mp-569617,0.0429
mp-14778,2.3035
mp-1227925,3.0066
mp-15004,4.4939
mp-1228746,0.239
mp-1227669,2.8012
mp-556889,3.713
mp-8876,3.7247
mp-1019575,4.6874
mp-15312,3.1465
mp-8789,1.2135
mp-1194887,0.6617
mp-1214670,4.933
mp-551873,0.8131
mp-2759927,2.1692
mp-5251,1.7907
mp-23326,5.2239
mp-1214050,4.4289
mp-6943,3.3154
mp-29808,1.409
mp-1029730,1.2158
mp-6076,4.3032
mp-644264,1.5845
mp-2713764,2.3518
mp-31016,3.3225
mp-1214008,4.3686
mp-5380,1.2714
mp-5263,4.7474
mp-559537,5.3711
mp-10299,1.8227
mp-13660,0.9079
mp-560163,4.8233
mp-558268,3.386
mp-1019576,1.4498
mp-1214132,1.1988
mp-6388,4.3982
mp-2713941,3.1155
mp-769317,3.9835
mp-568469,1.5392
mp-1214020,4.4498
mp-1029660,1.2411
mp-8439,0.1556
mp-1246246,0.3139
mp-17558,0.089
mp-1196062,2.5413
mp-649479,0.1562
mp-558966,2.1283
mp-571333,2.1605
mp-18670,0.2421
mp-561360,1.8087
mp-866314,2.7945
mp-1227203,3.5157
mp-1227603,3.9055
mp-557482,3.9518
mp-6632,4.2368
mp-1227157,3.1135
mp-1227139,2.703
mp-675101,0.7783
mp-555164,5.6253
mp-1105373,0.6829
mp-41472,5.1992
mp-6473,5.5148
mp-28879,1.1418
mp-17564,0.2412
mp-1227400,4.7968
mp-720394,2.8624
mp-1202595,3.7998
mp-556759,3.8686
mp-1247440,1.7936
mp-1229248,0.1482
mp-1227232,3.8007
mp-1227337,3.8751
mp-1227494,0.2065
mp-17875,0.813
mp-17577,0.7324
mp-989590,0.1323
mp-1246515,1.8433
mp-984055,3.6946
mp-567722,1.9855
mp-542863,3.5509
mp-1029474,1.8221
mp-569892,1.4955
mp-560257,2.8908
mp-555661,4.3371
mp-782047,3.6782
mp-5615,0.0207
mp-1213950,1.3007
mp-12277,0.007
mp-1227323,4.7297
mp-557689,4.8228
mp-4867,3.9994
mp-1194752,5.5902
mp-559759,4.6961
mp-966582,2.6885
mp-557180,2.6249
mp-1213993,4.8214
mp-758814,5.0448
mp-778977,4.8391
mp-1227150,4.8741
mp-28763,0.1606
mp-12146,8.4551
mp-722262,5.9041
mp-1194867,5.8113
mp-556214,5.7875
mp-23701,5.5888
mp-1192226,4.9637
mp-6772,6.0097
mp-1042415,0.0504
mp-556615,3.5287
mp-553025,3.6238
mp-1227238,1.553
mp-755893,0.6653
mp-22888,4.5304
mp-1575,2.0383
mp-1200920,3.808573
mp-4124,3.5774
mp-3953,4.9995
mp-1227329,3.3363
mp-760403,0.1892
mp-753287,0.3755
mp-1213987,3.8448
mp-1229253,0.1608
mp-1227227,0.3892
mp-1227255,1.5741
mp-571642,5.5987
mp-27546,5.6702
mp-1045787,3.2999
mp-562004,2.1672
mp-1398496,1.3308
mp-1213999,2.0128
mp-1932798,1.4544
mp-1040889,2.1309
mp-556748,3.2323
mp-557519,1.5339
mp-19215,2.3714
mp-19134,0.1076
mp-1404968,1.2139
mp-12266,0.7392
mp-14694,0.6888
mp-2741,7.1157
mp-1043513,1.6032
mp-1045812,4.4626
mp-1200109,1.2013
mp-1040941,2.0735
mp-698695,2.8707
mp-1040883,4.0021
mp-549711,0.6341
mp-542232,2.833
mp-1343599,3.3507
mp-743601,2.4914
mp-17914,2.5387
mp-557855,3.9612
mp-1227107,3.6637
mp-1018093,0.4359
mp-1227314,3.1596
mp-686296,3.2556
mp-7801,2.6622
mp-17761,3.4813
mp-23713,3.0275
mp-1196086,3.9677
mp-1194766,3.5261
mp-1195960,4.6316
mp-1104135,7.6467
mp-722900,3.4578
mp-720586,3.5664
mp-1193655,5.8984
mp-1182712,3.1367
mp-1204240,5.2201
mp-24422,4.1152
mp-23859,3.8394
mp-642725,5.3295
mp-24204,3.5271
mp-34932,2.193
mp-2713912,4.6781
mp-1029359,0.5433
mp-754853,4.4855
mp-1213969,5.5318
mp-7041,2.125
mp-1041241,1.3182
mp-1041222,1.1093
mp-30031,3.8971
mp-22766,2.0208
mp-28534,3.136
mp-560622,4.3132
mp-1227220,4.4836
mp-1227186,4.3945
mp-1639336,2.2547
mp-559969,3.4555
mp-684801,4.1857
mp-1043970,1.8972
mp-6459,5.0091
mp-6766,4.9716
mp-1229186,6.8686
mp-5795,1.9969
mp-1019579,2.4021
mp-7035,3.9326
mp-558362,4.0243
mp-24052,1.873
mp-6493,4.6294
mp-1043484,1.7943
mp-1045779,4.3842
mp-15539,4.1417
mp-18844,2.0103
mp-1047886,0.3399
mp-558986,0.5927
mp-557426,2.5589
mp-1387972,3.2129
mp-1214074,1.7548
mp-18743,3.4785
mp-1213991,2.5994
mp-1040876,2.7873
mp-1401355,2.5031
mp-989635,0.8726
mp-607467,1.105
mp-19330,3.5007
mp-555424,2.3764
mp-29792,1.2773
mp-17101,3.6052
mp-557786,2.4743
mp-2713921,2.4189
mp-1227115,4.2799
mp-1045813,4.6204
mp-19473,3.7349
mp-505457,2.4759
mp-1323553,2.1462
mp-1195052,1.4339
mp-1227243,0.4801
mp-1195107,1.5401
mp-2605,3.6301
mp-634859,2.7345
mp-1345,0.3443
mp-24130,5.5901
mp-643898,5.706
mp-1214543,5.2103
mp-1214043,0.3569
mp-1076951,0.0568
mp-20194,1.8647
mp-22524,1.3714
mp-504897,0.6771
mp-561261,0.2239
mp-2109,0.0089
mp-1213844,0.1365
mp-16097,0.2621
mp-29466,0.119
mp-22225,0.1575
mp-1198476,0.0053
mp-1214015,0.3469
mp-1194799,0.2887
mp-638100,0.2329
mp-1213886,1.511
mp-1195336,0.2783
mp-1213767,0.3153
mp-22724,0.0294
mp-22848,2.5434
mp-31050,3.6753
mp-619575,2.5175
mp-1213763,3.0868
mp-23207,0.9646
mp-22869,1.2103
mp-753945,3.6609
mp-19292,2.0657
mp-28137,3.1573
mp-572672,2.0717
mp-30006,1.8283
mp-773130,0.0431
mp-19238,0.1366
mp-2956,0.5428
mp-5094,0.3737
mp-2994,0.4535
mp-570152,0.3384
mp-866481,0.4171
mp-757299,0.017
mp-1202958,1.9439
mp-550468,2.0784
mp-622183,2.6302
mp-505217,2.4941
mp-18855,2.4813
mp-562111,1.9587
mp-19264,2.9001
mp-562742,3.0652
mp-645717,1.0654
mp-1195181,2.4618
mp-562833,2.528
mp-562327,1.8011
mp-562912,2.2763
mp-685142,0.8059
mp-639164,2.2401
mp-1203045,1.3596
mp-562172,2.4803
mp-19178,1.332
mp-2715,0.1723
mp-29758,3.4419
mp-505511,0.3947
mp-997158,0.5255
mp-1195268,2.2448
mp-1190466,2.3501
mp-1105091,2.0761
mp-30033,0.1072
mp-23240,0.0843
mp-555908,2.2721
mp-1271079,1.6435
mp-510271,2.853
mp-728892,3.2083
mp-1204043,2.3067
mp-1192030,0.8128
mp-643547,1.172
mp-23853,2.573
mp-866480,0.0528
mp-22408,0.588
mp-1400906,0.5904
mp-14285,0.4378
mp-24536,2.448
mp-505235,3.1613
mp-24300,3.3299
mp-562669,3.365
mp-2761326,0.4835
mp-1226003,1.1231
mp-10368,0.6371
mp-556492,1.9373
mp-19379,2.1606
mp-550763,1.5958
mp-1317,0.1633
mp-5881,0.3674
mp-18973,2.3763
mp-551407,1.3657
mp-561571,2.5957
mp-561319,2.6481
mp-551806,1.8473
mp-698567,2.0192
mp-554600,3.3621
mp-30205,2.408
mp-647862,2.3556
mp-19262,1.8327
mp-20758,2.606
mp-720712,1.9093
mp-1226437,2.0672
mp-21074,1.2575
mp-1974686,0.701
mp-554453,0.657
mp-704115,2.4535
mp-556473,2.2655
mp-540537,2.3209
mp-21355,1.4893
mp-19894,1.6096
mp-776667,1.8236
mp-546111,1.2442
mp-23581,0.4661
mp-559511,2.7626
mp-558442,2.0265
mp-1213769,3.1891
mp-23565,1.6986
mp-1226322,1.00E-04
mp-557963,2.2567
mp-556318,2.3203
mp-1226160,0.1346
mp-773920,1.7947
mp-1226281,0.6964
mp-19378,1.6634
mp-3532,0.4239
mp-1226303,0.0041
mp-1204934,2.5028
mp-996996,1.266
mp-7113,0.5956
mp-21100,2.3248
mp-27734,1.2759
mp-18781,2.2913
mp-567504,1.5182
mp-22946,0.3688
mp-18788,0.506
mp-572465,0.0876
mp-1226296,0.64
mp-510625,1.5391
mp-554340,0.0064
mp-560338,3.0453
mp-554855,1.5712
mp-639662,1.4475
mp-1391848,2.0863
mp-1204986,2.7203
mp-734815,3.197
mp-727766,3.3328
mp-24480,3.6068
mp-725062,4.2569
mp-1203990,4.1752
mp-23910,3.1558
mp-1182406,3.0003
mp-556308,2.0918
mp-559462,1.9243
mp-567329,1.1436
mp-19155,1.931
mp-1213805,1.159
mp-1213761,2.7366
mp-1213740,1.6574
mp-19177,0.042
mp-554745,2.1886
mp-775489,2.0678
mp-19401,2.4649
mp-1197980,3.6136
mp-22373,1.8544
mp-19146,2.0522
mp-1226278,1.1067
mp-557145,1.2929
mp-33857,0.8623
mp-1196749,0.032
mp-1226180,0.9006
mp-540922,0.1806
mp-569897,2.5614
mp-570530,3.2704
mp-24136,5.3831
mp-640353,1.6876
mp-672338,0.8484
mp-1214012,0.967
mp-8890,1.4413
mp-3312,1.122
mp-561786,0.3617
mp-1199790,1.2531
mp-581173,1.415
mp-1199833,0.1923
mp-582185,0.8548
mp-1226383,0.558
mp-1213727,1.3135
mp-1113578,1.1161
mp-561622,1.5615
mp-567776,0.448
mp-1078258,1.8663
mp-1114309,2.7645
mp-640052,2.7333
mp-1190886,3.0042
mp-510565,0.185
mp-540881,2.8367
mp-1113226,2.7943
mp-1112940,1.6624
mp-572149,2.917
mp-554206,3.6622
mp-1019602,4.249
mp-560387,4.8997
mp-557359,3.6378
mp-1113614,3.4974
mp-989535,0.6108
mp-542656,4.6788
mp-1111952,5.6085
mp-989575,1.1362
mp-8857,0.9488
mp-1206558,0.9559
mp-15557,0.4475
mp-558846,0.3336
mp-650280,1.5194
mp-1226376,3.843
mp-1204178,3.9705
mp-29194,1.4734
mp-1019604,6.0917
mp-558539,4.3381
mp-1019603,4.8119
mp-1193604,5.3524
mp-5013,6.6981
mp-755292,3.1264
mp-1080693,0.454
mp-555117,2.6314
mp-1229208,0.7745
mp-1201858,3.9277
mp-989543,0.9489
mp-1029699,2.2806
mp-2032711,2.6868
mp-616458,3.3306
mp-1213739,5.6575
mp-562057,7.2156
mp-1025267,4.0811
mp-1025185,4.7867
mp-15157,6.091
mp-697133,3.0097
mp-1226202,4.9064
mp-1202328,3.4021
mp-1200495,4.1415
mp-567386,1.5587
mp-559668,1.7309
mp-1182453,3.4843
mp-1188970,4.114
mp-1194601,2.3475
mp-1103539,2.8822
mp-1195999,3.3607
mp-1195716,1.372
mp-623165,0.0196
mp-1113262,2.6247
mp-1101094,1.8236
mp-768223,2.2437
mp-1214168,0.6984
mp-1193242,0.7327
mp-863299,2.8743
mp-542168,2.8661
mp-560716,2.7358
mp-572375,2.7195
mp-1204482,1.9123
mp-647813,3.2458
mp-1192085,0.8173
mp-556177,0.7552
mp-638252,0.7549
mp-1194546,0.7047
mp-1192723,0.1547
mp-616439,0.3763
mp-2042825,0.2646
mp-540695,4.8906
mp-1214000,4.9539
mp-1196674,4.809
mp-24220,4.1905
mp-556330,4.0051
mp-572921,2.4875
mp-1113583,2.7308
mp-562504,4.207
mp-1200899,4.9195
mp-29372,1.2101
mp-1213731,2.9185
mp-1226191,0.6737
mp-572598,2.6987
mp-1226455,4.2749
mp-27882,2.215
mp-8217,6.0336
mp-573150,3.3437
mp-560216,4.2367
mp-1102254,1.6552
mp-1104024,1.6824
mp-662549,0.538
mp-1183735,2.9382
mp-643010,3.2534
mp-758948,4.0513
mp-643243,3.9083
mp-1539190,3.0183
mp-1238793,3.2973
mp-1120741,4.2277
mp-13948,7.2288
mp-29398,2.2062
mp-1178405,3.8149
mp-1202194,1.8712
mp-1213712,1.7759
mp-540574,1.7314
mp-1105419,1.7325
mp-1106156,1.1954
mp-17905,0.6231
mp-1183950,2.4673
mp-2759442,2.8128
mp-1203522,3.0746
mp-8963,2.0818
mp-28421,2.0411
mp-7232,2.0689
mp-1185537,1.8046
mp-1213722,4.9039
mp-572805,2.985
mp-989516,1.1261
mp-21835,1.2672
mp-2049132,0.2163
mp-1113554,0.2556
mp-1096926,1.3421
mp-1113588,2.1888
mp-572797,0.0777
mp-1200330,4.6216
mp-650532,1.2436
mp-556400,2.0249
mp-13687,0.6371
mp-1113092,6.6738
mp-1112792,3.0015
mp-1113137,4.6474
mp-573204,4.9469
mp-1112787,0.314
mp-540729,3.0136
mp-1205683,1.5535
mp-560956,4.287
mp-6968,0.8991
mp-1112785,5.1988
mp-559454,4.0956
mp-989531,6.0476
mp-1207104,5.2294
mp-1113046,2.3584
mp-1112759,3.5784
mp-989639,5.4629
mp-1112760,5.2423
mp-572298,0.8102
mp-560861,1.7435
mp-557133,4.1117
mp-1112758,4.2395
mp-1112754,4.2336
mp-561561,2.1013
mp-571124,3.7113
mp-1113131,6.8201
mp-1112710,2.3591
mp-1079871,5.0573
mp-580631,5.0878
mp-989526,3.605
mp-1112842,4.2852
mp-1112690,5.1935
mp-6059,6.464
mp-40143,4.513
mp-1213735,0.0035
mp-1213736,3.3266
mp-1213724,4.0973
mp-572512,0.884
mp-1019606,5.601
mp-8313,3.4744
mp-504849,3.8531
mp-8294,3.9554
mp-1196318,5.0959
mp-555140,3.6593
mp-13634,7.0872
mp-1206808,6.8832
mp-14364,3.7302
mp-1111848,0.2909
mp-1226357,3.1832
mp-1206440,4.3359
mp-1113018,5.0917
mp-1111446,5.1941
mp-6654,6.1115
mp-1112624,2.782
mp-989405,1.318
mp-571527,3.2418
mp-574653,5.4079
mp-570379,5.3389
mp-18722,1.818
mp-1110974,4.8178
mp-573030,2.4582
mp-1194993,4.4762
mp-1111845,3.9972
mp-1112834,2.9743
mp-1111839,3.9721
mp-1113008,2.9609
mp-1189625,3.8154
mp-1112671,4.9508
mp-1112669,5.0434
mp-1112998,5.2527
mp-1226312,2.1634
mp-541190,3.9955
mp-510338,1.5878
mp-1111833,4.0508
mp-567652,4.8986
mp-1112663,3.0085
mp-1113542,3.7052
mp-1213820,4.2715
mp-1215128,3.2252
mp-7331,4.1775
mp-1195667,1.4687
mp-542417,5.275
mp-779875,3.882
mp-733936,4.4404
mp-866620,5.3758
mp-1019610,4.9135
mp-1195633,1.4299
mp-572790,4.6555
mp-1213801,3.303
mp-2884,0.4097
mp-556529,0.8598
mp-600186,2.6151
mp-1025252,1.2335
mp-1205772,1.3423
mp-1206528,3.4594
mp-555223,1.3155
mp-557912,3.3832
mp-1197828,4.2046
mp-1214073,2.7753
mp-1226311,3.9301
mp-505300,0.6356
mp-505034,1.1924
mp-15126,2.4585
mp-22235,0.3822
mp-610744,1.0568
mp-1193056,3.4187
mp-1214995,2.2994
mp-18353,2.4983
mp-1194312,4.6118
mp-560635,1.7358
mp-866654,1.224
mp-559557,4.7735
mp-1019611,5.7745
mp-504852,2.4286
mp-562541,1.7763
mp-581862,4.6043
mp-12309,6.9175
mp-6528,6.697
mp-989642,1.8894
mp-1197430,1.4374
mp-1110566,2.559
mp-1112596,4.5578
mp-8314,3.5373
mp-1080041,3.7126
mp-560790,5.021
mp-1079458,0.3601
mp-1110982,6.3611
mp-1112656,2.3813
mp-558211,2.801
mp-557047,4.2707
mp-1110563,4.9885
mp-580589,5.3424
mp-13816,6.8647
mp-504611,3.841
mp-6163,5.9704
mp-1213705,1.482
mp-1112657,3.0186
mp-542951,5.2906
mp-996943,1.8935
mp-989571,2.9904
mp-13898,5.304
mp-989610,1.2558
mp-1111824,5.494
mp-1110968,4.3824
mp-1112145,4.1254
mp-1111821,4.9943
mp-1110981,6.7399
mp-1112146,4.1252
mp-1111820,4.9676
mp-1110980,6.6211
mp-1112144,3.1147
mp-1111979,1.9082
mp-1112534,3.1061
mp-1111433,3.8894
mp-6204,6.8066
mp-1112141,2.2294
mp-580541,5.1745
mp-1205868,6.9248
mp-568670,5.2046
mp-1206873,6.8618
mp-1112527,1.9178
mp-13800,3.6228
mp-1112567,5.4487
mp-23108,0.5004
mp-19447,3.9493
mp-571467,4.2176
mp-23120,5.0774
mp-13925,6.8639
mp-1112137,3.1517
mp-1201406,2.3094
mp-581217,3.0055
mp-569465,1.0644
mp-623028,2.2195
mp-14637,1.8213
mp-15223,1.6351
mp-8995,0.2478
mp-1112944,3.3798
mp-1112945,3.8207
mp-557503,2.9547
mp-28486,0.9066
mp-14336,0.616
mp-1206689,0.5567
mp-689925,2.4357
mp-542420,4.9563
mp-755100,2.6343
mp-573103,0.2131
mp-572986,0.0782
mp-647426,0.0911
mp-1025274,0.2765
mp-7988,0.5832
mp-7896,1.6496
mp-1205610,1.0311
mp-14652,0.8471
mp-1199678,1.3628
mp-1196015,2.1538
mp-1200093,4.1818
mp-1203821,4.6676
mp-6557,4.402
mp-569060,1.4824
mp-1105197,4.0373
mp-2647097,2.9646
mp-1213706,2.0761
mp-23425,1.4541
mp-989549,0.099
mp-1193131,2.8095
mp-562263,1.8593
mp-21283,1.3724
mp-543024,0.7236
mp-607298,0.9218
mp-510268,1.3815
mp-11694,0.9867
mp-1205847,0.756
mp-1078085,1.839
mp-1206568,1.3617
mp-504729,2.3065
mp-31285,1.1887
mp-1213749,0.053
mp-1213729,0.0013
mp-1213713,4.7712
mp-13548,1.6743
mp-13992,1.6386
mp-14338,1.3326
mp-30062,1.4417
mp-505825,1.2698
mp-23406,2.1146
mp-8191,2.6933
mp-23060,0.6551
mp-622197,2.1952
mp-571448,0.365
mp-1112134,2.8942
mp-1111968,4.5627
mp-559695,4.7749
mp-1206535,0.8744
mp-1112167,4.1178
mp-989618,5.9411
mp-989605,5.3728
mp-1112515,5.0606
mp-1111963,6.6555
mp-1112117,2.3929
mp-1112118,4.8937
mp-1112115,4.9233
mp-989567,3.7422
mp-7886,6.1978
mp-1202505,2.3472
mp-651741,0.7173
mp-1214500,2.0776
mp-567942,1.2397
mp-1205774,1.8006
mp-17546,0.5856
mp-540703,2.0952
mp-1079600,1.3635
mp-1193140,1.8662
mp-505782,5.0111
mp-1191118,0.2839
mp-1078965,0.8966
mp-1080614,0.7407
mp-27146,1.641
mp-1226852,1.664
mp-1214796,4.7187
mp-1112622,3.3916
mp-1113115,3.6511
mp-1112938,2.0571
mp-1191253,0.3833
mp-19381,2.4922
mp-18754,0.298
mp-1105344,2.7169
mp-1225327,1.5979
mp-601257,1.2087
mp-555044,1.6187
mp-675349,1.0668
mp-554882,0.6082
mp-1212843,7.7755
mp-1191571,0.0048
mp-1196991,5.5844
mp-1207186,1.4877
mp-865005,2.1725
mp-18601,1.0799
mp-1212984,1.146
mp-1192462,1.8414
mp-555683,2.7283
mp-1410,0.0431
mp-556639,3.4902
mp-30452,0.2084
mp-4510,0.3123
mp-1072208,5.0202
mp-1226255,5.6144
mp-1198016,5.3411
mp-9850,0.0937
mp-554583,5.4471
mp-5767,5.8933
mp-1192185,0.3391
mp-5241,2.1597
mp-1225510,2.4004
mp-17160,2.3154
mp-1212884,0.8883
mp-28928,2.8776
mp-561307,2.7618
mp-28929,2.7811
mp-1213234,2.3553
mp-1225491,0.2299
mp-16327,0.0493
mp-1184176,1.7737
mp-558257,4.3669
mp-769393,1.8154
mp-7703,4.0284
mp-1212803,0.3109
mp-556108,3.1574
mp-1213009,3.2866
mp-1105239,1.5375
mp-1212931,2.9171
mp-31166,1.5282
mp-568062,1.2332
mp-1007908,0.7156
mp-22789,1.6568
mp-18784,2.9764
mp-549728,1.2613
mp-1104636,0.0261
mp-680718,5.7486
mp-29888,5.0285
mp-1225120,1.4456
mp-2717767,0.3684
mp-23552,3.4776
mp-1197536,3.2472
mp-27939,5.9041
mp-772838,3.8254
mp-1212805,0.3703
mp-554807,3.079
mp-9841,5.7109
mp-31352,3.9485
mp-541347,1.5935
mp-556986,5.0806
mp-6574,4.0097
mp-3041,1.1479
mp-1225159,2.1271
mp-13643,3.7373
mp-774547,3.8644
mp-1232129,2.0129
mp-19256,1.1678
mp-1212977,3.2867
mp-31122,1.8785
mp-679,3.9629
mp-1225956,2.1115
mp-756440,1.4127
mp-2234,1.4691
mp-12671,3.0733
mp-209,0.7923
mp-13975,2.1741
mp-7064,4.7986
mp-1212966,3.2788
mp-555983,4.7586
mp-3688,2.6825
mp-14643,0.0521
mp-559304,3.0126
mp-1178355,0.6035
mp-774557,3.1806
mp-1225541,1.77
mp-774567,3.3625
mp-1192137,1.4288
mp-17201,3.6554
mp-1213214,3.5395
mp-3384,4.758
mp-1105955,0.3339
mp-555081,1.7469
mp-558980,1.876
mp-1198546,0.0025
mp-12236,3.5384
mp-7290,2.1065
mp-560114,5.6188
mp-34580,5.0743
mp-1213004,0.0495
mp-772087,3.1368
mp-2209213,3.7509
mp-1213255,4.8641
mp-555942,4.122
mp-756277,3.688
mp-1189719,1.2826
mp-1204549,4.7594
mp-1212833,0.3912
mp-1212949,0.0158
mp-1212947,0.0223
mp-1212840,0.7195
mp-1192836,0.0208
mp-1225650,4.1461
mp-1213202,0.0117
mp-29401,0.9221
mp-1198488,0.0155
mp-1189721,0.0176
mp-1196832,2.9432
mp-1188388,0.6135
mp-1225896,3.6389
mp-679936,1.2187
mp-1105583,0.4399
mp-1105808,0.3853
mp-862995,0.0103
mp-1190234,0.0021
mp-1225972,0.666
mp-13384,1.7618
mp-2755672,1.7885
mp-4044,1.2801
mp-12902,0.8936
mp-1213112,3.7548
mp-772156,3.5786
mp-2053129,0.4672
mp-1213048,0.4869
mp-1190816,0.5881
mp-1192093,0.5911
mp-1194043,5.6534
mp-546621,1.357
mp-549709,1.3769
mp-551250,1.375
mp-1206859,4.382
mp-863029,3.7739
mp-755689,5.2575
mp-562779,1.4471
mp-985700,0.1611
mp-728095,2.456
mp-19063,0.2571
mp-19240,0.3004
mp-1105511,2.6495
mp-1225628,1.5553
mp-567983,1.1331
mp-12454,1.6293
mp-555884,0.6057
mp-9371,7.6163
mp-559109,3.5344
mp-1213221,0.0157
mp-1202664,5.2042
mp-1101811,4.9211
mp-504801,3.9885
mp-1206742,1.4817
mp-866003,2.0376
mp-19345,1.0779
mp-1194158,1.9042
mp-559004,2.7062
mp-556766,3.7331
mp-19830,0.1243
mp-5370,3.4799
mp-1206712,0.17
mp-21272,0.2739
mp-1072193,5.1794
mp-707317,5.5546
mp-4871,5.4363
mp-4006,5.9196
mp-1191596,0.2326
mp-5036,2.1659
mp-1225447,2.4341
mp-18341,2.2785
mp-1213022,0.9642
mp-27616,2.9329
mp-10932,1.3244
mp-1213308,2.3824
mp-11836,0.2093
mp-23086,4.3487
mp-28458,2.309
mp-5640,0.0061
mp-3444,4.0507
mp-1212634,0.3619
mp-1212930,3.1421
mp-1213125,3.252
mp-1105213,1.4836
mp-1213014,2.9077
mp-1195632,1.0722
mp-4123,1.4109
mp-570117,1.2151
mp-1007907,0.8206
mp-19205,1.5838
mp-18960,2.9661
mp-30022,1.6997
mp-1103889,1.1797
mp-1103552,1.0022
mp-2646920,1.572
mp-540879,0.2903
mp-1193960,0.1116
mp-645690,0.1657
mp-1193984,0.1678
mp-1225526,0.0239
mp-1181942,0.2343
mp-1193885,0.1142
mp-645692,0.1428
mp-21386,0.3361
mp-2929310,0.2764
mp-1193787,0.1244
mp-1212596,0.0819
mp-558834,0.7992
mp-553918,0.759
mp-1192731,0.1895
mp-582618,0.9359
mp-1190438,0.0109
mp-1194919,0.1958
mp-1079126,0.0721
mp-1018691,0.091
mp-1213558,0.3594
mp-558258,0.048
mp-982662,0.0118
mp-555322,0.6428
mp-554546,0.2889
mp-22504,0.2894
mp-1205947,0.3394
mp-1189098,0.0059
mp-1205409,0.0266
mp-559134,0.2486
mp-505346,0.4588
mp-1200526,0.0122
mp-2745640,0.151
mp-1199220,0.0286
mp-1213142,0.1086
mp-2748966,0.1545
mp-559031,0.8538
mp-1204426,0.1624
mp-28546,0.9888
mp-1191507,1.2002
mp-1202692,0.2876
mp-647532,0.6537
mp-1212781,0.3907
mp-553893,0.0982
mp-1190780,0.5699
mp-1212749,0.1696
mp-1019732,0.0992
mp-1202507,0.7048
mp-8109,2.1466
mp-23311,1.0458
mp-1212716,0.4575
mp-554518,0.4293
mp-22887,1.2144
mp-556382,0.1155
mp-21356,0.0305
mp-542765,0.0621
mp-1070860,0.308
mp-753781,0.4796
mp-1190059,0.1287
mp-1102093,1.3259
mp-1095411,0.1271
mp-1212752,0.1897
mp-1019726,0.2076
mp-643756,0.1706
mp-1095254,0.1666
mp-1201130,0.1552
mp-1195922,0.376
mp-20217,0.844
mp-20742,0.4933
mp-616175,1.0685
mp-755177,0.0866
mp-560341,0.5023
mp-657233,0.0566
mp-12728,0.2341
mp-2030750,0.1841
mp-1212698,0.5628
mp-1106293,0.1866
mp-1189927,0.1453
mp-1525632,2.8979
mp-23069,2.0217
mp-649683,2.3833
mp-541930,2.7934
mp-22265,0.5327
mp-505009,0.5366
mp-9198,1.0233
mp-21925,2.6649
mp-540767,0.0045
mp-555589,0.7094
mp-505098,2.2467
mp-1224755,1.9064
mp-19333,3.2492
mp-558202,0.2582
mp-22421,1.4077
mp-1213486,2.3287
mp-1199115,2.1469
mp-28104,0.0211
mp-1212753,2.0918
mp-35596,1.3616
mp-1102399,0.7385
mp-1202233,2.5033
mp-704946,2.4142
mp-556581,0.596
mp-18121,0.2855
mp-2017427,0.3181
mp-1224708,1.8645
mp-20313,3.6769
mp-1225390,1.754
mp-743878,1.5179
mp-559713,1.8996
mp-19346,0.8948
mp-561343,1.7774
mp-1203485,0.3226
mp-1181439,3.6768
mp-556300,3.8698
mp-1194881,3.0026
mp-22223,1.0195
mp-1199228,1.7308
mp-1205149,3.8429
mp-1213069,2.9969
mp-1194355,2.3936
mp-1199909,2.5007
mp-735662,1.7469
mp-28519,1.7175
mp-743742,1.2239
mp-510450,1.5249
mp-1203691,2.4551
mp-1201515,2.5717
mp-704626,1.179
mp-1225099,0.8741
mp-19225,1.1485
mp-1202376,1.8448
mp-2008,0.283
mp-21016,1.558
mp-561511,0.7373
mp-1101894,0.4486
mp-1101938,0.5154
mp-19097,1.4816
mp-20028,2.1228
mp-1197024,2.6249
mp-1192577,1.3914
mp-583463,0.4268
mp-1225059,0.2505
mp-540828,1.9133
mp-24447,0.8328
mp-510281,0.8044
mp-556911,1.6921
mp-22398,3.1061
mp-1213622,0.5263
mp-849222,2.198
mp-24619,3.7672
mp-542912,2.3613
mp-643564,3.1761
mp-23880,3.8519
mp-684724,2.3185
mp-24537,1.7042
mp-1199758,2.3425
mp-21522,1.6665
mp-1224908,0.1285
mp-1274279,1.8157
mp-20027,0.4327
mp-1205448,4.3922
mp-558841,2.6776
mp-560012,3.9606
mp-735042,2.9572
mp-696483,1.6048
mp-570553,0.8049
mp-759361,3.5754
mp-850225,2.0933
mp-540760,1.4768
mp-1190395,1.2953
mp-1194875,1.5822
mp-753395,1.3564
mp-1101971,0.5054
mp-1191971,2.6838
mp-1522,0.877
mp-649334,1.4278
mp-19254,2.7173
mp-1213459,2.6756
mp-774425,1.9333
mp-1224890,1.253
mp-1224896,0.2489
mp-674490,1.0037
mp-27904,0.547
mp-1103256,0.622
mp-1102580,0.2981
mp-760,0.3741
mp-607953,0.0864
mp-28189,1.3187
mp-1190442,1.4261
mp-871,0.1802
mp-1714,0.6966
mp-541929,2.8712
mp-505108,2.0402
mp-1178212,0.862
mp-19880,0.0774
mp-1201424,1.0909
mp-1201019,2.2711
mp-561036,2.3607
mp-1102288,0.6819
mp-540998,1.0553
mp-540997,1.2641
mp-558502,1.4996
mp-19421,2.401
mp-569237,1.4225
mp-561104,3.3187
mp-15560,4.9919
mp-504827,3.0318
mp-1213624,3.6554
mp-541451,4.33
mp-556712,2.5289
mp-571085,1.8901
mp-765466,1.7927
mp-1201552,0.7535
mp-29300,0.5977
mp-690544,0.5741
mp-1203326,2.489
mp-4809,1.5707
mp-4730,0.9168
mp-16337,0.6611
mp-636675,2.2709
mp-554901,3.6215
mp-580999,0.4607
mp-35236,1.2806
mp-886,2.0078
mp-20496,3.4457
mp-1196984,2.2715
mp-571171,2.0313
mp-30945,1.5762
mp-30946,1.4176
mp-1072429,0.1293
mp-539,1.7106
mp-1195835,1.2309
mp-1196063,3.4975
mp-1340,1.0436
mp-14280,1.8398
mp-570186,1.0077
mp-542662,1.4589
mp-558386,3.2165
mp-38970,0.6375
mp-2371,0.7231
mp-28931,0.7341
mp-27255,2.0196
mp-28423,1.6141
mp-569854,1.813
mp-616204,4.1516
mp-636368,0.2215
mp-570844,0.677
mp-556117,4.7152
mp-672204,0.3787
mp-1196451,2.0643
mp-1212718,1.3147
mp-1212726,1.3323
mp-28608,1.2591
mp-23519,2.8782
mp-669455,1.0916
mp-1203087,1.7188
mp-1225073,1.4202
mp-531948,0.8666
mp-686076,1.019
mp-1203106,1.4002
mp-18388,0.5754
mp-1203849,1.6847
mp-654129,1.7135
mp-11020,0.5833
mp-5342,0.9622
mp-5518,0.2492
mp-1224848,0.8903
mp-4899,0.1926
mp-2534,0.1861
mp-3996,3.0694
mp-505743,3.3714
mp-1224998,2.7016
mp-28384,3.089
mp-30953,3.3559
mp-568848,3.8564
mp-30952,4.1775
mp-1212662,2.675
mp-1212660,1.9902
mp-29362,1.8173
mp-1224851,0.7335
mp-29403,1.4404
mp-11019,0.7813
mp-5238,0.7056
mp-4840,0.0398
mp-3839,0.2058
mp-588,4.7051
mp-1097025,2.0716
mp-8211,0.1672
mp-1202913,4.2614
mp-23984,4.9759
mp-1204038,3.6361
mp-643759,5.3089
mp-1201119,2.6474
mp-1201190,5.0556
mp-1190111,4.788
mp-634326,3.2607
mp-1194398,4.1423
mp-571190,1.1427
mp-1225472,2.9482
mp-1103091,2.8274
mp-570738,2.4744
mp-30954,2.3721
mp-804,1.7265
mp-541950,1.2545
mp-505076,3.0728
mp-2490,1.6039
mp-29817,1.7419
mp-24465,5.1828
mp-1198682,4.9838
mp-4122,4.4391
mp-30979,2.3331
mp-561379,1.9749
mp-2507,2.0036
mp-1224914,1.389
mp-27735,3.94
mp-1224786,0.7967
mp-568263,1.2121
mp-1120728,2.51
mp-542812,1.0066
mp-27449,2.1702
mp-29541,1.5853
mp-558984,3.7146
mp-1204314,2.693
mp-1212754,2.2925
mp-510661,1.2373
mp-1203247,2.5904
mp-579125,3.4526
mp-727793,0.0048
mp-646008,0.445
mp-3572,3.2407
mp-557726,1.5508
mp-554636,2.7369
mp-14380,5.357
mp-5339,1.9696
mp-560791,3.3618
mp-6257,3.2987
mp-505321,1.1447
mp-555286,2.5389
mp-562854,2.4818
mp-641699,1.5184
mp-1195822,0.8598
mp-573274,0.038
mp-1226881,1.5918
mp-569853,0.287
mp-582146,0.51
mp-1213080,2.3321
mp-11980,5.2004
mp-1030663,1.6365
mp-684827,3.0565
mp-27556,3.3517
mp-1196826,2.7579
mp-1194659,2.4885
mp-1225952,2.8953
mp-1213270,3.6679
mp-1226879,5.5905
mp-1213150,3.5051
mp-1190370,1.0241
mp-862772,0.8344
mp-1103178,1.5147
mp-510065,1.3539
mp-553308,2.9366
mp-1095172,2.2185
mp-11742,1.292
mp-12342,1.3651
mp-22950,0.8049
mp-557772,5.3618
mp-1102595,0.0763
mp-1213571,0.3369
mp-1201281,1.3526
mp-2037681,0.4143
mp-734596,0.8739
mp-1196677,3.6727
mp-561383,2.9029
mp-1192733,5.1543
mp-1197651,5.2011
mp-1193041,5.1874
mp-1195974,5.5274
mp-1201790,1.2774
mp-675011,7.1409
mp-542541,5.7665
mp-767240,4.5992
mp-1229133,5.1985
mp-1213226,5.4223
mp-1192530,4.0581
mp-562569,2.3363
mp-1193277,1.5613
mp-504838,1.9062
mp-1225967,1.6167
mp-1183920,2.973
mp-567681,2.8808
mp-1539667,2.7365
mp-20282,3.3374
mp-540839,2.5181
mp-18698,4.6025
mp-572452,3.6994
mp-17770,5.2958
mp-540686,5.4295
mp-1190295,1.1305
mp-1213617,4.3786
mp-1190682,0.7084
mp-1213658,0.2107
mp-568707,2.328
mp-11118,1.9664
mp-12494,1.5231
mp-7211,1.3367
mp-9037,2.2284
mp-12341,1.3607
mp-573316,1.0495
mp-680370,0.1506
mp-568508,1.4203
mp-1111457,3.0636
mp-8202,2.3387
mp-1196297,4.0177
mp-1213522,2.3035
mp-1213588,1.0453
mp-572546,1.4967
mp-1228026,2.106
mp-541867,3.0473
mp-683890,1.8417
mp-1202357,1.4231
mp-680185,1.2321
mp-27783,0.4053
mp-29842,1.7181
mp-17621,4.2585
mp-557451,2.9741
mp-1199798,1.2522
mp-8015,1.2352
mp-29266,1.726
mp-1191332,0.3033
mp-1188913,1.6567
mp-561681,5.1115
mp-622195,5.1645
mp-2761130,0.6397
mp-573514,0.5558
mp-554822,2.958
mp-1195448,4.0897
mp-556061,4.5025
mp-556583,4.3035
mp-1197959,1.9806
mp-683925,3.9634
mp-567583,2.0825
mp-23576,3.6597
mp-29296,4.4026
mp-9636,5.0381
mp-1192790,3.4555
mp-510273,2.3758
mp-667360,3.5747
mp-1213195,4.6564
mp-561639,1.7364
mp-28701,1.8204
mp-505281,2.6292
mp-2969,1.1399
mp-1225923,0.9536
mp-1540169,0.1143
mp-1213159,4.1888
mp-1194629,4.1332
mp-1213157,4.1422
mp-607477,0.007
mp-1213153,5.3828
mp-1229290,4.2231
mp-1199276,3.7284
mp-754826,2.9595
mp-543046,4.8671
mp-2014596,1.833
mp-1370,1.5634
mp-1019719,5.3918
mp-1226125,4.7013
mp-1213518,1.3245
mp-581955,3.4018
mp-558426,2.4826
mp-1226548,2.1917
mp-570957,1.2613
mp-1213306,3.6731
mp-1213498,0.9853
mp-1226438,5.6019
mp-1213147,3.4736
mp-1213272,4.4861
mp-16445,0.9508
mp-510062,2.0217
mp-12497,1.5693
mp-556979,2.4631
mp-1192812,1.6665
mp-7212,1.3625
mp-574651,0.5312
mp-7977,2.9281
mp-9082,2.1397
mp-561635,2.8414
mp-505709,2.0424
mp-12343,1.4086
mp-571056,1.266
mp-30164,3.0582
mp-1247749,0.9682
mp-27394,2.9154
mp-1105915,3.7852
mp-614013,0.45
mp-1193634,2.1236
mp-561710,1.6557
mp-1542038,1.1896
mp-1195599,5.3107
mp-7181,2.0452
mp-1213104,4.5563
mp-1213084,5.3123
mp-1080232,3.959
mp-1213360,0.1436
mp-9309,3.4027
mp-505322,1.2437
mp-559118,3.3857
mp-557186,2.9928
mp-1227943,1.1991
mp-1213077,2.9077
mp-684727,2.4567
mp-865606,0.9885
mp-606510,1.1787
mp-34293,2.1446
mp-553976,1.7818
mp-1225870,0.5151
mp-685607,0.0868
mp-1194848,2.7305
mp-1225854,3.1466
mp-1213293,3.6397
mp-1213369,0.9607
mp-17128,5.3063
mp-1213324,3.4158
mp-542164,1.0944
mp-1213261,4.5419
mp-6182,1.1974
mp-11121,2.0647
mp-12495,1.5409
mp-1213302,5.1362
mp-972199,2.2054
mp-1194142,2.8852
mp-573710,2.1028
mp-638078,1.3573
mp-1198737,1.0219
mp-27250,3.4144
mp-8361,1.0019
mp-1178386,0.5149
mp-1541909,1.416
mp-541628,4.6339
mp-9462,0.9842
mp-1198898,4.5121
mp-1198377,6.4017
mp-645687,1.3678
mp-505663,0.2887
mp-1197745,2.7218
mp-561121,2.7906
mp-1197107,4.5689
mp-1225829,3.8816
mp-541956,3.0409
mp-40502,2.3885
mp-570706,1.2512
mp-684782,2.0467
mp-41473,3.1176
mp-676448,3.1519
mp-1213568,0.3555
mp-573702,1.9724
mp-1078203,2.1858
mp-1541564,2.7921
mp-1205877,1.3911
mp-1213394,1.269
mp-1213346,3.5847
mp-1213326,0.9404
mp-1213213,4.7348
mp-1213262,4.6387
mp-581749,1.2473
mp-12496,1.548
mp-1213300,5.1972
mp-1078990,2.224
mp-556414,4.3242
mp-1194326,2.9693
mp-505713,2.1716
mp-1103187,1.3839
mp-1225971,0.1779
mp-2747986,0.3349
mp-556690,0.078
mp-572944,0.6385
mp-7489,0.9397
mp-559852,2.311
mp-541035,3.0783
mp-541096,2.1589
mp-572741,2.3621
mp-1225841,1.6823
mp-1197456,0.0423
mp-562513,1.946
mp-1200557,1.7603
mp-572728,1.8297
mp-504996,0.0091
mp-1196047,2.7044
mp-18545,2.3398
mp-651814,2.0706
mp-23038,0.6528
mp-22977,0.4835
mp-1228886,1.814
mp-22991,0.5973
mp-1029293,0.5028
mp-1228899,2.3655
mp-504651,3.1105
mp-1193015,3.5464
mp-562901,1.8855
mp-1198694,2.8884
mp-1181965,2.141
mp-1201217,3.0977
mp-1225864,1.7666
mp-1225824,2.2966
mp-1226055,2.7127
mp-1213572,2.9161
mp-561687,4.6306
mp-29513,3.2677
mp-1213231,3.9764
mp-1213375,0.9779
mp-1195090,4.102
mp-1213335,3.4186
mp-669309,0.217
mp-1213252,4.4204
mp-1199735,0.6873
mp-11116,2.0855
mp-11123,1.3946
mp-1213646,0.5245
mp-541044,2.8461
mp-541412,5.1175
mp-555160,4.4011
mp-574620,2.1117
mp-1103744,1.4051
mp-1213115,1.2409
mp-1195000,3.5131
mp-699213,3.9656
mp-1101093,0.1202
mp-560244,4.9295
mp-1225874,1.6216
mp-1225833,2.2145
mp-557693,3.9671
mp-555862,3.4525
mp-560091,4.3061
mp-1019720,4.3838
mp-571410,0.8391
mp-1213455,1.1421
mp-582176,0.0719
mp-1213469,1.234
mp-570192,0.5971
mp-7152,0.2984
mp-556582,0.4999
mp-28888,0.1401
mp-768451,0.1135
mp-1225986,0.525
mp-1200181,2.0858
mp-15252,0.1111
mp-1203834,1.0384
mp-2932665,0.4967
mp-23353,0.5589
mp-361,0.5127
mp-760432,0.136
mp-28034,0.842
mp-683899,1.5045
mp-570817,1.4117
mp-29396,0.629
mp-1106310,0.4011
mp-1212937,0.0161
mp-15896,0.2387
mp-1025340,1.2757
mp-1196623,0.3064
mp-643793,0.3217
mp-1194777,0.2152
mp-557905,0.0193
mp-679930,1.012
mp-1198285,0.6221
mp-565597,1.626
mp-680446,1.3783
mp-559558,1.8726
mp-1200788,1.3646
mp-3934,1.0202
mp-28995,1.2078
mp-34126,0.2417
mp-1225822,0.0677
mp-557225,0.8154
mp-1190563,0.1861
mp-1202008,0.1448
mp-1213222,0.3957
mp-1213198,0.4723
mp-2763763,0.2559
mp-1197719,2.2876
mp-1197298,2.2937
mp-1202966,0.5947
mp-1198103,1.8225
mp-557871,1.8171
mp-628643,0.7903
mp-1195164,3.1191
mp-12954,1.7425
mp-556303,0.725
mp-865018,0.4749
mp-22982,0.464
mp-23116,0.3006
mp-22913,0.4871
mp-1213613,2.2746
mp-24522,0.0072
mp-1194904,0.7591
mp-570081,1.6471
mp-1192231,0.9536
mp-571184,1.6943
mp-568397,1.9002
mp-29440,1.5743
mp-1191203,0.0911
mp-606644,1.0585
mp-927,0.8679
mp-21533,0.8003
mp-505436,0.612
mp-1197804,1.74
mp-554724,1.7314
mp-1196912,1.6399
mp-571015,1.7151
mp-721471,0.4103
mp-1201654,0.7224
mp-504265,0.3277
mp-1105187,1.1555
mp-1198565,0.6854
mp-1213055,0.2011
mp-28488,0.0814
mp-1192782,1.3068
mp-1181782,1.4953
mp-14116,0.6553
mp-554497,0.6888
mp-606617,0.0694
mp-1196390,0.5704
mp-1190199,0.423
mp-4468,0.7227
mp-29567,0.8486
mp-31038,0.8067
mp-28741,1.0299
mp-4701,0.0995
mp-31036,0.7461
mp-30971,0.5969
mp-31037,0.8278
mp-1203135,0.1653
mp-568778,0.8012
mp-23370,2.0538
mp-29557,2.4028
mp-3261,5.6367
mp-768166,5.7803
mp-1225724,1.3966
mp-559637,3.4152
mp-1196716,3.4144
mp-771106,5.9047
mp-1213039,0.2803
mp-1205037,0.0196
mp-1213120,3.5811
mp-1213482,5.8184
mp-769232,3.9475
mp-558224,3.2491
mp-1213210,1.5532
mp-20778,4.4691
mp-1213057,5.0896
mp-13038,3.9833
mp-1225760,0.5521
mp-1225362,4.4556
mp-16267,1.0877
mp-570959,0.5809
mp-1190177,3.0606
mp-1225509,1.8943
mp-772793,3.7413
mp-28351,4.0049
mp-555720,3.2263
mp-1232083,1.2874
mp-755869,0.9041
mp-1203751,1.6412
mp-1213187,3.3157
mp-17822,2.166
mp-2345,3.9255
mp-769222,1.1816
mp-1178365,1.5345
mp-1270,0.5938
mp-12669,3.0076
mp-7368,0.3663
mp-769284,2.1479
mp-1194579,2.8498
mp-1225372,1.1722
mp-768317,4.6662
mp-20845,2.7123
mp-1188427,0.5488
mp-555940,2.986
mp-16037,0.8028
mp-768313,3.0066
mp-1225289,1.8358
mp-752425,3.0572
mp-770816,3.2941
mp-770559,3.6538
mp-1199023,1.1966
mp-772195,4.6542
mp-1189135,0.2964
mp-558740,1.8098
mp-505558,1.1277
mp-557998,1.8006
mp-569557,1.5196
mp-1205197,0.0057
mp-15576,3.5134
mp-1189242,2.0615
mp-768638,3.1684
mp-1212841,2.796
mp-2211594,3.7098
mp-1213138,4.7071
mp-567391,1.171
mp-555217,3.7411
mp-16164,5.2743
mp-755652,3.4083
mp-1201047,4.7369
mp-1212922,0.0368
mp-1212919,0.0258
mp-1212902,0.0126
mp-1201962,1.8172
mp-1095296,1.3966
mp-567407,0.848
mp-570607,0.6995
mp-1225400,2.467
mp-1232410,0.0383
mp-1196453,2.9558
mp-1225409,0.9867
mp-32633,0.5265
mp-1213274,0.025
mp-1201241,0.0271
mp-1191058,0.0001
mp-1192724,0.0019
mp-2206902,1.7401
mp-1181462,1.306
mp-4024,0.8958
mp-5632,3.6275
mp-1102052,0.0288
mp-2029542,0.4718
mp-1102952,0.0782
mp-864993,0.2813
mp-1192160,0.5661
mp-12315,5.3594
mp-552992,1.329
mp-552008,1.3739
mp-546266,1.3668
mp-864982,3.0029
mp-28448,3.8954
mp-1178362,4.349
mp-1113068,1.9468
mp-1112337,5.2805
mp-1112484,2.4146
mp-1011695,1.7952
mp-7449,0.7396
mp-541055,0.9618
mp-27830,2.7509
mp-562442,3.8216
mp-1182737,5.2697
mp-562345,4.4604
mp-542550,2.5154
mp-554359,3.9233
mp-573721,1.0347
mp-1226151,4.7924
mp-4047,6.8901
mp-505734,3.6834
mp-8932,1.2699
mp-697078,5.1816
mp-1103520,2.9485
mp-637251,1.9385
mp-561641,2.0449
mp-540707,2.6155
mp-505233,2.5332
mp-1193049,2.5642
mp-561185,1.6243
mp-540796,2.5267
mp-1195304,1.8595
mp-1195323,1.2034
mp-8934,0.7669
mp-568403,0.7742
mp-641923,1.4389
mp-608555,2.59
mp-7297,5.3369
mp-27636,0.2938
mp-861243,2.386
mp-505141,1.5134
mp-1103379,1.7236
mp-28877,0.633
mp-1019609,5.6206
mp-14355,4.8535
mp-18160,2.6812
mp-569879,1.4561
mp-15218,2.5939
mp-646007,0.7434
mp-1205840,1.2924
mp-1079364,1.8113
mp-1206848,0.6815
mp-573763,1.774
mp-504924,2.8746
mp-505634,0.5258
mp-1203081,2.4059
mp-23405,2.1121
mp-23465,2.7815
mp-1215093,3.3216
mp-540957,1.3877
mp-614803,3.5352
mp-669353,2.8469
mp-561647,5.0319
mp-1192509,3.6164
mp-640389,2.2852
mp-1195679,4.7695
mp-1204762,1.6042
mp-27501,4.6873
mp-10488,1.6053
mp-10489,1.3642
mp-16805,2.9569
mp-14864,3.4745
mp-6748,3.5085
mp-1226157,2.8344
mp-680170,0.8115
mp-1213715,3.0106
mp-27828,2.2291
mp-1195388,0.3339
mp-1206662,0.8643
mp-1178403,3.3373
mp-1203715,2.691
mp-3247,1.2724
mp-581138,2.1004
mp-1113150,0.8053
mp-1112112,1.2314
mp-1112544,1.0046
mp-557664,3.0939
mp-1199662,1.276
mp-541696,1.809
mp-1112495,4.1533
mp-504603,2.9057
mp-989558,4.7634
mp-996944,1.8255
mp-1112490,2.7015
mp-989537,3.9896
mp-560710,3.8865
mp-1112340,1.9056
mp-1112339,0.5579
mp-1213743,5.0095
mp-572551,1.9545
mp-541275,2.3217
mp-1197866,0.2708
mp-581584,2.2088
mp-548479,1.5078
mp-562366,1.8635
mp-1202678,0.2355
mp-1228671,1.8385
mp-1196336,2.1136
mp-581443,1.9356
mp-2991,1.8211
mp-561356,2.1222
mp-541679,2.9895
mp-1199641,0.6817
mp-1192739,2.1336
mp-560444,0.0971
mp-8684,1.3867
mp-27239,1.7856
mp-1226442,2.8269
mp-1096946,3.4847
mp-1226138,3.1768
mp-18371,3.2939
mp-1193656,4.5448
mp-17361,2.1616
mp-1112288,3.8705
mp-1110987,3.3465
mp-1213783,4.7015
mp-581114,4.9387
mp-1112482,4.7054
mp-505633,2.6945
mp-1199216,1.7343
mp-1193173,3.8346
mp-540578,4.8112
mp-1194749,1.4028
mp-779814,4.8055
mp-779742,3.7656
mp-1181768,3.8811
mp-1204449,3.224
mp-504601,1.979
mp-1214991,4.2057
mp-1194701,1.2553
mp-1078823,1.4831
mp-556129,3.4585
mp-581877,4.9752
mp-6694,4.7899
mp-1226158,2.9771
mp-571150,0.1184
mp-638729,3.6531
mp-7903,6.6977
mp-1206511,1.8398
mp-1226199,2.3455
mp-8759,3.8566
mp-9856,1.3691
mp-1228215,0.0021
mp-1214812,0.0081
mp-1214772,0.4225
mp-1199633,1.6043
mp-1198053,1.1316
mp-1226259,1.5939
mp-582723,0.969
mp-1113118,6.2623
mp-561315,3.4472
mp-562441,2.2572
mp-619651,1.1821
mp-1193748,2.1588
mp-1201199,1.7495
mp-573812,1.4052
mp-1541714,2.6409
mp-30300,3.1425
mp-573631,1.5703
mp-30119,3.3566
mp-1201774,1.2415
mp-569984,1.1515
mp-505212,1.3261
mp-572441,1.8333
mp-1201201,3.1535
mp-1196535,1.7936
mp-695929,4.9149
mp-740711,4.4945
mp-573658,1.4845
mp-1019608,2.6073
mp-9675,1.6955
mp-30222,2.545
mp-635413,0.179
mp-1200951,1.9768
mp-27544,2.5996
mp-1104268,3.2299
mp-669458,2.3796
mp-570123,3.8725
mp-1112606,4.5888
mp-29505,3.0476
mp-581738,2.0348
mp-1205638,1.5515
mp-1213703,5.1748
mp-1198664,2.4361
mp-1184118,2.7222
mp-1214351,0.4604
mp-29287,0.6983
mp-1105622,0.7602
mp-1206497,2.912
mp-569323,0.9287
mp-23451,1.0085
mp-1193179,0.2688
mp-621938,0.7209
mp-582423,2.131
mp-582024,2.3072
mp-23481,2.4429
mp-16543,1.6896
mp-1193312,4.2885
mp-1194135,2.8905
mp-1226424,2.2701
mp-1213797,5.0846
mp-1178430,2.2999
mp-1229260,0.6834
mp-541662,4.0424
mp-581532,2.4999
mp-1205629,4.0085
mp-1193066,2.1129
mp-1194302,0.045
mp-556103,5.7462
mp-541678,0.6952
mp-1113117,5.8579
mp-1178422,2.877
mp-1201960,0.9445
mp-542448,2.3562
mp-1194926,3.1528
mp-1226537,1.7817
mp-510341,0.9316
mp-1204552,1.1855
mp-582708,1.8425
mp-1193194,1.5806
mp-1193606,1.1962
mp-1226414,4.4739
mp-1226195,3.4782
mp-1196740,4.8381
mp-1203208,1.189
mp-1197320,2.1363
mp-1192709,3.9708
mp-1227054,1.4958
mp-1214360,5.1094
mp-768211,2.3008
mp-1206444,1.5285
mp-1213723,1.4111
mp-2212807,2.0299
mp-27172,3.5398
mp-1232408,3.1055
mp-1112970,5.3129
mp-28381,2.1174
mp-1198384,0.7103
mp-1227037,1.9146
mp-1214521,3.7278
mp-1213905,3.9286
mp-1188821,3.056
mp-1019615,4.5305
mp-1213704,0.7565
mp-643895,2.5844
mp-648179,0.8897
mp-504451,2.8966
mp-569118,1.9819
mp-1226446,1.2174
mp-562523,3.9977
mp-541742,0.1505
mp-17707,1.027
mp-607931,3.6137
mp-630851,0.4754
mp-683903,0.9588
mp-1192748,0.4346
mp-669313,1.5397
mp-1197158,0.8621
mp-1213734,0.578
mp-1201443,1.4336
mp-573369,3.7419
mp-572442,2.3644
mp-582081,5.0145
mp-572404,2.6163
mp-17450,0.8735
mp-23636,0.2279
mp-1201856,1.6332
mp-16108,4.2176
mp-541113,2.4278
mp-572271,4.9376
mp-559808,3.5723
mp-583193,1.9376
mp-1183951,0.7054
mp-1213701,2.0825
mp-1214290,3.7495
mp-1226429,2.3179
mp-1213891,4.895
mp-1197940,1.2292
mp-1226988,2.4576
mp-1118943,0.3266
mp-669364,2.4339
mp-1227999,2.3721
mp-1213725,2.0941
mp-2751042,2.3753
mp-541646,0.4886
mp-10378,0.6126
mp-579560,1.9837
mp-27629,2.3953
mp-23029,1.883
mp-29970,1.187
mp-1226687,0.4103
mp-562072,3.0838
mp-1201472,2.7517
mp-1193894,2.654
mp-1204783,2.1305
mp-1192816,2.2748
mp-17811,1.3871
mp-1213834,3.0319
mp-637194,3.9353
mp-1203917,3.984
mp-1214751,6.2612
mp-768976,3.0416
mp-13748,5.6338
mp-572833,2.3732
mp-1226868,1.4741
mp-1226825,0.8646
mp-1191952,1.4189
mp-1193021,1.0929
mp-556091,1.7232
mp-562434,3.7913
mp-17054,2.9443
mp-571397,0.6759
mp-669304,3.859
mp-1226739,0.8438
mp-696965,5.745
mp-569484,0.2181
mp-1203892,0.079
mp-12244,2.9901
mp-1192769,2.189
mp-1113152,3.6388
mp-756122,1.5853
mp-1201357,0.9707
mp-669308,2.8922
mp-756459,2.6196
mp-557858,0.1943
mp-1201643,2.1503
mp-1226167,2.8433
mp-1206041,3.1001
mp-644672,2.4005
mp-1200171,1.6048
mp-1120763,1.4894
mp-1019614,4.5889
mp-1196700,2.2297
mp-568937,4.0683
mp-1192829,4.8945
mp-1226222,1.5161
mp-1113151,5.9892
mp-770815,2.3416
mp-570262,4.2844
mp-1200647,3.1447
mp-540822,0.3956
mp-1204981,1.9114
mp-567781,1.1888
mp-1201250,1.1378
mp-1200467,3.2401
mp-1104686,2.409
mp-560944,5.1063
mp-1198646,3.0382
mp-1204289,1.4702
mp-23583,0.3154
mp-561567,4.4602
mp-1196471,2.399
mp-505031,0.123
mp-561495,0.5831
mp-1226269,3.0126
mp-1191216,0.5233
mp-616023,3.1395
mp-1205381,0.3903
mp-1201003,2.0002
mp-574485,2.1204
mp-1195705,2.0929
mp-1195417,1.3838
mp-779716,2.8955
mp-1200610,1.0706
mp-1200567,1.6894
mp-771139,2.7399
mp-1190726,2.1801
mp-1225983,1.0907
mp-561672,0.3652
mp-628617,0.3176
mp-1200353,2.1139
mp-15079,6.0451
mp-728544,0.3511
mp-562394,4.59
mp-5476,6.3717
mp-697948,3.4766
mp-690929,3.7689
mp-1192853,1.0343
mp-2646913,2.0025
mp-1226457,1.2663
mp-1228955,6.315
mp-562542,6.8635
mp-1200810,1.4593
mp-555696,3.7002
mp-17733,4.1816
mp-1202549,0.8307
mp-866688,1.392
mp-569193,1.5543
mp-574070,0.9065
mp-23436,3.6827
mp-1190733,4.289
mp-1238804,3.4095
mp-542099,2.0344
mp-1192677,0.0501
mp-1213695,1.4865
mp-683929,1.4641
mp-652494,1.3959
mp-650137,1.0022
mp-679984,0.6222
mp-553374,2.5754
mp-1019713,3.658
mp-771255,2.8227
mp-29834,2.2151
mp-574224,1.7759
mp-1226308,0.2411
mp-505014,1.1412
mp-17213,2.4607
mp-1181839,1.5921
mp-579058,0.989
mp-680198,1.3123
mp-542011,1.2347
mp-650007,0.727
mp-1198094,0.0122
mp-572715,2.0878
mp-562961,2.0623
mp-1192638,0.0235
mp-4393,1.5682
mp-573096,2.0837
mp-17951,4.6801
mp-1019612,1.6802
mp-680246,1.466
mp-768674,1.5266
mp-667336,1.1555
mp-1203593,1.0312
mp-28543,2.7365
mp-1199840,1.4867
mp-1197848,1.2854
mp-573429,3.5355
mp-644925,3.7104
mp-556893,5.4603
mp-1201412,1.3283
mp-1193337,2.0982
mp-616141,0.5621
mp-582182,0.9419
mp-1199240,3.5554
mp-1203906,1.8501
mp-556239,1.775
mp-621112,1.7925
mp-1228296,2.6061
mp-628742,0.5845
mp-554842,2.8215
mp-616140,0.6072
mp-1182756,1.7601
mp-1188281,0.512
mp-682548,2.6571
mp-1197467,2.0219
mp-16000,0.5904
mp-1178399,1.8138
mp-773199,1.1644
mp-1193081,1.644
mp-1197810,1.9469
mp-1203042,0.8856
mp-9697,0.4411
mp-1178450,2.9085
mp-1199243,1.9586
mp-1201961,0.8944
mp-22506,0.497
mp-17120,0.6537
mp-541811,0.6366
mp-557127,3.6053
mp-18315,3.1621
mp-770128,3.5237
mp-1199290,0.5172
mp-1195078,2.0327
mp-619101,0.9496
mp-1195066,0.2416
mp-581533,0.3083
mp-510075,0.8032
mp-573016,3.0056
mp-573073,0.517
mp-562028,3.431
mp-1204347,2.9731
mp-1199908,1.5773
mp-631378,1.13
mp-563023,4.9957
mp-1229160,1.4298
mp-1202213,0.926
mp-1196865,1.8541
mp-1226101,5.1424
mp-542069,3.4757
mp-561017,0.2063
mp-1197180,3.8513
mp-1198953,0.3195
mp-1201016,0.513
mp-558217,2.6458
mp-679997,3.6769
mp-866615,1.65
mp-1193928,1.0635
mp-561902,0.4114
mp-16234,0.1918
mp-1213692,0.4034
mp-10480,0.0124
mp-9206,0.0201
mp-1198931,0.4964
mp-567558,2.201
mp-8666,1.4719
mp-1096933,1.1055
mp-865980,1.4308
mp-18105,1.2669
mp-634446,2.9105
mp-505784,3.8773
mp-562920,4.8796
mp-542129,5.393
mp-29103,4.2546
mp-27260,5.3909
mp-554899,6.977
mp-1198095,5.2934
mp-24523,4.3981
mp-1191186,6.3211
mp-1225930,5.4309
mp-14069,4.2735
mp-1192933,4.4668
mp-1189272,1.3209
mp-1213699,5.4077
mp-1185571,3.8922
mp-645172,1.6457
mp-554229,2.2357
mp-30927,4.981
mp-5707,4.6128
mp-9820,5.2216
mp-776093,2.8702
mp-562403,3.7471
mp-581864,1.625
mp-2667,1.0233
mp-1200560,1.9345
mp-555376,1.5932
mp-554737,1.7962
mp-9384,2.3501
mp-9386,2.1741
mp-569548,0.653
mp-23484,0.5386
mp-1095499,1.8897
mp-572767,2.4472
mp-28453,0.7337
mp-9986,1.3835
mp-997024,1.5219
mp-1077383,1.8832
mp-574599,1.7093
mp-567913,1.0527
mp-863006,5.0467
mp-1198124,5.827
mp-3977,5.304
mp-1004528,6.3778
mp-23742,5.9007
mp-581194,6.1873
mp-680683,5.4514
mp-4057,7.6306
mp-1225884,5.7194
mp-561725,3.8457
mp-1228848,2.8051
mp-1019717,5.769
mp-573358,1.7167
mp-541722,4.6685
mp-865412,3.4706
mp-505814,1.4077
mp-1194731,2.5537
mp-557433,2.8965
mp-1096925,3.6259
mp-1019708,5.0427
mp-1192526,2.3742
mp-1192754,1.281
mp-553342,5.8834
mp-27192,7.1809
mp-1201252,5.5956
mp-1019718,5.4195
mp-9113,3.8814
mp-12262,6.6443
mp-24341,3.2298
mp-15395,5.1939
mp-1205121,0.2452
mp-1213697,2.8514
mp-29531,1.4279
mp-567928,1.4617
mp-27422,2.8234
mp-29506,2.3187
mp-541378,1.5773
mp-22906,4.2392
mp-1198032,2.5583
mp-27641,1.9977
mp-1103152,3.2844
mp-541226,3.9858
mp-28873,4.1681
mp-1029718,4.1589
mp-1225916,4.5353
mp-555131,4.1557
mp-14734,6.1248
mp-614311,4.3764
mp-1201263,5.3035
mp-1019714,5.203
mp-581330,2.0693
mp-30056,4.3923
mp-862701,4.5255
mp-1206863,5.2834
mp-7104,6.9005
mp-998428,3.8335
mp-1213700,0.1616
mp-13738,4.57
mp-1079080,0.2198
mp-1191636,1.6462
mp-541899,2.901
mp-619015,2.4918
mp-8399,3.2859
mp-1195350,1.2066
mp-1213689,0.1982
mp-574426,0.0184
mp-510569,0.9341
mp-1202824,2.2534
mp-1194418,0.0225
mp-573969,0.2913
mp-22865,4.9884
mp-30206,5.444
mp-1202342,0.3388
mp-1228915,1.4981
mp-1189724,0.4868
mp-1213696,3.146
mp-1213686,3.1264
mp-1213684,2.7386
mp-573422,1.6554
mp-540569,0.3078
mp-505149,0.0105
mp-1195248,2.5017
mp-29616,0.1533
mp-1225975,2.2148
mp-27149,2.8606
mp-1202355,3.9853
mp-1229022,3.2021
mp-1225991,2.8472
mp-562965,2.7059
mp-1103473,1.0727
mp-1196438,1.3532
mp-23017,1.4959
mp-579536,2.0373
mp-553303,1.4572
mp-7786,1.6846
mp-27336,0.3736
mp-23032,0.5494
mp-541037,1.1227
mp-553310,0.9672
mp-1198842,2.1498
mp-1201069,1.3477
mp-18003,1.7757
mp-17095,1.1049
mp-572231,3.602
mp-1213681,3.4395
mp-1190421,1.0728
mp-1213680,4.5574
mp-18672,1.1878
mp-11122,2.0718
mp-12487,1.5476
mp-754138,2.835
mp-984555,2.2244
mp-1193064,2.9319
mp-1102146,2.1541
mp-510462,1.3714
mp-1213682,4.0124
mp-569903,0.6502
mp-571010,1.0084
mp-1190252,1.1873
mp-1213445,4.5883
mp-17410,1.6728
mp-23118,0.22
mp-12488,1.5492
mp-1198204,5.1312
mp-561751,2.1441
mp-16972,2.957
mp-568606,1.3436
mp-7155,2.1566
mp-569107,1.3865
mp-1190817,0.5358
mp-638685,0.9374
mp-1213620,0.1092
mp-1784,5.2626
mp-1104989,2.3737
mp-560628,2.3514
mp-1213156,2.2281
mp-19476,0.5106
mp-757463,2.7398
mp-1213351,1.0776
mp-27570,1.3293
mp-1226043,1.828
mp-721077,2.9157
mp-744268,3.4992
mp-568620,0.6642
mp-1225937,2.6205
mp-1080749,1.976
mp-1192997,4.6479
mp-20113,2.4057
mp-644325,3.0852
mp-1213179,4.001
mp-1200987,3.5463
mp-555006,4.4182
mp-573145,2.9231
mp-1225982,0.8075
mp-1213239,0.3707
mp-1201408,4.6544
mp-672251,3.3514
mp-608516,4.491
mp-738629,5.5608
mp-1191351,4.8788
mp-1225948,4.4905
mp-1213401,2.9834
mp-1200666,4.8914
mp-5038,3.0626
mp-562726,2.6472
mp-510283,1.8736
mp-17688,1.2835
mp-541789,2.7456
mp-1213392,3.082
mp-573001,3.4183
mp-1213254,3.0973
mp-1190455,0.6226
mp-1213349,2.6213
mp-1190996,0.8937
mp-1104011,0.8503
mp-755651,2.4891
mp-9084,1.8329
mp-630711,1.749
mp-1104966,0.0839
mp-1104469,0.8743
mp-1273,1.3311
mp-553970,2.0049
mp-1068340,0.7856
mp-22988,2.1535
mp-28377,0.9905
mp-1203289,1.6633
mp-1057286,2.3475
mp-1213652,4.0637
mp-1196282,7.0151
mp-1213543,5.6517
mp-1228884,4.1517
mp-1197584,3.6551
mp-626417,4.0949
mp-1202018,3.6993
mp-1198227,2.0856
mp-541005,4.8391
mp-28204,4.7523
mp-1238754,4.9478
mp-24668,6.5123
mp-699173,4.6043
mp-625136,3.4329
mp-1204209,0.7178
mp-1183955,3.4011
mp-643586,5.6738
mp-1190463,5.3167
mp-1192419,5.3412
mp-24141,3.6444
mp-1190089,3.1146
mp-1213477,1.2179
mp-619510,1.9907
mp-1542042,2.8387
mp-29845,2
mp-561947,0.7228
mp-1213347,3.5409
mp-1213418,0.9589
mp-1213191,3.4351
mp-1190472,1.1763
mp-1213367,4.571
mp-672258,1.2914
mp-18505,0.8434
mp-12490,1.5468
mp-1213649,0.5124
mp-754154,2.8143
mp-1078726,2.2237
mp-1193331,2.9111
mp-505712,2.1295
mp-579556,1.3765
mp-614603,3.8556
mp-22876,1.6766
mp-28578,4.2243
mp-571011,1.7836
mp-22990,2.2301
mp-28295,3.0912
mp-23489,2.5553
mp-560851,4.9513
mp-16464,4.3152
mp-1229308,3.5445
mp-559213,1.47
mp-1112338,1.3782
mp-1226046,0.5898
mp-1194853,1.379
mp-607987,2.4128
mp-1200734,3.7897
mp-559459,2.4776
mp-1200720,1.6302
mp-1199743,1.3522
mp-1192413,3.066
mp-554015,5.5307
mp-557807,2.1843
mp-863759,0.301
mp-571371,3.9331
mp-551244,1.6758
mp-1190639,3.7684
mp-573324,4.8718
mp-1213137,3.7121
mp-1195628,3.61
mp-8959,1.8661
mp-581024,0.8634
mp-8564,4.0983
mp-14429,2.2621
mp-562074,1.5381
mp-654335,0.2671
mp-641018,1.6414
mp-17718,4.8722
mp-645189,1.1189
mp-559375,3.4175
mp-1213422,1.0098
mp-1213403,0.9812
mp-559234,5.0449
mp-560260,4.3402
mp-1213395,1.3172
mp-1213173,3.6495
mp-1213600,3.4023
mp-505815,1.0754
mp-1213677,0.1196
mp-12491,1.7301
mp-11124,1.4545
mp-1178449,2.9322
mp-561586,2.5035
mp-510460,1.5874
mp-1213380,1.4204
mp-569543,1.2433
mp-1019715,5.2081
mp-642740,1.997
mp-560667,5.2843
mp-697181,4.1415
mp-559238,3.1955
mp-1190687,5.326
mp-1197930,2.6009
mp-555082,3.6328
mp-1195536,3.959
mp-18704,7.0366
mp-1188344,5.1073
mp-561778,3.0669
mp-7594,6.2744
mp-1225894,0.8093
mp-551629,4.424
mp-6726,5.378
mp-1204089,0.153
mp-1178391,4.4294
mp-1225887,2.5019
mp-1213076,3.6904
mp-570921,0.9463
mp-1213389,1.3127
mp-1213268,4.658
mp-581696,1.2562
mp-1213386,6.7414
mp-1202825,2.0318
mp-1203743,1.5105
mp-12492,1.5415
mp-554854,5.2702
mp-1087532,2.2447
mp-1229321,4.8472
mp-1225922,6.8485
mp-1193046,4.2896
mp-29750,4.0445
mp-23004,5.1261
mp-1225938,1.9747
mp-1225928,3.4449
mp-1225927,5.6419
mp-721171,5.2829
mp-571020,2.9535
mp-29751,3.152
mp-1225951,4.5677
mp-761178,4.8246
mp-18329,4.4168
mp-560117,0.9425
mp-1029801,0.0357
mp-567499,1.8802
mp-23336,1.4829
mp-1228863,1.5958
mp-558702,3.4556
mp-554411,0.076
mp-1228982,1.1137
mp-1204881,3.3475
mp-758775,2.1071
mp-1202031,3.9422
mp-1204512,1.2444
mp-18994,2.2208
mp-23871,2.8052
mp-1225934,1.8989
mp-541428,2.4808
mp-1199248,2.2729
mp-581922,2.5467
mp-1213536,2.5874
mp-558321,2.5434
mp-1205190,3.4652
mp-28936,3.4794
mp-554274,2.6158
mp-1200253,2.7732
mp-1104015,3.4234
mp-1203598,3.2355
mp-18496,3.8222
mp-18527,2.8603
mp-510557,4.2395
mp-3288,2.3632
mp-561851,3.2965
mp-8871,3.2483
mp-1194719,3.3634
mp-1205112,5.3648
mp-1195634,2.5773
mp-505396,1.5078
mp-18182,3.4808
mp-1194022,1.7918
mp-581834,1.8273
mp-998609,0.0295
mp-29566,1.1046
mp-1213599,4.3489
mp-6973,2.4134
mp-8658,2.027
mp-572951,4.7271
mp-650715,3.2809
mp-505435,1.8727
mp-1025163,2.4257
mp-29394,0.4861
mp-8301,0.7328
mp-1078829,0.1814
mp-1190470,2.1634
mp-1224730,1.9649
mp-1190515,0.0112
mp-1224759,1.8178
mp-1224682,2.3774
mp-581229,2.7793
mp-1224706,2.4793
mp-1213333,3.094
mp-1190245,2.8263
mp-1195809,1.0037
mp-756040,1.9856
mp-1225008,2.3762
mp-1212711,2.0358
mp-1224833,0.9184
mp-1224711,1.6004
mp-582797,2.1748
mp-1201421,0.0298
mp-504886,2.9411
mp-772787,3.3033
mp-669509,0.5267
mp-865182,1.7563
mp-4805,2.0194
mp-1188175,0.449
mp-13973,1.3547
mp-1194754,1.3484
mp-13775,3.2104
mp-1205044,2.0209
mp-542831,3.0808
mp-1105966,0.0565
mp-542515,0.248
mp-16035,0.7729
mp-557626,3.1401
mp-1190458,0.3121
mp-14133,3.4609
mp-768273,2.387
mp-10559,1.5063
mp-1104611,0.0611
mp-1189617,0.3003
mp-568189,0.7897
mp-641576,0.8444
mp-2921,2.9042
mp-3594,2.9661
mp-1200532,0.9636
mp-1213450,3.079
mp-651160,1.9483
mp-567291,0.1301
mp-30137,1.6432
mp-17237,0.1389
mp-1224717,1.9623
mp-1188599,0.4978
mp-505046,2.7225
mp-1191117,2.4705
mp-1213017,3.2885
mp-1213337,0.3896
mp-1104036,1.754
mp-1193201,1.0937
mp-559447,2.7821
mp-560513,2.531
mp-769809,2.6563
mp-1194646,0.8445
mp-623092,1.9649
mp-1201615,3.0154
mp-554519,0.3285
mp-1205464,0.0748
mp-753421,2.7937
mp-1212867,2.8117
mp-776200,3.4222
mp-1194925,2.6591
mp-1192012,2.1031
mp-1194303,3.1001
mp-1195691,0.3102
mp-562809,1.0232
mp-549695,0.8529
mp-628631,1.3081
mp-27182,2.2701
mp-29797,0.0812
mp-23265,2.0054
mp-23050,3.0355
mp-1190957,0.2551
mp-1212488,2.4125
mp-18331,2.6309
mp-1188719,2.6147
mp-510471,0.9113
mp-510528,0.6894
mp-972965,2.8622
mp-1203437,2.8802
mp-23989,0.4366
mp-735051,2.0874
mp-1101836,3.0368
mp-1224646,2.8483
mp-625147,3.0714
mp-1197842,2.9383
mp-1207092,0.5979
mp-1212387,4.4446
mp-752520,0.2523
mp-1212862,1.1082
mp-1212640,1.7714
mp-703682,1.1582
mp-510575,0.4041
mp-559032,2.4595
mp-555179,1.3117
mp-19721,0.2072
mp-505232,3.132
mp-753721,3.3747
mp-558487,3.1808
mp-1103324,3.2911
mp-1191365,0.2727
mp-1196177,1.4795
mp-17500,2.3121
mp-558122,1.9163
mp-556135,1.4872
mp-16801,0.2226
mp-510490,1.1774
mp-556551,2.993
mp-15059,4.4342
mp-4875,3.3217
mp-39684,2.4501
mp-1212518,2.9895
mp-1212617,2.9359
mp-1212540,2.9492
mp-569393,0.4444
mp-1065609,0.0586
mp-1203163,2.0264
mp-22024,2.9685
mp-1224479,2.8117
mp-1078542,0.6655
mp-545506,0.5757
mp-530695,4.4577
mp-1212520,4.4744
mp-27218,2.9063
mp-560370,2.0309
mp-28291,4.9705
mp-1205339,3.728
mp-1212561,1.4249
mp-27625,1.5595
mp-1212555,1.6502
mp-23420,1.2366
mp-540792,2.4518
mp-27928,2.2543
mp-14791,0.4092
mp-23560,3.4941
mp-541312,0.3428
mp-1190647,4.2902
mp-975924,0.5894
mp-672289,2.064
mp-16610,1.0843
mp-557340,2.501
mp-1199965,0.5642
mp-976401,0.2973
mp-21945,0.3814
mp-680333,1.2221
mp-541844,0.1279
mp-9548,0.5113
mp-17524,0.7196
mp-1224371,0.1764
mp-29249,1.4797
mp-541610,2.597
mp-571246,3.0038
mp-30086,4.1525
mp-557432,1.7275
mp-9816,5.5005
mp-28369,4.7492
mp-1181222,5.9261
mp-27922,2.0217
mp-23266,1.9977
mp-470,1.2157
mp-1095275,0.4889
mp-28883,3.8284
mp-1197913,3.9741
mp-554699,2.7131
mp-624190,1.7579
mp-541785,1.3441
mp-1101755,1.0196
mp-20817,0.6596
mp-2242,1.2376
mp-572892,2.2646
mp-700,0.8988
mp-540625,1.7063
mp-938,0.5565
mp-1224373,0.2559
mp-24118,5.508
mp-774848,3.9706
mp-28125,7.209
mp-757652,5.3027
mp-1205028,3.0246
mp-706632,2.6639
mp-31373,5.4128
mp-730101,9.7197
mp-1198548,3.8648
mp-697111,5.5202
mp-696805,4.3246
mp-690733,6.11
mp-23866,3.3831
mp-625509,4.4183
mp-1212579,3.483
mp-2802611,5.5012
mp-27694,5.4926
mp-1184796,8.0745
mp-1524481,8.309
mp-29145,4.3412
mp-626256,3.7619
mp-27714,6.7458
mp-24463,5.4991
mp-23675,4.3113
mp-1021328,7.6375
mp-23778,5.0712
mp-721896,3.2851
mp-28281,1.5759
mp-643062,3.6458
mp-34337,4.9364
mp-23794,5.9592
mp-23798,7.0619
mp-1197921,0.4198
mp-29095,5.6476
mp-720376,3.6427
mp-560121,5.1511
mp-31043,6.9008
mp-625924,4.8125
mp-1203058,4.927727804
mp-707023,5.2732
mp-28003,7.3988
mp-1201215,1.9431
mp-2767413,4.2922
mp-761870,3.9782
mp-558867,5.2904
mp-721084,3.6926
mp-1198625,4.8649
mp-28123,7.2658
mp-1203459,5.6565
mp-28124,7.1546
mp-643735,1.0278
mp-24227,1.7803
mp-1212914,1.8003
mp-24468,5.0727
mp-28143,2.1947
mp-697283,2.1658
mp-1224602,1.4877
mp-2743354,4.9935
mp-625661,4.683
mp-1213393,3.9327
mp-1203251,2.5806
mp-632229,4.681
mp-1201974,2.5302
mp-1190216,4.6665
mp-3346792,5.2381
mp-632326,5.8162
mp-1536913,6.9766
mp-2929431,1.1496
mp-1224772,3.8657
mp-643727,3.1006
mp-697084,2.7209
mp-765597,2.8262
mp-2211970,3.509
mp-602659,2.9306
mp-23158,17.6377
mp-28040,5.7195
mp-650960,5.2834
mp-687090,3.2774
mp-14444,2.3179
mp-29420,1.3426
mp-571313,2.799
mp-29419,1.2626
mp-1198074,1.4675
mp-1198311,1.3377
mp-984696,0.505
mp-35799,2.9368
mp-780075,1.9895
mp-555344,4.9045
mp-2713179,5.0061
mp-1017567,0.8851
mp-1224490,1.7838
mp-1029330,0.6071
mp-2713341,4.5141
mp-1212249,0.7609
mp-761033,3.1348
mp-776470,1.2648
mp-1212441,0.742
mp-1224517,1.7083
mp-705900,2.8327
mp-570700,0.5025
mp-1212496,0.0161
mp-1212485,1.3758
mp-559617,4.4146
mp-1212517,4.2933
mp-568346,2.1298
mp-29422,4.1668
mp-3650,0.0517
mp-31033,5.4058
mp-567817,0.3307
mp-1200257,6.1892
mp-1194675,4.6357
mp-571445,2.5501
mp-1198529,1.3812
mp-1202310,2.0914
mp-569059,2.3487
mp-567441,0.9778
mp-2713884,4.8165
mp-1245813,0.8472
mp-1205992,4.9479
mp-541911,2.2055
mp-2713909,2.9362
mp-558963,3.1655
mp-924128,0.3869
mp-352,4.0165
mp-768745,5.5167
mp-985829,1.2237
mp-9922,1.1326
mp-557792,3.2563
mp-1224358,0.1391
mp-985831,0.5342
mp-4609,5.0221
mp-866062,0.1695
mp-11869,0.0338
mp-8725,1.1981
mp-2713724,3.778
mp-18352,3.8945
mp-1212434,1.0147
mp-1224453,2.6073
mp-1189341,0.6334
mp-1102545,0.6963
mp-645513,3.4877
mp-1212147,4.9416
mp-9396,0.7967
mp-9397,0.42
mp-1212176,4.7684
mp-505679,2.7436
mp-557938,3.2213
mp-2713876,4.8209
mp-1014251,2.3179
mp-3810,0.7083
mp-29170,1.5738
mp-554921,1.1861
mp-761037,2.6494
mp-23407,2.6932
mp-27779,1.73
mp-15994,2.5782
mp-754065,0.5173
mp-542596,1.258
mp-1224171,1.3079
mp-540925,1.4207
mp-1202858,2.1278
mp-3167,0.4336
mp-28136,0.9192
mp-558802,1.8942
mp-5824,1.5703
mp-28455,1.4842
mp-27171,1.8095
mp-28875,1.1347
mp-561472,1.452
mp-7461,1.9921
mp-1195797,1.7275
mp-557637,2.329
mp-30123,1.0118
mp-570125,1.8821
mp-29894,1.9052
mp-8975,1.0974
mp-4710,2.629
mp-559722,0.8522
mp-12199,1.5071
mp-29096,1.487
mp-23418,1.9398
mp-7580,1.8372
mp-29956,1.3129
mp-31075,1.3272
mp-27851,1.7701
mp-1212164,1.9752
mp-29955,1.297
mp-27853,1.704
mp-27852,1.9134
mp-28579,1.4667
mp-27292,2.6234
mp-555833,1.7802
mp-4445,0.5021
mp-1203433,1.3663
mp-1104411,2.7814
mp-1192395,3.0056
mp-1198489,1.1443
mp-554914,2.2021
mp-30890,0.5752
mp-542115,1.8689
mp-754598,0.4367
mp-29097,2.0454
mp-29102,2.3567
mp-3538,1.2369
mp-1190557,2.3713
mp-1194941,2.105
mp-31132,0.2036
mp-29710,1.5885
mp-646297,1.8082
mp-29043,0.7268
mp-23358,0.1862
mp-28889,1.5463
mp-570652,1.3316
mp-568828,1.079
mp-1200201,2.1079
mp-23453,1.0115
mp-29958,1.6085
mp-541193,1.3838
mp-1205446,0.6139
mp-568804,1.1979
mp-1105456,3.3206
mp-1194683,3.0664
mp-1195481,2.1803
mp-1195247,2.4936
mp-30284,1.2351
mp-16585,2.7564
mp-23177,2.2557
mp-23292,2.5527
mp-27994,3.2015
mp-22897,2.7243
mp-22855,2.8686
mp-706,1.7704
mp-8177,0.9687
mp-1212424,2.2238
mp-24426,1.4897
mp-24294,2.3817
mp-696272,1.5664
mp-23844,1.4591
mp-22859,1.6513
mp-23192,1.3324
mp-557250,1.9661
mp-19363,2.2557
mp-542289,2.5687
mp-1224,1.1867
mp-22574,1.3483
mp-1190352,1.3365
mp-1195071,2.0719
mp-27178,1.7549
mp-7293,1.2066
mp-546862,2.2478
mp-35659,1.3192
mp-1200258,2.6024
mp-1106367,1.0475
mp-3228,1.3525
mp-1199212,0.2019
mp-1195399,2.2327
mp-559509,2.5858
mp-1018722,1.0432
mp-9228,2.5571
mp-10796,0.844
mp-1192364,2.4788
mp-29796,4.0022
mp-680713,5.6931
mp-770754,5.7915
mp-1224178,1.4907
mp-683980,3.4108
mp-1200900,3.2838
mp-1202425,5.6162
mp-1212366,0.3817
mp-2214312,1.9447
mp-677152,1.577
mp-1203269,0.015
mp-557285,2.8672
mp-1197586,0.0479
mp-1212381,3.5751
mp-768978,5.9904
mp-769014,3.9629
mp-771136,3.8112
mp-541349,1.6192
mp-7013,5.0859
mp-20374,3.9966
mp-9006,1.1355
mp-6942,1.1172
mp-1190336,3.0518
mp-753692,3.252
mp-697339,4.9922
mp-1212595,3.1817
mp-1232270,1.9659
mp-754918,1.1659
mp-1212340,1.8696
mp-29142,3.3221
mp-16811,2.1491
mp-16779,3.5318
mp-812,3.9458
mp-1178175,1.1706
mp-755635,1.5069
mp-878,1.4613
mp-12670,3.0283
mp-9824,1.315
mp-13974,2.1517
mp-18662,5.3233
mp-6825,3.2459
mp-17065,4.702
mp-3884,2.7013
mp-1189209,0.5308
mp-542514,3.2395
mp-5572,3.0121
mp-1178173,0.7162
mp-768762,3.0134
mp-1223956,1.7469
mp-768695,3.0657
mp-768605,3.2849
mp-775211,3.643
mp-14388,4.7538
mp-1189310,0.3143
mp-555509,1.7592
mp-17486,1.8225
mp-1197194,0.0276
mp-15575,3.535
mp-1189051,2.0941
mp-769345,1.7553
mp-1106363,0.5576
mp-771762,3.1437
mp-1212301,2.7558
mp-2212065,3.7427
mp-1212436,4.764
mp-13840,4.423
mp-607806,1.5205
mp-16165,5.2841
mp-31416,3.4507
mp-1201547,4.7732
mp-1154,0.751
mp-1212299,0.0156
mp-1212308,0.0364
mp-1200540,0.2507
mp-1193486,0.0043
mp-1224122,4.132
mp-1202615,0.7306
mp-1212353,0.03
mp-1199465,2.9414
mp-753766,0.0359
mp-1212377,0.0132
mp-1212285,1.2613
mp-1188549,0.0819
mp-1191834,0.0072
mp-1192267,0.0032
mp-18262,2.0621
mp-12955,1.2712
mp-12904,0.8999
mp-12944,3.609
mp-1102733,0.0177
mp-2011092,0.4684
mp-1212091,0.2103
mp-1191115,0.5762
mp-976384,0.2705
mp-752713,5.4365
mp-546625,1.3665
mp-549127,1.371
mp-551101,1.3911
mp-977375,2.8409
mp-1178160,4.5018
mp-864662,3.7011
mp-29731,5.1804
mp-1191543,0.1678
mp-756834,2.4964
mp-19076,0.2968
mp-1105351,2.6338
mp-1224006,1.5996
mp-6244,1.1844
mp-12453,1.6073
mp-561877,7.7482
mp-976713,4.7027
mp-626173,3.9486
mp-24012,1.4981
mp-864657,2.2181
mp-753173,3.4546
mp-510225,1.1552
mp-2899517,0.3766
mp-1193901,1.8564
mp-558005,2.7162
mp-883,0.0875
mp-3144,3.4844
mp-1018139,0.1941
mp-4174,0.292
mp-1072114,5.0894
mp-1225006,2.1728
mp-1195109,5.5976
mp-9851,0.1063
mp-12237,5.436
mp-4104,5.9209
mp-1190574,0.294
mp-18532,2.173
mp-1223799,2.4203
mp-17651,2.3045
mp-1212108,0.9606
mp-10931,1.2996
mp-1018731,2.7206
mp-769118,1.191
mp-1212288,2.3323
mp-23587,4.3572
mp-1095263,2.8304
mp-30390,0.022
mp-5985,4.0406
mp-558875,2.9145
mp-559805,3.8573
mp-1212080,3.123
mp-1212243,3.291
mp-1212131,2.9276
mp-1007665,1.4885
mp-569178,1.2588
mp-1007663,0.7305
mp-18734,2.9805
mp-1525634,1.2444
mp-23153,0.9846
mp-23261,2.7278
mp-27639,1.4023
mp-567998,1.8522
mp-1546049,1.5693
mp-27729,1.796
mp-23257,4.6921
mp-27988,1.4397
mp-29946,2.8952
mp-559377,3.637
mp-626412,3.1591
mp-23559,3.0751
mp-14535,4.44
mp-1204264,1.4187
mp-40373,1.9916
mp-1029677,2.2323
mp-705134,3.7398
mp-27753,1.4293
mp-686581,0.9618
mp-541450,3.7535
mp-30325,3.538
mp-1212349,2.3097
mp-28091,3.0649
mp-1224076,1.088
mp-1191856,3.1511
mp-650840,1.2004
mp-685014,2.0644
mp-1200516,0.3895
mp-560314,4.1315
mp-1212052,0.0053
mp-1201574,2.1903
mp-22356,0.3467
mp-20731,0.6337
mp-19765,0.5295
mp-22598,0.6305
mp-17100,3.6658
mp-31232,2.0734
mp-755116,2.1962
mp-22216,0.8856
mp-1199125,2.8578
mp-612740,0.9903
mp-542840,3.4458
mp-1197742,0.8515
mp-504908,1.0166
mp-28708,3.132
mp-607450,0.229
mp-568493,2.0965
mp-1212594,1.3042
mp-616327,1.1004
mp-1200791,2.988
mp-556528,1.0696
mp-646878,1.176
mp-617281,0.1224
mp-36751,0.1035
mp-1224092,0.2236
mp-1224268,0.1788
mp-28112,2.9777
mp-1212167,0.4548
mp-1224528,0.1415
mp-510347,1.1149
mp-31263,1.2286
mp-21084,0.5672
mp-22186,1.3445
mp-1224649,0.9293
mp-28730,2.1915
mp-558992,0.4103
mp-669311,0.8223
mp-22661,1.1483
mp-20902,0.6041
mp-2761520,1.1389
mp-1223893,0.857
mp-20329,0.2347
mp-1204248,2.4499
mp-19833,0.3773
mp-1224048,0.9215
mp-22386,0.065
mp-1195503,2.8192
mp-1188700,2.1239
mp-8586,4.5332
mp-7027,2.6556
mp-752709,4.0764
mp-559521,1.5805
mp-22870,1.2571
mp-568108,2.4137
mp-570219,2.489
mp-27703,1.9948
mp-23276,2.2049
mp-1212122,3.0226
mp-862983,3.0122
mp-27702,2.3645
mp-1077901,0.1967
mp-1223929,1.1346
mp-1224210,0.6493
mp-6949,4.0226
mp-571379,3.8431
mp-541283,2.9288
mp-504951,2.0937
mp-504952,1.3166
mp-1199676,3.6327
mp-1204788,5.5754
mp-1213492,3.9872
mp-863731,3.6374
mp-733932,3.5049
mp-1201210,3.7155
mp-849391,3.7734
mp-560404,3.4401
mp-571341,1.4202
mp-1203885,1.127
mp-1196151,1.4549
mp-23202,1.3412
mp-29312,1.8886
mp-567789,2.2833
mp-1212006,1.4768
mp-27175,1.3307
mp-20351,0.4546
mp-766835,4.0305
mp-2912499,4.8291
mp-1203117,4.0204
mp-764968,3.783
mp-7566,2.3482
mp-20790,2.3185
mp-1212060,4.3537
mp-19795,1.3508
mp-1196350,2.9879
mp-559864,1.5308
mp-556541,1.5525
mp-1224667,2.5289
mp-1200631,3.4854
mp-1223746,1.5391
mp-1212067,0.9406
mp-21365,1.4761
mp-20485,0.459
mp-1198762,3.3798
mp-505357,1.6754
mp-567931,0.4816
mp-998567,3.0433
mp-29236,1.7356
mp-504630,1.6633
mp-557992,3.0755
mp-29234,1.7076
mp-680058,1.7538
mp-510727,3.178
mp-1195597,1.5193
mp-1196619,1.5989
mp-1190246,0.152
mp-1188655,0.7821
mp-27397,1.5604
mp-568208,1.9582
mp-2437,1.1411
mp-560553,0.7714
mp-1025442,1.3847
mp-2833,0.5371
mp-28211,1.8369
mp-1361,0.0517
mp-1198890,4.3822
mp-24239,5.5284
mp-752629,0.2643
mp-1192374,0.6616
mp-9797,1.1173
mp-1211981,1.4135
mp-1192538,0.5192
mp-28769,1.1727
mp-561973,1.0307
mp-690511,0.3409
mp-582813,0.6447
mp-1196541,5.3659
mp-1224638,0.9145
mp-680237,2.4587
mp-1224229,2.1377
mp-680539,0.0282
mp-1194660,0.5584
mp-560465,1.7462
mp-1204429,0.5551
mp-570411,1.5563
mp-14679,2.2505
mp-554146,1.8384
mp-1195294,0.8916
mp-1029850,0.709
mp-1029869,1.3026
mp-1029965,0.0624
mp-1029863,0.0478
mp-1030950,1.5284
mp-674338,1.3461
mp-558482,2.1335
mp-542749,0.8621
mp-31012,1.0786
mp-28501,1.0868
mp-541638,1.4696
mp-541060,1.1361
mp-541353,1.032
mp-541354,0.8983
mp-695298,2.5818
mp-541915,1.401
mp-558500,1.688
mp-1188845,1.0778
mp-570887,0.8472
mp-7494,0.1283
mp-559880,0.7928
mp-7642,1.0719
mp-27549,0.6783
mp-1110920,2.0583
mp-1104293,0.6126
mp-9778,1.232
mp-1111950,1.4182
mp-7643,1.1871
mp-560217,4.5949
mp-554959,3.5034
mp-17886,1.3376
mp-9486,6.3239
mp-1203080,5.7847
mp-8147,0.6458
mp-1079513,0.3521
mp-9511,0.9988
mp-1196329,4.3998
mp-1195201,1.9927
mp-4351,2.5194
mp-1202890,4.1143
mp-542637,1.6406
mp-721901,5.2209
mp-17166,4.821
mp-1224203,3.7037
mp-1224055,4.5136
mp-863761,0.15
mp-1212599,0.9839
mp-557802,4.9141
mp-561549,4.83
mp-557472,5.035
mp-1212143,5.2411
mp-5185,6.8508
mp-510545,5.4383
mp-542813,3.8147
mp-27915,2.9234
mp-1202167,2.9708
mp-28800,0.8361
mp-1084770,0.8705
mp-561290,4.7686
mp-1197978,3.6573
mp-556606,3.5848
mp-772808,3.8382
mp-989591,0.9144
mp-10408,3.1433
mp-3963,3.649
mp-6494,4.3534
mp-15600,5.6275
mp-1019747,4.1123
mp-1019746,4.594
mp-557367,3.513
mp-1223917,4.402
mp-555914,4.8873
mp-557832,2.0329
mp-6724,3.7528
mp-7534,0.6513
mp-571637,1.8823
mp-18101,1.9018
mp-1198419,1.4028
mp-1212732,2.3122
mp-697945,2.9829
mp-27742,1.3562
mp-554382,3.7795
mp-2046082,0.1648
mp-541538,2.9406
mp-1079679,0.0595
mp-2043826,0.0482
mp-1194826,1.4957
mp-1079645,1.6721
mp-1206020,0.5589
mp-558886,1.3968
mp-1195550,1.4179
mp-557649,2.187
mp-1019774,0.1708
mp-1212039,0.1634
mp-1212138,0.3104
mp-1206010,2.1176
mp-1204865,1.0173
mp-21542,0.0481
mp-21807,2.7281
mp-1212556,0.9723
mp-23515,0.8932
mp-1206883,1.1713
mp-542902,3.134
mp-1223804,2.5372
mp-1211977,0.551
mp-28890,0.1699
mp-645301,2.6854
mp-1195899,3.4852
mp-505285,2.9618
mp-24816,2.7899
mp-561028,2.7644
mp-555898,2.4339
mp-1212394,3.8102
mp-2047105,0.7034
mp-510467,2.3851
mp-866709,2.0316
mp-2767744,3.2795
mp-756910,1.7717
mp-561541,2.4957
mp-542332,0.5492
mp-1023132,0.5853
mp-6598,0.8983
mp-559644,1.9627
mp-556074,0.0913
mp-556787,0.1405
mp-15684,1.0674
mp-1110871,1.1617
mp-571440,1.9018
mp-8388,0.3824
mp-8446,1.1421
mp-560601,0.731
mp-1105938,0.8802
mp-977368,0.7293
mp-1212062,4.9233
mp-1212010,6.7515
mp-558276,3.4576
mp-17371,6.7896
mp-1212263,0.1588
mp-1198799,0.0981
mp-628804,0.339
mp-619092,1.8765
mp-1200218,3.6361
mp-1205367,2.9703
mp-696335,2.7881
mp-542146,4.4501
mp-19320,1.6183
mp-1224019,2.9297
mp-773453,1.1862
mp-15432,1.6704
mp-561525,3.7999
mp-15433,1.1651
mp-10973,1.5668
mp-1112284,2.243
mp-15415,1.0207
mp-15417,1.2309
mp-1224478,4.9272
mp-30077,1.2152
mp-1195504,2.5191
mp-1199482,0.9272
mp-1212034,2.5725
mp-642655,0.2424
mp-560685,3.1784
mp-1019775,3.7824
mp-771185,3.015
mp-608014,3.1648
mp-561132,2.2113
mp-541878,2.3273
mp-29388,1.9498
mp-8930,0.8442
mp-7825,5.7998
mp-9692,1.7264
mp-29022,1.7939
mp-28126,1.0714
mp-696941,0.8767
mp-1197713,3.7575
mp-1191702,4.7665
mp-1203386,2.1428
mp-643257,2.3826
mp-974713,3.2487
mp-29330,7.3004
mp-643801,2.1354
mp-643279,3.9976
mp-24589,3.5348
mp-733853,3.2141
mp-1201301,4.4449
mp-14128,6.4694
mp-568855,1.4002
mp-17792,1.5521
mp-17307,1.2695
mp-1211986,1.7408
mp-1212008,1.1091
mp-1211969,1.3918
mp-561222,2.0322
mp-725973,2.3613
mp-5860,2.0773
mp-28859,2.1351
mp-1172870,0.8687
mp-1212046,4.9926
mp-1212022,7.1033
mp-555335,4.5636
mp-581517,1.1955
mp-21836,0.8553
mp-21741,1.0007
mp-1199715,1.5675
mp-579637,1.2072
mp-21705,1.4892
mp-21713,1.2031
mp-766966,3.6612
mp-862780,1.8784
mp-775466,4.2809
mp-1019777,4.2792
mp-1223734,1.1627
mp-1212029,3.3763
mp-1201545,4.1634
mp-1212017,2.7532
mp-542081,2.3832
mp-542078,1.4904
mp-1204933,2.5845
mp-1198663,2.3848
mp-504806,2.0182
mp-17208,4.356
mp-1019778,5.5906
mp-757868,1.4735
mp-16955,3.0917
mp-17774,3.5967
mp-774432,1.8411
mp-556996,7.2688
mp-23774,2.5761
mp-6450,1.8853
mp-1019782,5.5562
mp-557632,3.5825
mp-1110869,3.6182
mp-1111927,4.1644
mp-1207213,0.9248
mp-1112185,3.9473
mp-9703,1.1937
mp-1111112,6.1271
mp-1197982,3.7751
mp-505431,1.1838
mp-1111671,5.2984
mp-1111126,5.0952
mp-1110837,4.4161
mp-695505,2.295
mp-759900,4.0545
mp-1111665,1.7665
mp-1111110,6.7733
mp-680450,1.0043
mp-684817,3.0431
mp-558369,3.9761
mp-767165,1.6022
mp-1111986,3.6296
mp-1211957,6.7715
mp-677250,4.3228
mp-8127,4.0486
mp-759183,2.5305
mp-11643,1.8749
mp-1212049,3.8881
mp-6299,5.6845
mp-13613,7.1325
mp-1224589,4.389
mp-27207,4.7652
mp-24835,2.8687
mp-31212,6.4059
mp-1212053,3.4802
mp-1198329,3.9457
mp-23956,3.4385
mp-1223767,3.3616
mp-757963,4.9095
mp-699266,5.2249
mp-1181784,4.347
mp-755802,2.7608
mp-555398,3.4571
mp-1204159,5.3681
mp-667292,4.7841
mp-15171,4.2164
mp-19459,3.662
mp-1223759,3.0641
mp-19137,3.6409
mp-669410,0.8791
mp-6531,4.5728
mp-699937,4.7164
mp-558599,3.7232
mp-1195778,0.6157
mp-863756,4.4833
mp-762295,1.9596
mp-1195006,2.1887
mp-27304,1.0996
mp-557610,2.807
mp-560127,3.3143
mp-696630,1.3385
mp-1223747,2.671
mp-1211832,2.0705
mp-554535,4.307
mp-769604,1.1157
mp-8713,0.972
mp-18838,1.5234
mp-8716,0.9895
mp-628305,0.2833
mp-18251,2.41
mp-19228,2.0298
mp-542671,2.9387
mp-558124,2.8802
mp-27597,3.4081
mp-1224145,2.4334
mp-1195788,2.787
mp-560268,2.6696
mp-540788,3.3529
mp-561554,2.7838
mp-559914,2.767
mp-18914,4.3175
mp-542210,3.0368
mp-17980,1.4128
mp-558293,5.3035
mp-866641,2.11
mp-680381,3.0952
mp-559878,0.3121
mp-1201519,3.78
mp-1200960,3.762
mp-1198935,3.9738
mp-504962,2.0657
mp-1019781,4.3865
mp-541694,0.8901
mp-17375,1.5642
mp-14324,2.4341
mp-1223676,0.0758
mp-560176,6.8339
mp-9069,1.026
mp-6586,6.858
mp-24412,2.3466
mp-9068,1.4926
mp-34127,0.1469
mp-1111108,4.4981
mp-567836,1.771
mp-1110896,3.7886
mp-720410,3.4517
mp-1111105,2.9932
mp-1206266,1.3875
mp-554252,4.2057
mp-13797,0.7248
mp-558674,4.0922
mp-9676,0.8055
mp-1111106,5.952
mp-9666,1.3079
mp-695963,2.6016
mp-505771,4.5568
mp-21510,0.6229
mp-6686,5.2445
mp-21511,1.0504
mp-505767,0.5808
mp-1111639,5.0025
mp-1079339,1.5314
mp-555116,1.8125
mp-556487,3.9023
mp-14039,2.0001
mp-1111649,3.0952
mp-6058,6.7497
mp-42190,3.964
mp-13798,3.6205
mp-560950,1.2619
mp-39843,2.8422
mp-1019787,4.2359
mp-766427,4.095
mp-559790,2.3144
mp-17508,1.814
mp-686747,1.7961
mp-15214,2.1291
mp-9763,1.9582
mp-9003,1.6164
mp-4758,4.5275
mp-555717,0.2913
mp-1211863,3.9512
mp-1211903,4.7465
mp-1211860,6.6758
mp-1211886,3.041
mp-16690,2.4772
mp-554864,3.4841
mp-556059,2.944
mp-556279,3.2782
mp-17228,0.7686
mp-1188089,0.4373
mp-9673,0.0803
mp-556546,3.6693
mp-605034,2.3603
mp-24133,4.9007
mp-1202063,3.6116
mp-24573,4.4558
mp-19252,0.577
mp-9672,0.6445
mp-556502,3.4701
mp-761179,4.5444
mp-1025162,0.2662
mp-971,1.7072
mp-2672,2.3575
mp-762088,1.6618
mp-558480,5.0435
mp-7505,1.0789
mp-1224154,1.1969
mp-561311,4.0913
mp-569857,1.0327
mp-667288,5.1533
mp-9687,0.9515
mp-9509,1.5691
mp-1211877,4.0697
mp-733468,4.6712
mp-6441,4.4668
mp-1202353,2.887
mp-31314,1.9739
mp-542445,3.8837
mp-21099,4.436
mp-20694,1.6907
mp-1194624,3.2869
mp-1211440,1.6065
mp-556517,1.9147
mp-561277,1.1376
mp-556518,1.8362
mp-1195978,1.4223
mp-9910,1.2114
mp-14339,0.764
mp-27138,1.2049
mp-1205761,0.5077
mp-1068977,1.4304
mp-22956,1.4279
mp-23067,1.2027
mp-28163,1.8732
mp-7979,2.0399
mp-540584,1.3697
mp-1068941,1.117
mp-1069706,0.8458
mp-28276,4.0688
mp-569967,4.8776
mp-28277,3.1107
mp-1062676,1.3146
mp-27691,1.1688
mp-976876,0.9938
mp-22934,1.8196
mp-23513,1.8566
mp-3821,2.5717
mp-28247,0.866
mp-558532,2.7133
mp-7928,1.2356
mp-8621,0.9345
mp-29334,0.0608
mp-2760749,1.1938
mp-505397,0.3467
mp-1211726,0.9804
mp-621964,2.1311
mp-1211702,3.4091
mp-1211720,3.3886
mp-21331,3.3892
mp-1211709,3.3687
mp-1211738,3.4692
mp-1211699,3.3743
mp-558227,2.6186
mp-1211725,3.4296
mp-1211736,3.424
mp-1211745,3.0768
mp-1211767,3.1226
mp-19428,3.3975
mp-1211717,3.369
mp-1211701,3.3843
mp-680168,1.3282
mp-39938,1.2982
mp-23021,0.97
mp-22947,1.0776
mp-7824,1.6997
mp-27595,1.0873
mp-29877,5.213
mp-560144,1.5777
mp-1097045,0.0202
mp-557702,1.5411
mp-560966,1.7638
mp-17789,0.1696
mp-1022,2.3201
mp-562102,5.2193
mp-7667,1.2855
mp-17146,1.9299
mp-27792,4.6367
mp-4529,5.2168
mp-27140,1.8586
mp-863757,1.0023
mp-27241,3.2628
mp-1205394,4.6217
mp-1194509,3.1185
mp-756981,3.8333
mp-560240,2.6337
mp-554643,4.9328
mp-1225084,3.0902
mp-1195538,1.7243
mp-772763,4.3736
mp-557777,4.7453
mp-1212024,2.5709
mp-8426,2.0925
mp-559568,3.5551
mp-1190160,3.0355
mp-7670,0.644
mp-23036,1.6978
mp-557025,3.7587
mp-1019785,5.3537
mp-29825,4.4142
mp-556797,4.0129
mp-558603,4.4376
mp-18460,4.3997
mp-6984,1.0036
mp-13002,7.1895
mp-697910,4.0189
mp-15379,3.9353
mp-8235,1.2087
mp-571473,1.2038
mp-555268,0.2757
mp-1211730,4.0333
mp-1211774,4.78
mp-17434,6.7623
mp-1199136,4.0009
mp-555587,2.2591
mp-10776,1.0089
mp-557121,1.6433
mp-643371,2.4109
mp-510002,3.6828
mp-1204525,3.4436
mp-18115,1.7526
mp-8624,1.3022
mp-8965,1.4063
mp-8966,0.8429
mp-1195395,1.8166
mp-1024073,1.5671
mp-574040,1.6124
mp-571453,2.6777
mp-1205971,5.1508
mp-568968,1.4785
mp-1223855,0.6228
mp-752692,1.6021
mp-17730,2.1547
mp-554825,4.1651
mp-1120733,2.2443
mp-9693,1.646
mp-29835,0.9613
mp-28080,0.5369
mp-569413,1.0688
mp-558990,5.6094
mp-863758,0.3152
mp-557747,4.8616
mp-7148,2.0748
mp-554684,2.2143
mp-19075,3.0368
mp-1200300,3.9009
mp-6651,4.012
mp-31360,1.4543
mp-1195471,3.3655
mp-15216,2.4916
mp-8972,2.0288
mp-3975,5.6081
mp-1211737,4.9948
mp-1211691,6.793
mp-1201694,2.6599
mp-1206472,1.0368
mp-27632,1.1426
mp-1091363,1.7181
mp-1211633,4.9451
mp-573568,0.7245
mp-1747,2.141
mp-558216,2.8707
mp-29380,1.2765
mp-29129,3.4293
mp-1206350,0.2103
mp-8623,0.7917
mp-7289,0.5752
mp-29128,2.9189
mp-22963,2.336
mp-569149,2.5557
mp-554532,4.488
mp-1211923,3.409
mp-723043,3.4641
mp-27688,1.7449
mp-1211929,2.9747
mp-8724,3.5774
mp-773785,2.7853
mp-29692,2.3419
mp-28419,1.7896
mp-1195548,3.8901
mp-1212266,3.5914
mp-568203,1.7673
mp-1194804,3.6343
mp-14193,6.3807
mp-1211547,3.7257
mp-1211474,1.6735
mp-556719,3.3818
mp-1223905,1.5201
mp-28075,3.2006
mp-8065,2.7535
mp-677733,2.9115
mp-27839,2.0826
mp-1224541,2.6824
mp-3970,4.7349
mp-1191204,4.7659
mp-13133,3.4121
mp-556623,3.0316
mp-28766,1.1215
mp-758597,3.1248
mp-1211941,3.6582
mp-1178146,1.2579
mp-1211536,7.114
mp-558075,2.3125
mp-542317,2.0582
mp-29361,1.6483
mp-556374,1.8921
mp-11887,1.8601
mp-558707,2.4207
mp-28776,0.1058
mp-28496,0.1199
mp-553996,2.141
mp-556764,2.2171
mp-3808,1.9773
mp-18935,2.74
mp-1190373,2.582
mp-16787,2.0466
mp-743881,1.9811
mp-8900,1.305
mp-14634,0.9843
mp-1223921,0.4375
mp-15147,1.2343
mp-15220,1.1253
mp-23839,0.2351
mp-18832,2.9836
mp-1224276,2.7902
mp-754947,1.6838
mp-558956,3.3687
mp-19037,2.4361
mp-757860,1.9062
mp-18780,4.3858
mp-1211879,1.9435
mp-18138,1.319
mp-863763,0.7047
mp-560785,1.7939
mp-1211533,4.7832
mp-17077,6.81
mp-532704,4.7808
mp-532727,4.5764
mp-560398,2.8725
mp-722979,1.98
mp-555652,4.5647
mp-555568,4.2665
mp-555318,3.9235
mp-1195072,1.5684
mp-12194,3.6629
mp-560668,4.2079
mp-1195606,4.126
mp-28371,1.4102
mp-707310,5.0529
mp-1147664,2.5684
mp-1232308,1.9383
mp-1191100,0.1605
mp-23535,3.6771
mp-653633,4.5128
mp-9583,4.3016
mp-6386,3.0302
mp-1197205,3.6817
mp-695998,4.141
mp-863752,3.1176
mp-1211403,3.0987
mp-8187,1.9785
mp-16695,4.129
mp-1147773,2.8043
mp-1232317,2.3191
mp-541537,3.7041
mp-12535,2.0537
mp-8891,3.4092
mp-1223853,4.4906
mp-6600,4.813
mp-1199679,5.1419
mp-707219,5.1227
mp-17888,5.4252
mp-5450,5.5362
mp-1211889,2.6176
mp-16871,3.9148
mp-1196802,6.3496
mp-18449,3.6617
mp-560331,2.0197
mp-559489,4.5247
mp-720643,4.9328
mp-29602,0.3739
mp-2740887,0.2216
mp-27565,1.3828
mp-1225940,0.1801
mp-1225850,0.2867
mp-1228670,0.0131
mp-14206,1.2533
mp-572510,1.7513
mp-1197607,4.521
mp-1197125,3.2748
mp-560629,4.6074
mp-28347,1.1862
mp-558240,5.7015
mp-541682,0.4517
mp-561447,5.217
mp-1201513,6.431
mp-24034,2.8773
mp-9157,2.8977
mp-541684,0.9708
mp-18217,2.7325
mp-18378,2.2172
mp-14018,0.1118
mp-1197620,1.5724
mp-541000,1.5084
mp-680329,1.5521
mp-680301,3.3075
mp-1193111,2.5958
mp-3797,2.1312
mp-18594,2.1248
mp-1197539,1.1131
mp-1211803,0.8134
mp-9200,0.5612
mp-15571,2.0524
mp-1019789,5.2917
mp-23612,5.212
mp-1189091,5.3729
mp-560796,1.0387
mp-18292,2.3212
mp-2767430,0.9344
mp-556958,1.1943
mp-559256,2.9165
mp-1205351,1.6577
mp-4412,1.3261
mp-15897,2.5019
mp-14912,2.2305
mp-641010,0.8813
mp-1223217,0.6467
mp-569576,1.9652
mp-1185199,0.0059
mp-29070,1.8211
mp-619791,1.6562
mp-571432,1.5131
mp-559298,3.3095
mp-1224631,1.5881
mp-555253,1.5072
mp-559474,1.2107
mp-37829,1.3004
mp-35907,1.2116
mp-1223157,1.9469
mp-1200333,0.6317
mp-31322,0.0879
mp-1223425,2.6035
mp-559994,1.4091
mp-1223262,1.9579
mp-1223361,0.9031
mp-19992,1.9728
mp-755135,3.4959
mp-1223149,1.9847
mp-555890,0.4052
mp-1202486,0.0446
mp-570305,0.0142
mp-1223362,3.5412
mp-1195582,1.9358
mp-1223370,2.3602
mp-1223592,2.175
mp-1223486,1.694
mp-1224434,1.9284
mp-567777,0.2278
mp-1195616,2.6566
mp-558465,3.7648
mp-753260,2.8267
mp-1079283,2.4765
mp-1080060,3.7121
mp-1102055,0.184
mp-1079050,2.693
mp-4917,4.0025
mp-1103471,0.054
mp-28853,1.7977
mp-559417,4.1541
mp-1223430,5.3268
mp-1202407,3.4857
mp-30926,4.4998
mp-29597,2.1728
mp-8216,4.5007
mp-1205991,1.3154
mp-546672,1.2225
mp-1206717,0.1217
mp-23263,2.9266
mp-1180738,2.1086
mp-23023,3.7256
mp-567373,3.2
mp-556405,2.6828
mp-638731,3.9263
mp-14555,4.4529
mp-22896,3.6454
mp-23025,4.0688
mp-1078624,0.0422
mp-989643,0.4901
mp-1288145,0.9497
mp-24050,2.5457
mp-19281,2.3706
mp-1105175,2.7585
mp-20072,2.5216
mp-4841,1.2346
mp-6088,1.6685
mp-11790,0.8712
mp-552488,1.5381
mp-10288,0.5769
mp-558977,1.1359
mp-905,6.0429
mp-1078634,1.9509
mp-1297758,2.4782
mp-4816,2.2366
mp-1222988,4.2222
mp-558126,4.4568
mp-696944,3.5974
mp-28255,2.4315
mp-626724,3.839
mp-1212028,2.6835
mp-765350,1.5911
mp-1200097,0.7588
mp-1222979,4.9618
mp-27979,2.0709
mp-30993,3.2887
mp-1106374,2.2322
mp-557758,4.7555
mp-703316,2.645
mp-1223152,4.2129
mp-1194207,1.8558
mp-1204388,2.7474
mp-989631,2.0751
mp-29183,0.4163
mp-542724,3.8042
mp-557784,3.2978
mp-1222992,1.0783
mp-8111,4.205
mp-2804,0.5563
mp-1864,0.1139
mp-1204624,5.0007
mp-200,0.8617
mp-3962,4.486
mp-1191492,0.3397
mp-560571,2.4374
mp-1222782,2.3297
mp-560665,1.9305
mp-556523,2.1393
mp-1002107,0.0812
mp-5163,0.594
mp-1508,0.6313
mp-1211452,2.7908
mp-559820,4.0939
mp-5394,1.4881
mp-1211464,2.1752
mp-28626,1.5229
mp-680334,2.1637
mp-31419,3.1365
mp-558000,3.2767
mp-1190427,3.009
mp-2031203,0.2904
mp-1185210,0.0186
mp-6217,4.2334
mp-31116,3.8973
mp-1190131,1.6446
mp-570668,0.2387
mp-1102246,1.336
mp-7738,1.7261
mp-555955,3.806
mp-1019967,3.0993
mp-1222841,4.298
mp-1232374,0.5185
mp-18566,5.2136
mp-757365,2.4693
mp-14485,3.1119
mp-550514,0.6713
mp-4421,3.468
mp-1222878,2.9188
mp-1222843,0.2778
mp-10383,0.1267
mp-1103189,0.8821
mp-1223983,2.4213
mp-556399,2.8734
mp-1222719,2.7433
mp-1195614,2.4808
mp-1195547,1.7775
mp-1190334,2.0622
mp-684022,1.4619
mp-1199053,0.7541
mp-1196184,2.51
mp-1202389,2.3631
mp-19162,2.8563
mp-989524,1.2096
mp-1200447,0.7898
mp-549589,0.576
mp-7060,0.6563
mp-1222999,3.3365
mp-1198726,5.6126
mp-774082,0.6659
mp-1196908,0.0557
mp-774941,0.8696
mp-1197150,0.0551
mp-28989,1.3667
mp-721239,1.5066
mp-721253,1.6066
mp-721252,1.5635
mp-3297,2.5347
mp-1210986,0.0084
mp-1222798,0.099
mp-1020011,3.6018
mp-530262,1.3355
mp-6031,3.3829
mp-14871,3.4017
mp-1212343,0.0487
mp-16238,0.1478
mp-557177,5.6317
mp-29410,2.4427
mp-30100,1.7047
mp-1196457,6.5735
mp-1020015,5.5266
mp-1200209,6.2705
mp-1198324,4.8776
mp-4622,7.7223
mp-1180666,4.5911
mp-8070,6.0565
mp-9610,3.7395
mp-3054,5.0574
mp-1199122,3.4658
mp-560036,5.8431
mp-7611,4.1135
mp-16577,6.9952
mp-7610,5.1897
mp-1194523,2.8142
mp-7688,2.455
mp-1189383,2.2131
mp-557293,3.0934
mp-1188784,1.9176
mp-8181,1.2036
mp-754534,2.3129
mp-1194281,3.2144
mp-562404,2.6403
mp-757613,0.8175
mp-756582,2.6944
mp-753732,2.9963
mp-775393,2.9106
mp-867580,2.6538
mp-756242,2.0383
mp-17159,2.9665
mp-26965,3.834
mp-1198048,0.6886
mp-629443,0.2021
mp-14629,0.0433
mp-21778,2.6564
mp-771712,1.8918
mp-755193,0.3231
mp-1210923,2.1565
mp-774155,0.0914
mp-766101,2.4221
mp-18968,3.1236
mp-1222769,0.1587
mp-1080241,3.7659
mp-7791,5.7409
mp-1029776,2.6951
mp-15349,3.568
mp-19896,2.2649
mp-1222711,3.0974
mp-2647033,2.9466
mp-720254,6.0118
mp-1078552,2.8838
mp-1120754,4.9692
mp-643069,4.3237
mp-1189725,2.0831
mp-1097065,1.9346
mp-2724101,4.0572
mp-1206880,1.1767
mp-1222830,2.7432
mp-1222810,3.921
mp-1211252,3.7223
mp-866193,0.1117
mp-1193106,2.3086
mp-14646,5.8733
mp-1222661,2.004
mp-1210797,3.7673
mp-581301,1.9551
mp-1105932,0.1984
mp-11189,4.7615
mp-1222615,0.0475
mp-774752,3.3209
mp-1193172,3.5794
mp-773051,2.7896
mp-1287701,0.3865
mp-771112,1.3993
mp-763186,1.0917
mp-704943,1.5525
mp-34148,1.9267
mp-754966,2.7177
mp-1210796,2.0368
mp-18988,1.3684
mp-1203394,4.3532
mp-559240,2.1766
mp-1105291,0.0707
mp-850939,0.0218
mp-1177877,0.8945
mp-675779,1.354
mp-22439,1.7655
mp-694855,1.3636
mp-18050,4.1184
mp-1211215,3.6948
mp-25991,4.0597
mp-1280510,0.2078
mp-35759,5.1236
mp-21650,3.2919
mp-556550,1.3307
mp-1960,4.8986
mp-841,1.9743
mp-1198596,2.0905
mp-1020019,5.6015
mp-22450,1.044
mp-13985,1.8867
mp-7608,1.1973
mp-760483,1.3654
mp-983460,0.1635
mp-555979,3.683
mp-13986,2.4964
mp-531826,1.842
mp-976955,0.0398
mp-1153,3.3862
mp-1020013,5.7164
mp-4556,6.0132
mp-1222849,4.7658
mp-2286,2.9746
mp-1194726,2.9445
mp-4855,3.9135
mp-4117,5.154
mp-1193269,8.0844
mp-684024,4.0339
mp-5012,5.0766
mp-1210789,3.1777
mp-1211322,3.6957
mp-1195757,4.465
mp-1205739,5.0089
mp-1195382,1.9732
mp-3540,3.1283
mp-1095291,1.4797
mp-8673,2.0439
mp-561011,3.8411
mp-1210877,0.409
mp-2530,2.4914
mp-27811,3.5092
mp-27231,3.6349
mp-13843,2.4198
mp-558731,1.5981
mp-1194965,3.9494
mp-1976674,2.6474
mp-1222778,2.7776
mp-768110,2.4572
mp-775865,2.4041
mp-775326,2.7606
mp-774797,3.1747
mp-558619,2.6324
mp-759849,2.8926
mp-1223017,2.3334
mp-7603,4.3715
mp-1222972,2.3733
mp-2931,3.0338
mp-6332,3.2153
mp-756117,2.4255
mp-560793,2.4115
mp-558910,2.1734
mp-559539,2.2567
mp-554685,2.2782
mp-1222748,0.3197
mp-9607,2.0439
mp-756138,1.3479
mp-776870,1.2894
mp-753866,2.2016
mp-753660,2.1349
mp-760236,1.9782
mp-753861,2.1121
mp-1177781,1.9038
mp-18860,2.3621
mp-19260,3.968
mp-1185233,0.0479
mp-1222618,1.0652
mp-22961,4.1422
mp-8184,3.1053
mp-1210804,2.1846
mp-17288,4.022
mp-555965,1.943
mp-555186,2.1758
mp-542219,6.0884
mp-3216,1.5619
mp-4156,3.7336
mp-15254,7.7827
mp-6765,4.1961
mp-31096,3.5929
mp-13944,3.1621
mp-1020023,4.9447
mp-757,0.6365
mp-1199218,1.8092
mp-1196446,2.3283
mp-866667,1.8624
mp-9197,4.1268
mp-1007636,2.4307
mp-14058,4.9518
mp-1223527,2.9397
mp-1211416,0.7082
mp-1211434,0.8707
mp-1019806,5.1735
mp-1019089,1.1621
mp-1195089,4.6981
mp-1191101,4.6163
mp-1019105,0.3855
mp-3448,6.9537
mp-1194865,2.4804
mp-23737,2.458
mp-698655,3.487
mp-2222843,2.3441
mp-1018737,1.6589
mp-1224014,5.0563
mp-558795,4.7791
mp-7089,1.2672
mp-1211527,4.0551
mp-555354,0.0371
mp-763541,0.3196
mp-1193430,0.7007
mp-1016190,1.1986
mp-557389,0.4471
mp-1200457,1.3939
mp-5997,3.6268
mp-1197780,4.6073
mp-1205353,2.4058
mp-558116,2.1486
mp-1203519,3.3886
mp-1205906,1.9674
mp-1029804,0.0642
mp-554900,1.8829
mp-1198325,0.1509
mp-555605,1.3002
mp-1298569,0.8739
mp-541350,2.4449
mp-1211413,1.1436
mp-531064,2.3107
mp-556136,2.9911
mp-18497,4.0042
mp-554960,2.0279
mp-827,3.8956
mp-29200,2.5518
mp-5158,2.9384
mp-647102,3.2687
mp-23660,4.3533
mp-559067,2.0479
mp-1019888,1.5818
mp-8263,2.7985
mp-545359,1.5144
mp-1211711,3.9632
mp-17785,2.5055
mp-16282,3.8492
mp-16283,3.3294
mp-510635,2.0557
mp-15724,0.6721
mp-1223632,2.0295
mp-555155,4.9016
mp-1224323,5.8109
mp-1205067,2.0784
mp-14428,2.3967
mp-16921,0.6988
mp-556521,0.9252
mp-1223483,3.4598
mp-1223435,4.6631
mp-1223475,4.908
mp-554726,0.1565
mp-19130,1.1496
mp-13170,2.7742
mp-863031,2.7502
mp-558085,3.0403
mp-1223505,5.0005
mp-10942,3.6387
mp-861868,3.7151
mp-14484,5.4134
mp-561491,5.2111
mp-1223684,4.285
mp-690914,4.748
mp-554248,2.8079
mp-559242,0.2745
mp-1198462,4.3822
mp-558212,3.4434
mp-861607,3.5147
mp-1223429,3.3234
mp-558317,3.4049
mp-861944,3.4579
mp-707463,5.4451
mp-28383,2.4851
mp-555576,5.2338
mp-28595,2.0175
mp-556438,3.4945
mp-861957,3.6034
mp-555076,5.1714
mp-8755,1.9491
mp-560767,3.542
mp-19432,3.2464
mp-557183,1.7792
mp-554157,4.403
mp-773906,4.9974
mp-567177,1.459
mp-1106233,1.7079
mp-6599,1.4228
mp-1223649,0.0014
mp-1192824,2.1197
mp-542972,1.4962
mp-1202434,2.3298
mp-1202170,2.4149
mp-27998,2.4752
mp-1223407,1.3532
mp-1223401,2.4151
mp-2205912,2.3707
mp-675801,2.2072
mp-7571,5.1434
mp-1029504,2.0136
mp-7375,2.2934
mp-560407,3.5204
mp-1223396,3.0355
mp-557940,4.4267
mp-1211396,3.3362
mp-6433,5.3535
mp-14665,5.6701
mp-1211600,3.4429
mp-559456,3.8022
mp-11603,0.9129
mp-558128,3.6157
mp-669359,0.4399
mp-1223480,4.454
mp-1211343,7.126
mp-861866,2.3671
mp-754158,3.7088
mp-1006885,2.2595
mp-11740,1.2648
mp-11010,0.1571
mp-1211538,2.3607
mp-557878,5.2401
mp-1223496,2.6967
mp-1198941,4.1597
mp-21957,3.5552
mp-27366,0.7023
mp-550959,1.7518
mp-644129,3.3402
mp-22655,3.2721
mp-662530,0.9783
mp-1211682,0.2835
mp-16866,0.0982
mp-7984,1.3498
mp-1105610,0.9869
mp-7441,1.035
mp-642648,5.1321
mp-23959,5.4325
mp-559062,5.2365
mp-1211471,1.5227
mp-561218,1.6577
mp-1195234,1.9184
mp-1197171,5.6195
mp-19462,3.5193
mp-505495,3.962
mp-862850,0.9937
mp-4608,7.0368
mp-643033,4.5259
mp-696528,4.8337
mp-761185,5.7538
mp-23942,5.2353
mp-758619,5.4015
mp-5039,5.1269
mp-638150,2.3166
mp-866637,1.477
mp-8267,1.7149
mp-569702,1.4182
mp-18625,1.9067
mp-1206970,3.0477
mp-21526,0.5708
mp-607267,3.6551
mp-28574,1.4532
mp-1095520,0.2648
mp-1200142,5.3956
mp-1211534,2.0113
mp-554057,5.5778
mp-14316,3.4507
mp-1211425,3.8769
mp-567710,0.4675
mp-1223605,2.1273
mp-2911857,2.2493
mp-568343,0.0025
mp-1223421,4.4388
mp-18040,7.1334
mp-12012,1.6332
mp-4519,3.6626
mp-15782,2.2688
mp-13538,2.1773
mp-5273,1.28
mp-11132,0.1763
mp-30533,1.2739
mp-14796,0.9439
mp-1211482,0.3089
mp-561433,0.4343
mp-510007,0.0066
mp-1113768,6.4284
mp-1113892,4.5539
mp-1203661,4.1522
mp-1206427,0.8802
mp-561067,4.14
mp-13190,5.8894
mp-989529,3.5425
mp-1211320,5.5594
mp-1205717,1.7047
mp-554168,3.6262
mp-14036,2.1662
mp-1114036,4.0163
mp-6500,6.5991
mp-1113872,3.8557
mp-7012,6.383
mp-570158,3.9323
mp-677017,1.5163
mp-1211560,3.0096
mp-1223701,3.3545
mp-555490,3.0333
mp-720110,1.3125
mp-4757,3.6923
mp-8013,1.1302
mp-1287,1.469
mp-1196514,1.8889
mp-1223405,5.1172
mp-1536,0.8246
mp-554155,2.9559
mp-556609,2.2731
mp-7123,1.8059
mp-1195296,4.2351
mp-29055,0.2153
mp-27389,4.1611
mp-1194959,4.11
mp-556756,2.3727
mp-31001,3.1826
mp-27211,4.4007
mp-757115,1.0479
mp-15559,1.5916
mp-1211377,2.0845
mp-23634,4.4891
mp-5079,4.439
mp-541908,4.9633
mp-10417,2.011
mp-547792,2.6808
mp-11703,1.601
mp-9576,1.1298
mp-1223347,2.8241
mp-866638,4.8629
mp-18837,3.616
mp-1211342,4.2783
mp-1211497,3.1121
mp-695800,3.86
mp-23808,4.8467
mp-28778,6.0931
mp-8188,3.6241
mp-9268,0.7039
mp-726032,0.747
mp-9205,3.3338
mp-1217,1.3548
mp-1019889,5.3234
mp-1203642,5.0122
mp-1029418,3.6732
mp-1029584,3.4217
mp-866651,2.0549
mp-28695,2.5733
mp-707195,5.0574
mp-14721,2.8079
mp-1211523,3.6536
mp-17439,5.2969
mp-1211618,5.6574
mp-1211681,3.3857
mp-1211516,4.5743
mp-11604,1.013
mp-567322,0.6253
mp-17697,7.2117
mp-11634,1.6626
mp-759030,3.3251
mp-1178133,3.8604
mp-554581,2.6804
mp-542266,5.4649
mp-15783,2.2759
mp-1006891,1.8906
mp-9036,1.2623
mp-542374,0.7321
mp-1180718,3.4499
mp-23539,3.0071
mp-686016,3.0803
mp-6755,3.7643
mp-3481,0.3352
mp-15107,2.2533
mp-554119,1.8064
mp-1223442,1.4173
mp-28774,3.5114
mp-1097015,1.9381
mp-541459,3.0231
mp-1193412,2.1224
mp-541379,1.4139
mp-3486,0.2609
mp-1195216,5.7155
mp-866639,0.1843
mp-1211382,5.2363
mp-1211577,4.8589
mp-554346,4.173
mp-1211967,4.294
mp-703559,4.3007
mp-1223450,5.2873
mp-556250,5.3727
mp-865427,4.1032
mp-1522321,1.9095
mp-1205548,3.9993
mp-579086,1.7845
mp-17975,5.0889
mp-556966,3.8457
mp-571288,1.7478
mp-555150,3.6136
mp-773066,3.0691
mp-1200554,2.9431
mp-27169,3.1991
mp-1211251,2.8634
mp-1540904,6.3737
mp-14377,3.9472
mp-570755,2.7614
mp-3614,2.0995
mp-13792,3.7078
mp-683955,1.7675
mp-31308,1.3034
mp-1223321,3.5987
mp-568318,0.4922
mp-1223468,1.4278
mp-1223039,3.2588
mp-1211409,3.6116
mp-1211526,4.6587
mp-11605,0.9799
mp-1211521,6.8138
mp-17838,6.9502
mp-558923,2.7243
mp-12011,2.4598
mp-999129,2.3136
mp-7621,3.1886
mp-2072,0.6709
mp-29144,4.5077
mp-554818,3.1053
mp-4648,5.2046
mp-557231,3.747
mp-559932,4.2547
mp-1188829,1.2093
mp-568904,0.6898
mp-540876,4.599
mp-1211350,6.4422
mp-16814,3.3009
mp-12365,2.0422
mp-559645,5.0116
mp-541238,2.5455
mp-1203037,4.4376
mp-1203502,0.0057
mp-6488,3.0836
mp-6268,3.0598
mp-560977,1.2217
mp-571544,0.8899
mp-1211257,2.0234
mp-1205672,3.5979
mp-1206641,4.5515
mp-560959,2.4401
mp-28048,1.8089
mp-27385,2.3241
mp-27209,2.3226
mp-27716,1.1638
mp-8175,0.882
mp-1211225,1.3576
mp-1211338,1.00E-04
mp-1211532,3.5609
mp-1211484,4.7734
mp-865972,1.049
mp-1211506,7.0594
mp-1211245,7.4658
mp-1202753,6.8499
mp-753774,3.9715
mp-1211744,4.9999
mp-504555,0.1714
mp-606691,2.3462
mp-1195992,2.1177
mp-542558,1.6413
mp-554888,2.2768
mp-1199439,2.4051
mp-554887,2.0161
mp-4126,0.4454
mp-557505,2.323
mp-560631,0.5523
mp-541148,1.9806
mp-6376,1.076
mp-559744,2.7395
mp-545469,2.1392
mp-557947,2.239
mp-19496,2.8099
mp-1203567,2.1253
mp-1223484,2.9891
mp-541520,2.3366
mp-560167,2.3764
mp-1192668,1.6321
mp-19172,2.0933
mp-557659,1.9235
mp-559503,3.0655
mp-1205604,0.3342
mp-557257,2.0759
mp-560997,1.9793
mp-1181165,2.8415
mp-644015,2.2736
mp-1080848,0.8734
mp-18815,3.046
mp-558666,3.6667
mp-16812,2.0781
mp-735046,2.422
mp-1239185,2.3034
mp-559431,3.0694
mp-541508,3.3834
mp-555364,1.8958
mp-18487,3.378
mp-531952,2.6171
mp-1211274,4.3035
mp-758742,2.6774
mp-19499,3.656
mp-1223315,1.1149
mp-571057,1.9387
mp-1194569,4.2541
mp-1194980,3.1251
mp-510264,3.4953
mp-1211540,4.5404
mp-11602,1.0115
mp-1211492,6.7942
mp-2943,6.9409
mp-1211247,1.00E-04
mp-28726,6.9712
mp-863755,2.423
mp-8409,3.9739
mp-554508,5.065
mp-1006888,2.3221
mp-863754,2.8062
mp-16763,1.2981
mp-1191459,4.4661
mp-1078186,3.7082
mp-1192840,2.7164
mp-1193724,3.9897
mp-560419,3.4541
mp-863678,1.6514
mp-1087504,0.5011
mp-7421,0.2742
mp-1194994,4.3172
mp-554673,4.9062
mp-5878,3.6954
mp-7437,0.8396
mp-653973,3.888
mp-7438,0.443
mp-541282,3.996
mp-540577,4.2822
mp-1211525,0.7154
mp-570066,1.1945
mp-1212009,1.2413
mp-9317,0.5925
mp-9318,0.2144
mp-556689,5.5805
mp-556631,4.0133
mp-554835,2.4489
mp-975590,7.1748
mp-30009,2.92
mp-568896,2.6085
mp-28993,2.1698
mp-2646967,4.5244
mp-1223628,0.2083
mp-768419,3.9308
mp-973441,1.0603
mp-625394,3.7164
mp-1188862,1.0735
mp-566599,3.1384
mp-1106254,1.0627
mp-1205242,3.1374
mp-9646,4.6293
mp-31418,1.4864
mp-1223306,0.819
mp-1106294,1.0688
mp-1211293,1.0838
mp-866648,0.1774
mp-1211229,0.2362
mp-758316,1.4298
mp-561194,1.9026
mp-558229,0.4422
mp-558535,1.5235
mp-8866,0.772
mp-1195612,0.5336
mp-571323,0.0256
mp-1224120,0.0635
mp-1223487,1.4132
mp-866690,1.8767
mp-554402,3.6634
mp-2713773,4.7165
mp-4350,3.6067
mp-662600,0.2851
mp-759763,3.4844
mp-3817,1.7131
mp-19926,4.1307
mp-560490,3.3297
mp-567756,1.8792
mp-555349,4.0203
mp-1223259,0.9972
mp-556104,2.1672
mp-18267,0.6129
mp-1195675,1.0575
mp-31273,1.6332
mp-568036,1.8032
mp-621945,3.7144
mp-637213,0.3859
mp-638261,4.021
mp-622086,1.9676
mp-12533,4.2879
mp-1197947,1.0901
mp-1197516,0.803
mp-779287,2.2541
mp-30282,0.1718
mp-1224037,0.8945
mp-866666,0.6838
mp-1391671,1.3641
mp-1411395,1.7391
mp-1196301,1.6501
mp-2903153,1.2042
mp-1079069,0.6198
mp-19300,2.7924
mp-1103604,3.4216
mp-1968,3.8248
mp-560340,1.179
mp-755026,0.8203
mp-27539,0.7077
mp-7475,1.0358
mp-4511,3.064
mp-4078,4.688
mp-1202647,1.8641
mp-32798,1.58
mp-7233,2.4067
mp-5732,4.7992
mp-1223272,1.9379
mp-866650,2.3356
mp-1204122,3.7006
mp-5152,4.4804
mp-558724,2.3415
mp-17834,2.2089
mp-4086,2.6645
mp-560740,1.6742
mp-14880,0.7969
mp-1211581,0.8938
mp-32755,1.0395
mp-560573,3.623
mp-31249,3.3501
mp-4547,2.0287
mp-17350,2.9624
mp-1195982,1.4485
mp-1198974,1.1182
mp-1223220,4.0531
mp-12192,2.9285
mp-18051,3.2886
mp-760513,1.7398
mp-774193,3.6802
mp-1196943,2.4958
mp-4974,3.7346
mp-1198687,1.0739
mp-1200409,0.8312
mp-617632,1.9759
mp-542888,1.9523
mp-17155,1.3005
mp-1203678,3.1086
mp-555073,3.1541
mp-29990,1.3113
mp-554773,3.7948
mp-2901816,2.8155
mp-1105333,0.3793
mp-29197,3.139
mp-569686,0.0329
mp-568591,0.192
mp-1105594,0.2826
mp-582767,1.7961
mp-510011,1.1936
mp-555681,0.967
mp-504650,1.5013
mp-568082,1.5373
mp-510566,1.8694
mp-567753,1.2088
mp-780561,2.8686
mp-6788,3.3114
mp-561076,1.1965
mp-1211281,3.7231
mp-1211871,3.3646
mp-540877,1.3595
mp-1212454,3.2851
mp-645695,0.4845
mp-1190945,2.2952
mp-29150,0.0236
mp-560349,2.9341
mp-558478,1.4586
mp-1224647,4.1378
mp-779590,4.0608
mp-1227132,2.9264
mp-1211495,0.1793
mp-504831,1.8714
mp-29824,0.1048
mp-555129,1.3375
mp-1190030,0.5748
mp-1211710,3.2243
mp-1104307,0.7209
mp-1211549,2.8129
mp-1211869,3.799
mp-773117,4.4382
mp-560523,2.552
mp-556246,2.6154
mp-23090,2.507
mp-1019893,2.9659
mp-17719,1.9663
mp-6485,1.6531
mp-1194197,1.9716
mp-1211290,3.5677
mp-31415,3.4556
mp-1198669,0.0537
mp-1212025,3.6918
mp-554303,1.5772
mp-673814,0.1081
mp-1194534,2.2922
mp-23117,3.6124
mp-781707,4.4842
mp-1223194,1.9122
mp-1211567,4.0802
mp-9160,1.8923
mp-645962,4.1723
mp-1211788,1.1841
mp-769915,4.0623
mp-1211987,3.8437
mp-1196663,2.2196
mp-1029756,1.5863
mp-9664,1.6658
mp-29975,2.7148
mp-558607,2.0928
mp-1195057,4.1017
mp-31286,0.0247
mp-865961,1.3987
mp-554216,2.1148
mp-561369,3.3655
mp-1199040,3.5856
mp-560420,3.8091
mp-1196099,3.1703
mp-29524,2.9552
mp-30120,1.1394
mp-28980,2.0759
mp-29379,1.2282
mp-28166,0.8913
mp-1104232,0.0197
mp-696878,4.9617
mp-756968,4.4795
mp-561144,2.7603
mp-1204785,3.818
mp-17189,0.0495
mp-21557,0.003
mp-1111145,2.8984
mp-28825,1.6284
mp-1111695,4.3858
mp-559099,0.8738
mp-569136,0.0815
mp-556522,0.5758
mp-695887,0.3251
mp-14205,1.2741
mp-7439,1.2892
mp-10914,1.5935
mp-773133,0.8481
mp-28273,1.5216
mp-558415,2.3196
mp-866661,1.6543
mp-1211654,6.6673
mp-16595,3.7062
mp-1205074,5.3384
mp-1224251,1.8393
mp-30197,5.1969
mp-1211695,6.7433
mp-16597,3.7371
mp-758527,4.9166
mp-581237,2.2618
mp-720729,2.2497
mp-566670,1.833
mp-28696,0.2433
mp-6805,3.768
mp-567524,0.8722
mp-1111080,5.7897
mp-13743,2.6237
mp-541686,2.7008
mp-541687,2.4441
mp-541688,1.6626
mp-1211764,2.6966
mp-978099,1.2922
mp-604889,1.499
mp-1195258,3.8274
mp-680437,3.1454
mp-1196998,0.0587
mp-17112,0.8176
mp-697540,3.1836
mp-24340,2.9928
mp-14434,2.4164
mp-14435,1.8279
mp-27331,1.1611
mp-1224049,3.3252
mp-1211819,0.6645
mp-1192630,5.0659
mp-1211924,5.0202
mp-1211714,6.7356
mp-16596,3.7216
mp-28171,1.0284
mp-984107,1.498
mp-1211728,3.2415
mp-1224542,3.398
mp-583615,0.9935
mp-554506,3.2322
mp-569132,3.5298
mp-27526,5.3281
mp-20256,0.7887
mp-541141,1.9042
mp-975577,3.8821
mp-1019793,4.662
mp-16209,2.4781
mp-542079,1.4777
mp-680063,3.4725
mp-560739,2.8097
mp-1211905,1.0603
mp-694935,4.77
mp-725121,3.0348
mp-1019794,5.0761
mp-561474,3.6744
mp-18150,4.9407
mp-1111421,4.6928
mp-1211665,6.7229
mp-557543,3.6132
mp-554144,0.7123
mp-1003764,0.4875
mp-1224486,0.8538
mp-540914,1.6113
mp-1178149,3.5748
mp-560580,2.2532
mp-620069,0.6318
mp-1196835,2.5171
mp-27643,1.6993
mp-553896,3.353
mp-28111,0.2174
mp-28202,3.6559
mp-22457,5.2996
mp-17839,3.5721
mp-553975,2.1332
mp-559875,2.4555
mp-18447,0.94
mp-568329,0.0109
mp-16847,1.1005
mp-560541,0.0384
mp-1224548,3.4588
mp-3346819,3.9551
mp-1181575,2.1775
mp-1211627,6.6922
mp-18964,3.0529
mp-2716365,4.6992
mp-1191678,2.4629
mp-1199989,0.4573
mp-541393,1.8231
mp-628185,1.6836
mp-17850,3.6675
mp-557407,2.1483
mp-559516,2.9664
mp-581115,1.9519
mp-542545,1.1802
mp-581419,1.8542
mp-1202743,1.6021
mp-6168,1.2665
mp-680410,1.3871
mp-28428,1.0744
mp-558828,2.3377
mp-561406,2.3407
mp-560208,3.1385
mp-696651,4.1033
mp-554572,2.8105
mp-18383,2.4051
mp-17283,1.8918
mp-559059,1.6896
mp-1211700,3.3697
mp-17187,4.9309
mp-542974,2.4763
mp-6453,4.3515
mp-649470,3.4845
mp-555172,2.115
mp-559608,4.7215
mp-16799,3.6565
mp-560449,3.5833
mp-754510,3.8376
mp-1194761,1.543
mp-1195299,1.1955
mp-9637,0.3179
mp-7897,0.2117
mp-1568,1.9674
mp-866660,1.1958
mp-568011,1.0744
mp-14565,4.1295
mp-557753,3.9991
mp-17989,2.9158
mp-31313,1.6858
mp-1192352,4.8643
mp-649608,3.4562
mp-1237009,1.1731
mp-28837,1.6737
mp-1111856,2.1828
mp-14017,0.3894
mp-9273,1.1046
mp-17250,3.2348
mp-10543,1.8402
mp-1194266,2.6955
mp-9781,2.1851
mp-17538,2.3079
mp-8704,1.4318
mp-5626,1.7167
mp-555776,3.971
mp-17035,4.2962
mp-1196072,3.9539
mp-557577,3.6378
mp-1104363,3.0893
mp-1212001,3.1133
mp-7657,1.7179
mp-560964,1.6795
mp-559574,3.5401
mp-18019,5.0138
mp-1213357,3.5988
mp-1197963,2.4325
mp-1195475,3.6153
mp-1211845,1.3183
mp-18500,0.3972
mp-557665,3.2314
mp-696683,5.1576
mp-541875,1.6276
mp-540619,1.2441
mp-573202,2.2901
mp-582161,2.076
mp-1211748,1.8918
mp-683905,1.2087
mp-1197797,2.313
mp-1200105,1.987
mp-558967,1.792
mp-9870,2.6703
mp-16855,2.9687
mp-18148,2.8164
mp-1211631,3.2054
mp-1194662,3.9615
mp-16594,3.6879
mp-759928,4.8809
mp-1211873,1.1873
mp-1205449,0.0617
mp-27525,3.8026
mp-1192398,5.1379
mp-1211949,5.0684
mp-1211645,6.7339
mp-16598,3.7555
mp-558320,0.4836
mp-6785,2.7139
mp-976313,3.4516
mp-1181810,1.4165
mp-556255,2.9011
mp-560736,2.9426
mp-18761,1.8564
mp-27704,2.2837
mp-560869,4.0392
mp-3529,1.583
mp-561048,3.1383
mp-1147776,1.0092
mp-1224236,1.3463
mp-1029938,2.1512
mp-555403,2.8446
mp-555495,3.1826
mp-642313,4.3171
mp-13230,6.4593
mp-1105034,3.4086
mp-1019786,4.3815
mp-3125,4.0269
mp-643270,3.4448
mp-559309,3.3316
mp-1211761,0.9269
mp-696078,5.0454
mp-30280,0.1211
mp-640333,0.0499
mp-23149,4.5823
mp-1204061,1.1592
mp-557941,3.9373
mp-29341,1.5842
mp-1197401,5.1195
mp-557584,3.2348
mp-558121,1.5514
mp-1199499,4.9133
mp-1224063,0.4986
mp-1224198,0.0989
mp-1224114,0.7995
mp-1224100,0.3922
mp-28158,3.2088
mp-29584,0.8851
mp-9872,1.1361
mp-28627,0.9912
mp-1195727,2.0738
mp-16137,2.1025
mp-29585,0.6091
mp-23392,3.983
mp-28302,0.8246
mp-1211822,2.2285
mp-1228096,0.7236
mp-669560,0.6843
mp-553960,0.7339
mp-1195305,2.1265
mp-1195433,1.3986
mp-30962,3.0665
mp-720197,2.688
mp-14411,2.7733
mp-556627,2.7142
mp-568847,1.9993
mp-542043,4.2953
mp-974482,3.274
mp-1211649,2.8827
mp-29484,0.6976
mp-8753,0.9356
mp-768368,1.017
mp-27764,1.9183
mp-553982,3.8373
mp-8429,0.4282
mp-558483,2.312
mp-1211857,4.3065
mp-532755,2.2881
mp-558825,3.0225
mp-561377,0.84
mp-1201463,3.7533
mp-29637,2.3071
mp-1211757,1.4906
mp-1211821,3.1685
mp-557872,2.7304
mp-542686,4.1851
mp-757218,1.7586
mp-557698,2.1937
mp-557200,0.6849
mp-560666,1.361
mp-560692,2.6581
mp-14873,1.9332
mp-553977,0.1226
mp-31280,1.2638
mp-1019796,3.7435
mp-863747,1.7116
mp-677192,5.2599
mp-695043,3.768
mp-21949,2.4381
mp-22328,1.7002
mp-556254,1.7051
mp-17522,1.0943
mp-560515,0.5983
mp-757850,2.5575
mp-18700,2.9391
mp-569427,1.78
mp-1224491,0.1942
mp-4971,1.503
mp-570900,1.2502
mp-14988,2.3025
mp-7258,2.3423
mp-558309,4.0907
mp-18132,1.9882
mp-560535,4.1609
mp-570311,0.5376
mp-22634,2.0683
mp-18664,1.7378
mp-1212432,1.2989
mp-555417,4.0216
mp-554016,3.0615
mp-541735,1.2102
mp-756510,3.1454
mp-1224290,3.3035
mp-559639,1.7849
mp-556212,1.769
mp-6194,2.0892
mp-8794,2.1712
mp-653182,1.8491
mp-557105,3.4405
mp-1196076,2.0392
mp-560688,2.3346
mp-556552,1.2866
mp-504840,3.3802
mp-1224111,0.4208
mp-571461,0.725
mp-1103566,0.3291
mp-28382,1.6946
mp-11719,0.9455
mp-27377,3.19
mp-627575,1.175
mp-1211812,1.3841
mp-1211624,2.9118
mp-646920,0.843
mp-570836,0.952
mp-8683,0.3394
mp-27674,3.22
mp-558332,1.882
mp-1019797,5.4363
mp-554996,5.4738
mp-1223953,1.1094
mp-1223894,1.2676
mp-710070,0.5116
mp-14623,0.2525
mp-12040,2.2989
mp-29377,1.8932
mp-777297,3.8833
mp-695069,3.7205
mp-1203773,3.4823
mp-557237,3.6681
mp-1196816,4.6571
mp-667326,2.2357
mp-866662,4.6591
mp-557798,6.6389
mp-1196988,6.4766
mp-557473,3.3197
mp-1226339,0.6039
mp-1225259,3.4022
mp-569806,0.814
mp-554603,0.0772
mp-1224256,3.9214
mp-707453,4.7866
mp-1202095,0.0002
mp-6245,3.434
mp-14624,0.4815
mp-1192490,5.0433
mp-694852,1.5614
mp-1211731,6.2149
mp-16989,0.5222
mp-1211936,1.5206
mp-644,0.1716
mp-628680,1.9712
mp-555531,0.1349
mp-14439,1.7631
mp-1224616,0.3198
mp-557888,2.6418
mp-28280,3.0732
mp-1195556,4.3475
mp-769176,2.1088
mp-1211906,1.5343
mp-555866,4.8084
mp-723540,4.1693
mp-17161,1.5819
mp-17698,1.6614
mp-510366,0.6966
mp-19141,0.8768
mp-560675,0.5215
mp-2214112,3.8345
mp-5116,3.0827
mp-5114,1.7161
mp-1191206,1.3846
mp-1199428,0.0606
mp-1226185,0.4983
mp-1224505,0.7487
mp-568916,1.9503
mp-12171,1.6783
mp-18244,1.2969
mp-18481,1.232
mp-18246,1.4227
mp-1198979,0.0253
mp-1211804,0.002
mp-541707,0.7395
mp-6112,0.7099
mp-555392,1.871
mp-560348,1.5418
mp-561202,1.0969
mp-567820,1.1811
mp-505187,2.1249
mp-559613,1.6318
mp-30990,3.5108
mp-555596,3.1497
mp-1120789,2.0416
mp-29386,1.9105
mp-28728,0.7019
mp-1225843,3.0658
mp-5455,3.4474
mp-558062,2.5171
mp-30149,0.2531
mp-559811,0.5554
mp-558070,2.1736
mp-1194801,1.8012
mp-557365,1.7963
mp-1223803,1.5896
mp-1147618,1.9714
mp-1147626,1.6517
mp-707782,3.3885
mp-3949,1.7233
mp-1211990,1.3336
mp-17499,2.8444
mp-1212978,0.2736
mp-18361,1.1294
mp-17455,3.6742
mp-18073,1.0407
mp-555607,4.0372
mp-567424,1.2069
mp-1194900,1.2448
mp-18633,0.3202
mp-684010,3.11
mp-1204657,0.1064
mp-561037,2.102
mp-704408,1.9921
mp-560406,3.8834
mp-866664,0.0553
mp-1211836,0.9222
mp-1212020,0.1425
mp-554554,2.1005
mp-1212015,0.3421
mp-14889,0.7488
mp-1211874,3.7656
mp-568644,1.8956
mp-1195894,3.7614
mp-13749,0.5044
mp-560235,4.8985
mp-558206,1.7081
mp-1198649,4.995
mp-18429,2.4768
mp-557874,2.9041
mp-12015,0.2116
mp-12532,1.2441
mp-561304,1.7252
mp-9782,0.0042
mp-1205342,0.2536
mp-28468,0.6972
mp-541966,2.2257
mp-7387,1.459
mp-3074,1.4858
mp-997088,0.9659
mp-1196972,1.3696
mp-16236,0.4822
mp-1223690,1.2891
mp-1195284,6.6466
mp-19352,3.8895
mp-7645,5.5409
mp-1252068,4.6859
mp-30978,4.2314
mp-1223658,3.5502
mp-1211750,4.2144
mp-2212965,6.2089
mp-27755,5.2863
mp-532810,3.2012
mp-561424,6.9087
mp-651024,3.9375
mp-644285,5.0845
mp-31097,5.0652
mp-723378,7.1417
mp-1223554,5.4566
mp-5525,3.9994
mp-17031,5.2966
mp-722684,5.6626
mp-29373,0.2452
mp-1211743,2.4189
mp-697670,4.9243
mp-680374,4.7001
mp-18347,2.2355
mp-713,0.6695
mp-1223579,4.1344
mp-28085,4.7762
mp-1198282,2.7514
mp-1223607,3.4726
mp-1223531,2.7809
mp-23083,2.7387
mp-556233,3.0749
mp-23126,2.3379
mp-4266,4.9494
mp-30298,3.8449
mp-1194970,3.0119
mp-17539,3.7394
mp-14659,1.5959
mp-1198481,2.3938
mp-557441,2.1181
mp-555085,2.0087
mp-561454,1.46
mp-29694,0.81
mp-27181,1.4257
mp-5309,2.0753
mp-12442,2.1117
mp-31045,0.6459
mp-29519,0.2819
mp-997002,1.4264
mp-7077,2.1003
mp-3592,1.7779
mp-9881,1.816
mp-29138,0.885
mp-1019805,5.601
mp-1019804,6.4023
mp-1201786,4.5432
mp-706621,5.804
mp-12183,5.4892
mp-758840,6.1481
mp-4929,7.9399
mp-37722,6.0959
mp-3919,4.1255
mp-1195407,6.0598
mp-1223679,4.5984
mp-15012,2.7753
mp-560423,4.6462
mp-560320,5.32
mp-1205075,0.1876
mp-1211784,3.7158
mp-1205512,2.779
mp-23571,0.7393
mp-557761,1.022
mp-677520,2.458
mp-1192590,3.8409
mp-1191826,1.6299
mp-1223526,5.3028
mp-557420,5.0637
mp-1040443,1.5615
mp-1519450,2.1836
mp-1223640,3.2965
mp-18038,0.5118
mp-1523079,2.8167
mp-1519429,2.9056
mp-1192441,1.8093
mp-16780,2.0731
mp-1521867,2.8191
mp-6812,4.9503
mp-17088,2.3898
mp-18156,1.3932
mp-1523149,2.8123
mp-1223694,3.066
mp-18892,3.9819
mp-1223458,3.9314
mp-559670,4.6841
mp-24355,2.828
mp-560431,5.8102
mp-6870,6.0524
mp-18509,6.2459
mp-1211678,7.0613
mp-7324,5.2634
mp-31104,0.4308
mp-559020,4.896
mp-557437,2.2272
mp-569435,1.614
mp-23136,2.7107
mp-1211670,4.4569
mp-555393,2.3328
mp-558501,2.2913
mp-504669,2.7061
mp-30988,1.8514
mp-29799,0.4914
mp-23572,2.3782
mp-23645,4.2054
mp-1223443,1.4158
mp-23251,4.3224
mp-23550,3.2009
mp-22958,3.8569
mp-567823,3.7368
mp-1106094,0.8756
mp-720856,2.5876
mp-11625,5.0471
mp-6813,5.2646
mp-555127,3.8048
mp-693620,4.869
mp-1200343,0.0671
mp-1224080,3.3434
mp-555023,4.5893
mp-722344,5.5086
mp-9468,5.3098
mp-554043,4.5337
mp-557743,7.2891
mp-773137,0.827
mp-998599,4.4047
mp-6867,4.3552
mp-1211643,5.5615
mp-1211692,1.3723
mp-5926,6.6502
mp-676934,4.7425
mp-1211746,4.1305
mp-16382,3.072
mp-1018736,0.1656
mp-23442,3.5095
mp-9628,3.3539
mp-1105494,0.6885
mp-540753,0.3409
mp-1211829,0.3396
mp-669330,0.084
mp-504644,0.04
mp-22809,0.0743
mp-23193,5.027
mp-23526,5.5614
mp-746371,2.0002
mp-2759499,1.1154
mp-557981,0.7395
mp-1211679,2.9629
mp-1211656,3.1539
mp-1223609,2.1822
mp-1223595,2.161
mp-558367,1.7437
mp-554377,3.1396
mp-24009,2.7365
mp-19335,1.9034
mp-1189266,0.4926
mp-12178,0.2366
mp-1104473,0.0037
mp-556365,1.4898
mp-5053,2.9232
mp-20076,1.398
mp-1079775,3.056
mp-18387,2.8755
mp-7147,1.1285
mp-19498,2.5013
mp-4026,1.1644
mp-1223464,0.103
mp-558063,0.7214
mp-554421,1.1692
mp-21578,0.0943
mp-27450,0.2682
mp-7911,1.0294
mp-3982,0.8706
mp-622199,1.2911
mp-649472,0.1287
mp-568611,1.0928
mp-11114,0.9195
mp-28270,1.8615
mp-1195095,0.2823
mp-7435,0.1762
mp-7436,0.6037
mp-9807,4.2456
mp-1211686,3.5956
mp-555816,3.591
mp-540942,4.6729
mp-1211771,6.769
mp-2209593,6.8783
mp-1211612,6.9883
mp-1178141,3.9736
mp-15785,2.3337
mp-1211628,4.4873
mp-1211601,3.5667
mp-1212002,3.4656
mp-558010,3.2911
mp-1211690,4.7226
mp-16560,0.944
mp-27925,7.2505
mp-683945,7.0218
mp-1211447,7.4221
mp-1201270,6.6748
mp-7959,3.9606
mp-1211811,4.9409
mp-554741,2.6723
mp-4326,2.3727
mp-9263,1.3304
mp-1211862,0.02
mp-1203965,0.1963
mp-10382,0.0896
mp-463,5.9494
mp-976802,1.4456
mp-867934,0.0924
mp-19362,2.4118
mp-20968,2.1783
mp-654225,2.2925
mp-735586,2.3115
mp-1205183,2.4313
mp-1204715,2.508
mp-559163,2.6985
mp-1204854,2.8184
mp-1211520,0.9533
mp-28435,0.1641
mp-555631,2.7092
mp-1194949,2.4626
mp-559464,2.1388
mp-541673,1.9052
mp-758349,3.0795
mp-561267,3.3116
mp-1194644,3.925
mp-1223574,1.4194
mp-555554,4.5523
mp-1203541,3.2192
mp-1197280,4.1711
mp-181,0.2163
mp-28680,3.6659
mp-30219,4.3705
mp-15408,5.4353
mp-1213396,3.1871
mp-1223528,2.3828
mp-696983,4.9369
mp-29402,2.605
mp-4066,3.0499
mp-18348,4.4609
mp-9332,4.2307
mp-17650,2.9211
mp-29383,1.0134
mp-29374,0.2906
mp-17965,1.5332
mp-1194808,2.4168
mp-9806,2.7427
mp-1211580,3.1729
mp-1224518,0.386
mp-559799,3.4826
mp-1212816,3.183
mp-505647,3.2475
mp-1211663,2.5883
mp-861926,0.7999
mp-554005,0.4727
mp-1211415,4.3628
mp-1198535,2.7706
mp-757021,3.05
mp-15784,1.8308
mp-20420,0.8263
mp-2146,0.9083
mp-1029404,1.5719
mp-554859,2.2204
mp-866646,1.8048
mp-998612,2.9026
mp-998613,2.8924
mp-6955,2.6817
mp-14352,2.717
mp-24084,3.4331
mp-695892,4.4279
mp-720407,3.411
mp-1223560,3.2061
mp-1211655,4.0164
mp-24428,2.0676
mp-733655,5.7973
mp-1180593,4.3334
mp-1200593,3.4141
mp-29331,7.3743
mp-28263,4.3804
mp-2761095,5.1646
mp-541415,5.6718
mp-974267,2.5404
mp-1211841,3.2305
mp-634431,4.9811
mp-23846,6.9658
mp-626785,3.678
mp-634676,3.2359
mp-1195297,5.3093
mp-23800,5.5753
mp-707536,3.6287
mp-1211876,1.1511
mp-561312,0.4453
mp-9855,0.757
mp-541298,6.7626
mp-14469,3.2044
mp-1211367,2.6479
mp-7483,0.6082
mp-9804,4.2739
mp-1211556,3.5792
mp-1192188,3.341
mp-1211594,4.7006
mp-11606,1.036
mp-16559,0.9224
mp-31030,6.9847
mp-1211478,7.085
mp-558826,7.4029
mp-1202279,6.7543
mp-754883,3.9742
mp-15786,2.3505
mp-22898,3.8513
mp-558861,4.16
mp-28634,4.239
mp-628908,2.3622
mp-647366,2.1836
mp-23487,2.7868
mp-23562,2.3492
mp-650228,3.6425
mp-1195253,2.8719
mp-2212275,4.7554
mp-27599,3.6621
mp-1224365,1.1777
mp-1193408,4.1152
mp-28529,2.3376
mp-22932,2.8234
mp-1018031,2.0775
mp-17966,3.9987
mp-22583,2.049
mp-505412,2.0145
mp-505700,1.8437
mp-568379,1.7413
mp-19851,0.9869
mp-1211443,3.3346
mp-540962,4.8558
mp-560649,2.6738
mp-571662,1.9747
mp-1211400,4.3089
mp-1211641,3.5152
mp-1211473,3.8549
mp-554034,3.7476
mp-571240,1.9541
mp-1195137,2.9836
mp-541211,2.6697
mp-1211260,6.1827
mp-559043,2.3036
mp-21097,1.622
mp-1105566,2.4917
mp-7958,3.8596
mp-15781,2.7005
mp-567129,3.6776
mp-861938,2.8686
mp-861606,2.2081
mp-11739,1.7013
mp-1104930,2.3399
mp-559142,5.4938
mp-1188395,4.2639
mp-28994,0.6878
mp-558628,4.004
mp-641919,3.5105
mp-18002,4.0529
mp-559106,1.6931
mp-6844,4.4444
mp-1211498,4.8757
mp-1211546,4.6824
mp-16055,5.1673
mp-557268,4.149
mp-556902,3.777
mp-23582,1.4216
mp-9059,4.3852
mp-6648,5.3382
mp-6253,6.8529
mp-562137,4.5495
mp-555206,2.8721
mp-1211461,7.3887
mp-1211585,4.5921
mp-1211480,7.4932
mp-761124,1.0371
mp-753940,0.6362
mp-1199453,4.481
mp-581225,3.4444
mp-8430,3.0571
mp-6800,5.3245
mp-8756,2.5249
mp-558102,4.7068
mp-4495,2.4134
mp-1212005,4.8086
mp-1211625,0.0234
mp-1223469,1.643
mp-551092,2.258
mp-554164,4.5237
mp-774907,2.5442
mp-1211517,4.5532
mp-1211421,3.9992
mp-18719,3.2486
mp-1211423,7.1232
mp-1211243,7.4759
mp-1178135,3.9404
mp-559395,5.2121
mp-28471,2.3133
mp-7471,1.8503
mp-15999,2.0985
mp-1020014,5.6786
mp-1199091,5.8338
mp-16828,5.7047
mp-5001,3.3953
mp-27275,5.1473
mp-5614,3.1466
mp-23222,0.3429
mp-768820,3.4538
mp-28510,2.4379
mp-557738,1.2236
mp-569112,0.0732
mp-780606,2.9721
mp-778433,1.3846
mp-561396,3.9776
mp-770632,1.1496
mp-759234,1.0976
mp-19970,1.178
mp-1177695,2.0335
mp-1211772,3.1081
mp-1210935,3.5477
mp-559129,3.1214
mp-1210989,3.5823
mp-1222492,4.4222
mp-676361,5.2099
mp-756320,1.513
mp-776627,3.9858
mp-15558,6.364
mp-17685,3.4933
mp-3887,2.7387
mp-16996,3.8433
mp-559706,3.1764
mp-1212476,2.6228
mp-1212457,2.8187
mp-697047,0.3918
mp-722890,3.1818
mp-733455,2.6058
mp-1211542,3.5705
mp-6425,3.8434
mp-676109,3.373
mp-1029562,1.136
mp-1185315,2.8495
mp-1018766,0.5023
mp-1018768,0.1579
mp-8407,0.674
mp-8405,0.2496
mp-1212270,3.1118
mp-1211646,3.1062
mp-1197046,5.203
mp-1211552,0.7033
mp-1199210,1.7453
mp-850951,2.1377
mp-27003,3.9347
mp-2251,0.984
mp-31488,3.8385
mp-677627,3.2189
mp-557717,3.7084
mp-8406,0.0759
mp-1102490,2.8084
mp-736,0.6996
mp-28336,1.832
mp-13725,5.8181
mp-985583,2.8091
mp-13772,4.7562
mp-1211386,3.1281
mp-7955,0.4833
mp-5769,3.056
mp-1194339,2.4016
mp-756316,2.2895
mp-6565,4.7568
mp-560890,6.6768
mp-542435,2.4014
mp-1211256,3.4655
mp-3151,4.585
mp-1212130,3.104
mp-1211213,3.5219
mp-696949,3.5927
mp-1212059,3.0238
mp-1211248,3.1382
mp-551675,0.378
mp-6396,1.8719
mp-775982,0.7338
mp-21633,2.4401
mp-1177545,2.4464
mp-19219,4.0337
mp-760375,1.9592
mp-1212171,3.1094
mp-1211226,3.2397
mp-1029592,2.0798
mp-554733,3.6335
mp-557456,3.306
mp-23648,5.4534
mp-1211214,3.8547
mp-560072,4.4494
mp-554560,6.0638
mp-560894,6.4154
mp-1211168,5.3771
mp-557467,4.7254
mp-1020016,3.2799
mp-567219,2.2904
mp-1222462,2.3692
mp-755721,2.3536
mp-556649,4.1359
mp-554203,4.5903
mp-557112,3.6307
mp-4558,4.0961
mp-1222529,2.5203
mp-753690,4.4379
mp-643259,4.4775
mp-642996,2.691
mp-642847,2.388
mp-30228,1.9079
mp-1101935,2.9272
mp-691115,1.0113
mp-768712,1.0548
mp-1192995,1.5209
mp-1192737,1.065
mp-777395,0.4958
mp-19117,2.8472
mp-29149,1.7617
mp-9159,0.249
mp-28450,5.6108
mp-22170,1.4367
mp-1181012,1.7328
mp-4426,2.4442
mp-11737,4.7841
mp-1195718,2.3564
mp-30129,2.684
mp-4804,2.7111
mp-9172,4.5573
mp-766540,2.3658
mp-7714,1.7311
mp-777961,2.9536
mp-777670,1.0152
mp-555377,3.8894
mp-1194891,2.6176
mp-9308,5.968
mp-15960,4.662
mp-757242,1.9588
mp-532413,3.5858
mp-29365,1.3597
mp-29025,2.0781
mp-23361,1.7483
mp-19511,3.0845
mp-4657,3.763
mp-531553,0.0014
mp-643656,0.136
mp-1211142,2.5907
mp-1202424,2.5229
mp-1222696,0.8682
mp-530177,0.871
mp-3838,2.8473
mp-5061,2.1583
mp-29364,2.914
mp-559814,2.7011
mp-686208,2.16
mp-685991,1.3161
mp-755013,3.7662
mp-769637,2.703
mp-686129,1.5392
mp-27483,1.6838
mp-1222482,1.5398
mp-18925,1.9349
mp-1029498,1.4398
mp-1211468,4.7625
mp-772185,4.4978
mp-12160,4.7449
mp-756490,1.9468
mp-8804,2.6113
mp-1198049,4.5791
mp-1211124,1.3726
mp-1029826,0.0851
mp-1103940,5.1094
mp-1211541,4.6432
mp-7941,2.798
mp-1211340,4.8029
mp-8609,2.1685
mp-29250,1.5371
mp-3503,3.0574
mp-14704,4.9703
mp-14495,3.5116
mp-5418,4.0047
mp-38487,1.9268
mp-1222572,0.3209
mp-675941,1.91
mp-5515,0.7598
mp-14827,3.3964
mp-14712,3.6274
mp-1211446,0.9336
mp-1029522,2.245
mp-14753,3.4294
mp-673833,0.8996
mp-4604,3.0352
mp-1201314,0.1894
mp-560555,0.9392
mp-28030,3.2086
mp-8610,2.1611
mp-973793,1.7523
mp-28549,4.4509
mp-4527,3.8134
mp-1190809,2.1714
mp-849522,1.0229
mp-26975,3.0834
mp-26035,1.4499
mp-1223032,2.6719
mp-1185329,0.2955
mp-864755,0.5567
mp-27227,0.7278
mp-765559,1.3393
mp-772290,1.2228
mp-996962,0.6382
mp-1204402,3.5404
mp-1188124,2.749
mp-1097038,4.7911
mp-643655,5.1532
mp-530399,5.5169
mp-22983,5.605
mp-5920,0.0527
mp-1222525,3.8894
mp-8001,6.1183
mp-1106183,4.1061
mp-7117,3.0233
mp-3161,0.1121
mp-18220,5.2489
mp-4586,2.4411
mp-7943,0.3285
mp-1197471,2.9661
mp-1192746,3.301
mp-1203059,2.8119
mp-9144,5.1404
mp-9657,3.3858
mp-555874,1.0664
mp-1078724,0.7504
mp-1105750,1.9833
mp-554442,2.0786
mp-1079483,1.8673
mp-29520,0.7518
mp-996959,1.5259
mp-29829,1.5804
mp-1020060,5.5781
mp-1020106,6.5201
mp-1222458,2.4016
mp-638070,2.7108
mp-1222413,0.0919
mp-740714,6.2496
mp-569450,1.3922
mp-558105,6.4556
mp-9244,0.8471
mp-12403,8.246
mp-1192133,6.3705
mp-14232,7.2811
mp-9562,1.0077
mp-29463,2.6858
mp-9915,1.1585
mp-1100398,1.0105
mp-504354,5.1324
mp-559893,0.446
mp-768150,2.6714
mp-754206,2.8283
mp-775430,1.9059
mp-28567,4.8473
mp-27419,2.5394
mp-1540429,2.5217
mp-29077,0.1443
mp-1222404,1.4793
mp-976280,4.9348
mp-1378,3.2727
mp-569282,1.2131
mp-1211639,0.7257
mp-1222411,1.0397
mp-1104693,1.2992
mp-570850,0.1485
mp-1202461,3.4069
mp-1192528,1.4417
mp-1191787,0.2169
mp-6342,0.3111
mp-1020056,2.4382
mp-6799,2.1934
mp-1202682,0.7149
mp-554324,4.2908
mp-6134,7.6448
mp-1020031,2.7797
mp-1095289,1.0733
mp-561237,5.0391
mp-569501,0.579
mp-556792,3.7879
mp-1211093,4.1719
mp-12829,6.4003
mp-570948,2.1319
mp-31468,1.3785
mp-1211088,1.3987
mp-16264,0.6443
mp-1211094,2.6309
mp-697926,3.5542
mp-6126,2.1156
mp-1211087,3.7992
mp-1205078,0.3603
mp-1195868,2.2896
mp-30301,5.7447
mp-26997,1.3617
mp-554689,1.9285
mp-22526,0.6623
mp-758022,3.2415
mp-773085,1.3587
mp-770839,3.1692
mp-674219,1.9279
mp-26967,2.6429
mp-1211167,0.3762
mp-1211182,0.3692
mp-1211098,3.9378
mp-18793,3.1156
mp-19103,2.7339
mp-753051,0.0668
mp-25448,2.336
mp-4226,0.6463
mp-756864,2.8473
mp-12185,0.7209
mp-2759992,0.2837
mp-5127,1.4376
mp-9158,0.3163
mp-1195676,0.4309
mp-1192153,3.7868
mp-1211233,4.7578
mp-976726,4.5644
mp-15789,1.9347
mp-15795,1.5348
mp-1192210,0.0044
mp-1192111,3.7954
mp-10970,4.1108
mp-15791,2.0066
mp-15797,1.6151
mp-568863,0.8303
mp-1200887,1.0261
mp-679929,0.471
mp-672252,0.1218
mp-1138,8.7161
mp-753899,2.1032
mp-26003,3.9487
mp-25977,2.938
mp-558555,2.6596
mp-557403,1.7058
mp-27007,3.1686
mp-510641,2.2859
mp-777049,3.1615
mp-1211043,0.9341
mp-1210931,1.2679
mp-1222351,1.2569
mp-943462,4.088
mp-561410,3.0476
mp-757614,1.7125
mp-19294,1.7443
mp-19017,3.9224
mp-774920,1.3545
mp-1194674,3.1636
mp-1211020,5.0646
mp-1198930,4.2558
mp-28146,2.8766
mp-1222409,4.4692
mp-28327,2.9955
mp-28326,3.491
mp-29344,3.7633
mp-28341,4.5316
mp-29345,2.2732
mp-567967,2.5693
mp-5854,3.1981
mp-3647,2.9608
mp-11582,2.0656
mp-18147,4.2293
mp-5048,1.5885
mp-6248,3.4752
mp-1211108,2.6325
mp-21332,3.2804
mp-15792,1.1717
mp-1020059,2.763
mp-1222349,1.6895
mp-23703,2.981
mp-754153,4.3086
mp-1201902,3.0459
mp-1195620,5.565
mp-1180504,3.6828
mp-23702,3.1358
mp-1103298,3.8235
mp-27281,4.7458
mp-1194832,5.3715
mp-24199,8.0448
mp-23856,4.0057
mp-644419,3.8142
mp-643458,6.1448
mp-23843,4.3019
mp-1029331,0.6376
mp-1191729,3.7911
mp-12645,4.3851
mp-15790,1.9863
mp-15796,1.5729
mp-1192002,0.0065
mp-570935,4.3818
mp-23384,3.7886
mp-1200439,2.8984
mp-973966,3.0613
mp-1190195,3.346
mp-8892,4.0149
mp-17854,2.4008
mp-541001,2.3673
mp-5488,1.8143
mp-8491,3.9726
mp-1188392,2.1875
mp-20187,1.5731
mp-7205,3.0287
mp-20782,1.3847
mp-1189974,3.2525
mp-1188898,4.1747
mp-560866,5.2206
mp-1210919,3.6807
mp-1078209,0.7547
mp-12451,0.3355
mp-6644,0.2939
mp-560605,1.6583
mp-1222517,2.3934
mp-1190882,3.8008
mp-561430,7.7542
mp-754605,4.6174
mp-1190624,0.028
mp-643276,3.151
mp-1020109,5.3095
mp-1222638,3.4516
mp-1222672,3.5881
mp-1193222,7.5661
mp-1193498,3.3555
mp-12558,1.3723
mp-1222299,2.6464
mp-570213,0.3587
mp-866640,3.6437
mp-558897,3.2154
mp-37906,2.4462
mp-36111,1.7113
mp-9625,5.4297
mp-1207082,1.4438
mp-560157,3.4826
mp-1295192,0.905
mp-26019,4.2823
mp-26983,1.3434
mp-1272804,0.4269
mp-26977,4.0134
mp-1210977,0.0121
mp-690617,0.7946
mp-1196748,1.6131
mp-26005,3.3554
mp-20052,1.9316
mp-558059,1.855
mp-22200,2.4344
mp-504460,3.7821
mp-771705,2.7137
mp-756366,0.2055
mp-754656,1.1504
mp-31924,1.2405
mp-18997,3.4115
mp-25410,0.8695
mp-1222353,0.0435
mp-755701,2.014
mp-759232,1.3694
mp-19107,1.8575
mp-585265,1.3835
mp-2767670,2.7719
mp-558917,2.2334
mp-18987,1.5361
mp-2659,3.6364
mp-8180,2.9369
mp-769319,3.2222
mp-559052,2.7191
mp-28463,0.8827
mp-3368,3.017
mp-29985,0.7552
mp-1078799,4.7643
mp-756415,2.2421
mp-1029903,1.1528
mp-3924,1.5795
mp-3731,3.3358
mp-7936,0.7135
mp-1025496,0.7319
mp-1195211,3.5181
mp-18711,5.9792
mp-1211137,3.6841
mp-1211080,0.4246
mp-1185531,4.4538
mp-1211241,4.4113
mp-1191015,0.0029
mp-26001,4.7526
mp-17664,4.0164
mp-40575,4.3173
mp-2348641,0.018
mp-22417,3.4237
mp-1222366,1.6961
mp-756254,1.9202
mp-1079181,1.2041
mp-9588,0.8095
mp-642650,5.3164
mp-24610,5.8554
mp-758098,2.7689
mp-757973,4.1198
mp-1222447,4.6531
mp-27687,1.6882
mp-9143,7.5394
mp-760046,3.2702
mp-3524,3.8016
mp-29195,5.722
mp-22694,3.6252
mp-1185263,3.1954
mp-559719,5.3953
mp-18932,3.6462
mp-561257,3.6739
mp-1211106,0.3015
mp-1211486,4.3181
mp-1191159,0.005
mp-554108,3.1439
mp-540946,4.0299
mp-14115,1.5153
mp-1078834,0.9999
mp-995393,2.1989
mp-7744,5.7916
mp-504353,4.6713
mp-1195657,4.7225
mp-29892,0.9744
mp-3980,4.9334
mp-1198780,3.0684
mp-4995,2.1379
mp-756006,0.3859
mp-1079885,0.0911
mp-1222578,4.6661
mp-1205649,3.7703
mp-1211126,3.5658
mp-552663,3.4519
mp-1196171,4.07
mp-5840,3.904
mp-10517,4.7646
mp-1001786,1.4857
mp-6224,4.6123
mp-1198027,1.1668
mp-5853,5.0143
mp-973391,1.7307
mp-6015,5.2544
mp-1199215,6.0068
mp-1211004,3.6314
mp-12448,0.3961
mp-1210954,0.3999
mp-1211144,4.5108
mp-1222296,1.9482
mp-35388,1.5829
mp-1197059,2.881
mp-26949,4.0844
mp-554917,3.4851
mp-1029294,0.8539
mp-1080679,5.9035
mp-1029625,0.3892
mp-3666,3.7003
mp-1206881,0.8541
mp-560297,3.7928
mp-18194,6.0116
mp-1210924,0.0814
mp-1211079,4.7094
mp-7137,4.5467
mp-1222297,2.0554
mp-15793,1.5013
mp-1192681,3.4434
mp-773582,1.3014
mp-27466,0.2237
mp-1196169,6.5143
mp-18640,2.4425
mp-1029424,1.7861
mp-6113,3.2227
mp-756275,1.7514
mp-6668,3.1096
mp-772042,0.762
mp-989577,4.3717
mp-989512,2.8771
mp-989551,4.1011
mp-772968,3.9922
mp-1211183,4.8766
mp-1176564,0.0001
mp-15066,4.8668
mp-1223108,1.8788
mp-555232,1.8389
mp-558943,2.2759
mp-27403,0.1478
mp-1222392,0.6632
mp-8007,0.4431
mp-560246,2.4741
mp-762019,2.0581
mp-1539853,2.2316
mp-26955,2.1576
mp-765346,2.1872
mp-1101601,1.3092
mp-25812,0.033
mp-867665,1.4936
mp-559938,1.9248
mp-1280709,1.3775
mp-754895,2.4557
mp-2710677,3.0939
mp-1029932,1.3312
mp-19373,3.0342
mp-19440,2.8357
mp-26227,2.1466
mp-753560,1.8043
mp-26127,2.7773
mp-25423,1.6248
mp-26963,1.5636
mp-850189,1.4519
mp-1222477,3.35
mp-759647,3.4718
mp-1139957,4.4444
mp-1191085,3.7774
mp-3700,7.8341
mp-7020,4.3897
mp-15788,1.9204
mp-15794,1.5239
mp-558941,5.275
mp-561390,0.0036
mp-1198025,5.7198
mp-9124,0.5518
mp-18048,3.1119
mp-7575,0.5187
mp-10182,1.3386
mp-1211621,4.4957
mp-559934,4.3045
mp-11175,2.7312
mp-1222336,1.5896
mp-1203440,4.2073
mp-9919,0.4057
mp-1202818,3.8841
mp-10499,4.2533
mp-601344,6.0222
mp-1222537,5.2244
mp-2897115,5.6152
mp-973586,0.1529
mp-2646923,4.7143
mp-680724,5.9263
mp-29789,5.7567
mp-625468,5.0249
mp-572998,3.5837
mp-29339,0.092
mp-1198201,5.7855
mp-1203980,0.0259
mp-607712,4.1826
mp-1211136,3.9094
mp-768453,6.0358
mp-1202045,3.0714
mp-1203152,0.0163
mp-573376,1.0344
mp-8269,1.2348
mp-1190475,3.098
mp-8346,3.7065
mp-14304,1.9819
mp-10191,1.477
mp-19153,1.1121
mp-1103893,0.7626
mp-1427,4.0211
mp-1192803,2.302
mp-753414,1.6573
mp-2826,2.5664
mp-12673,3.0925
mp-1189125,1.3355
mp-1206825,2.0255
mp-7193,4.8449
mp-1222448,1.2246
mp-16969,4.6846
mp-15170,2.6183
mp-1189748,0.5878
mp-557829,3.0656
mp-755515,2.9817
mp-771031,3.3452
mp-555747,3.1387
mp-18332,2.3856
mp-14132,5.1263
mp-1199315,0.0265
mp-14134,3.5331
mp-17673,5.6024
mp-1189199,0.5771
mp-768483,3.1381
mp-1210508,3.1147
mp-1210662,0.0529
mp-1210803,0.0145
mp-676653,4.7135
mp-1210928,0.0248
mp-1211003,0.0158
mp-1222825,4.1179
mp-1210574,0.0238
mp-1210969,0.0088
mp-28216,3.8214
mp-1201491,2.9824
mp-755804,2.8127
mp-20402,1.9232
mp-756479,3.4519
mp-1018025,2.153
mp-7644,3.5573
mp-14802,1.9441
mp-7560,5.3023
mp-545847,1.3984
mp-550805,1.4618
mp-550635,1.4425
mp-866214,3.0669
mp-973981,4.3956
mp-865324,3.8453
mp-1190663,0.2098
mp-755471,2.5313
mp-19360,0.285
mp-1222325,1.5137
mp-1001780,1.462
mp-1210818,7.6899
mp-768505,2.8917
mp-976349,4.8109
mp-1191245,0.0156
mp-757220,5.4787
mp-1206843,1.4615
mp-1210837,6.9578
mp-865521,2.1804
mp-973585,3.2664
mp-542397,0.7359
mp-1102,0.2331
mp-1211982,0.9471
mp-644492,3.3974
mp-30457,0.0127
mp-20185,0.2146
mp-1210775,5.0135
mp-601348,5.0683
mp-2940,5.9556
mp-30287,2.179
mp-1222263,2.4908
mp-1211006,2.2198
mp-1205366,1.0887
mp-27246,2.9943
mp-555850,2.6141
mp-1237257,2.3433
mp-1222283,4.4627
mp-23096,4.3364
mp-1095437,3.8707
mp-1210917,4.7352
mp-662606,0.9255
mp-5489,4.3218
mp-1210698,3.0696
mp-1210736,2.775
mp-1001604,1.3485
mp-1001611,1.2129
mp-1017508,0.7908
mp-2767717,0.2611
mp-18993,2.9436
mp-531792,5.5385
mp-1210678,5.8374
mp-531611,0.826
mp-542463,5.3156
mp-3872,3.1447
mp-8708,1.9811
mp-568803,2.1397
mp-3582,1.3298
mp-1200811,6.7129
mp-865185,0.4042
mp-11917,4.0657
mp-1017628,0.6341
mp-28447,0.002
mp-1078861,4.1446
mp-1191657,5.2714
mp-1400392,0.9995
mp-1041631,0.3094
mp-38951,2.6624
mp-667323,2.3518
mp-24383,3.0143
mp-30247,4.1797
mp-38322,3.484
mp-20493,1.7644
mp-1006591,0.7981
mp-1222182,1.4769
mp-1020058,3.4697
mp-18620,5.6024
mp-8208,0.2984
mp-1541458,3.9756
mp-27219,2.5763
mp-3653,1.0375
mp-14307,1.5651
mp-567224,2.0585
mp-560872,3.8947
mp-1222637,3.2487
mp-29624,1.9361
mp-1222973,5.0585
mp-6174,4.9555
mp-5618,3.0403
mp-568556,2.816
mp-18256,5.1706
mp-1198243,5.3108
mp-1210925,5.6708
mp-558660,3.8167
mp-1203195,3.3871
mp-642660,0.1947
mp-23804,1.914
mp-408,0.1689
mp-3904,3.0734
mp-17441,2.58
mp-1192564,1.4938
mp-643002,3.3481
mp-697030,3.0681
mp-555215,3.5063
mp-770423,1.3995
mp-697331,1.5719
mp-1195826,5.1351
mp-23740,5.0696
mp-3933,3.5371
mp-6095,5.1652
mp-33940,1.0774
mp-1029627,0.254
mp-1029378,0.0002
mp-1367,0.218
mp-2895,4.6395
mp-1193963,2.9691
mp-1192582,2.131
mp-34022,2.7149
mp-1029442,3.0129
mp-769077,3.5007
mp-757031,3.4044
mp-13187,3.8862
mp-1222196,2.5147
mp-27150,2.7138
mp-1029368,1.8994
mp-1222174,0.5345
mp-1222129,0.9775
mp-1205144,0.0265
mp-758196,3.0315
mp-5005,5.143
mp-14396,5.0732
mp-1990,1.6654
mp-1206514,2.2818
mp-554542,5.4158
mp-1210659,5.9459
mp-23087,5.7052
mp-1222264,3.8004
mp-17313,5.1749
mp-1210726,2.1885
mp-1210916,5.571
mp-770722,0.85
mp-643573,1.6631
mp-1245510,2.9642
mp-1559,1.9528
mp-7604,3.5818
mp-505365,0.2437
mp-1099253,3.2945
mp-2514,1.7981
mp-643061,2.6637
mp-1196139,1.3212
mp-1080847,1.6234
mp-558458,5.1736
mp-24097,4.2499
mp-696497,5.1766
mp-1222229,1.042
mp-864942,2.6125
mp-3118,2.9101
mp-19034,3.3363
mp-1030015,1.9513
mp-1204533,4.3207
mp-2713744,2.3338
mp-17841,3.4212
mp-6137,4.8305
mp-676305,2.4289
mp-1222125,0.0054
mp-2713918,3.0302
mp-17481,4.2018
mp-560026,5.3181
mp-1196847,3.0182
mp-1211946,5.0961
mp-1195642,4.9129
mp-1198031,3.8299
mp-1196921,3.8219
mp-989522,0.9048
mp-19239,2.2891
mp-1210955,3.0835
mp-699232,5.1217
mp-1197123,5.1294
mp-15728,3.4943
mp-1222065,2.2038
mp-3536,5.1095
mp-1210669,4.8418
mp-1222184,3.7273
mp-8376,6.0077
mp-6596,5.128
mp-555546,2.8972
mp-556078,3.016
mp-554686,2.6775
mp-7623,0.8144
mp-1194889,1.7625
mp-365,0.3641
mp-14234,5.9382
mp-978275,1.5414
mp-30091,1.6753
mp-23748,5.5459
mp-30034,4.4707
mp-9166,3.7571
mp-5348,4.9603
mp-1222080,3.5248
mp-23210,5.6168
mp-1045773,3.2528
mp-1443950,0.0078
mp-19202,3.139
mp-773053,0.1552
mp-554955,1.6141
mp-19120,2.3991
mp-1042039,3.1611
mp-1205334,1.6731
mp-1188827,0.7726
mp-7352,0.0185
mp-1041741,0.3723
mp-1249,6.824
mp-1222048,4.2415
mp-1045790,4.3795
mp-2226692,2.6564
mp-1042037,4.2706
mp-1192819,4.0185
mp-7798,2.6358
mp-24006,4.9058
mp-734042,3.5293
mp-504894,5.0692
mp-1203034,3.7464
mp-1199138,4.4417
mp-1200673,3.8473
mp-23710,3.7097
mp-24546,3.2989
mp-1196666,5.1716
mp-24337,5.3707
mp-24041,5.5024
mp-23966,3.4068
mp-24336,5.301658726
mp-3346642,6.167
mp-1197058,4.7945
mp-697170,4.5465
mp-697168,4.7741
mp-24460,6.131
mp-1203165,5.2698
mp-865188,5.3273
mp-1202806,1.6864
mp-1185888,2.2587
mp-1189172,4.7269
mp-23205,3.6162
mp-1222009,3.3863
mp-1391800,2.8029
mp-1247154,0.0004
mp-1210608,3.131
mp-27604,3.7069
mp-1398330,2.4449
mp-24620,4.0949
mp-864954,0.7411
mp-19047,3.8132
mp-17953,3.4567
mp-2713885,2.3163
mp-1045786,0.0869
mp-1265,4.4292
mp-1200442,5.4596
mp-384,0.7289
mp-554819,3.6165
mp-15437,5.0898
mp-1195623,4.101
mp-675651,2.7986
mp-30943,2.0382
mp-20216,3.0703
mp-19734,3.0406
mp-7921,1.8285
mp-1315,2.7574
mp-1185959,1.1337
mp-1020122,5.5211
mp-7572,5.4889
mp-849311,4.5005
mp-1195096,1.6103
mp-1018040,2.5765
mp-1103590,1.9685
mp-16771,3.0546
mp-12271,4.0013
mp-12630,2.869
mp-1016197,1.3032
mp-3677,3.9662
mp-2961,1.3728
mp-11715,3.623
mp-2713729,2.243
mp-1009082,0.4034
mp-1397451,4.9612
mp-1029791,1.0648
mp-9650,2.8397
mp-2713741,3.1127
mp-13033,2.3186
mp-2604,1.1162
mp-1210588,1.4751
mp-2713802,2.2063
mp-561065,3.1637
mp-28232,2.7175
mp-1222070,2.4111
mp-1221997,1.3943
mp-1399447,4.6253
mp-1245745,0.365
mp-3771,3.5295
mp-1201988,4.6787
mp-1197665,3.9844
mp-556009,4.5372
mp-998739,4.487
mp-554894,4.6526
mp-1211200,2.4364
mp-557384,2.1911
mp-2271432,1.6809
mp-1040943,0.0002
mp-504510,2.7654
mp-557238,2.5452
mp-1222158,0.3481
mp-561538,3.187
mp-1221990,1.8579
mp-2229489,2.0564
mp-27186,2.7895
mp-1407403,3.7421
mp-18875,3.6767
mp-1210656,2.705
mp-697121,3.6443
mp-2713981,3.9888
mp-726071,3.032
mp-1222466,4.292
mp-1025460,6.5307
mp-1025315,0.3252
mp-752598,2.0961
mp-19409,1.7241
mp-1104183,0.335
mp-18750,0.9977
mp-20025,1.1791
mp-20261,0.8566
mp-554980,2.2873
mp-1221979,0.3444
mp-542070,2.7614
mp-780939,0.1423
mp-19442,1.4245
mp-542139,2.304
mp-771905,1.3102
mp-18971,0.0734
mp-627380,3.141
mp-22576,0.512
mp-1210700,0.3928
mp-28669,1.5967
mp-560917,1.0468
mp-28525,0.1707
mp-768472,0.6835
mp-19477,4.0309
mp-28943,0.5381
mp-1210699,4.1194
mp-1221942,1.7417
mp-504697,0.4162
mp-1221996,0.6991
mp-1222018,1.7368
mp-1193329,1.3861
mp-20223,1.0831
mp-24250,2.7417
mp-1221883,0.0293
mp-1222032,0.4863
mp-18302,0.1193
mp-560090,1.8113
mp-27807,0.6135
mp-1172875,0.0721
mp-18721,2.2949
mp-558402,3.1252
mp-1196691,3.9168
mp-1192820,2.0179
mp-18928,1.9885
mp-5056,0.3536
mp-18607,2.1851
mp-1210598,0.5942
mp-1210788,4.3732
mp-19142,1.204
mp-1199415,1.5418
mp-18751,0.7287
mp-19185,2.0333
mp-504423,0.8285
mp-558631,2.9497
mp-542161,1.7732
mp-542292,1.4337
mp-560911,4.1137
mp-556656,4.2083
mp-23566,3.8123
mp-18870,1.2148
mp-24178,0.1816
mp-31908,0.2406
mp-18759,0.8135
mp-1202942,0.8563
mp-1204413,3.7297
mp-1196132,3.4619
mp-1193915,1.6919
mp-1196009,0.7864
mp-554429,2.6069
mp-18795,0.7582
mp-1192249,2.4566
mp-17899,1.8538
mp-1403705,1.2299
mp-21616,2.4229
mp-21535,2.5408
mp-19314,3.3366
mp-18554,3.1871
mp-18320,3.1768
mp-559323,1.1239
mp-31901,0.0155
mp-726800,2.7959
mp-680339,0.7556
mp-1193463,2.6949
mp-1193890,2.4894
mp-1222033,0.3174
mp-16185,2.3092
mp-1197400,0.1602
mp-653429,0.9382
mp-1172871,0.5022
mp-729046,3.4245
mp-3224,0.3909
mp-25773,0.4545
mp-850230,1.0069
mp-16552,3.0005
mp-1211361,0.0088
mp-996995,0.2895
mp-755882,2.6578
mp-1210817,1.7544
mp-29108,2.7681
mp-1195801,0.976
mp-24550,2.2527
mp-695994,2.1119
mp-17727,6.615
mp-12209,4.7102
mp-19882,0.9109
mp-1095372,0.4218
mp-554839,1.9432
mp-560153,2.779
mp-558130,0.854
mp-28306,1.5962
mp-18814,3.2291
mp-1221733,0.5243
mp-1221646,0.2055
mp-1221650,0.3984
mp-28233,1.7926
mp-28226,2.2026
mp-1221753,0.5469
mp-20474,0.2648
mp-1210824,0.4495
mp-510589,0.1787
mp-556585,2.3648
mp-556560,0.4936
mp-541103,1.3254
mp-725423,2.6756
mp-1221879,0.3732
mp-1221609,0.0344
mp-510638,3.0199
mp-20798,1.6732
mp-24069,3.804
mp-731052,2.2486
mp-1192289,3.3176
mp-643427,3.3472
mp-643412,1.9027
mp-24129,3.3813
mp-1221677,1.5529
mp-735521,1.5208
mp-24071,5.2799
mp-28013,1.1708
mp-19455,1.4097
mp-22100,1.924
mp-1221895,2.1845
mp-1232659,1.3105
mp-644514,0.541
mp-721692,3.9722
mp-865024,3.8366
mp-734805,1.6962
mp-541468,3.8098
mp-569522,0.4786
mp-510246,4.0598
mp-557042,4.5053
mp-776341,1.1303
mp-23895,2.4307
mp-1198455,4.2461
mp-2767267,0.9867
mp-8613,0.1562
mp-1210715,3.434
mp-557668,1.8416
mp-22554,2.8118
mp-555052,3.2674
mp-1205246,1.3103
mp-687227,1.4424
mp-17901,2.0514
mp-1202364,3.0996
mp-1210646,0.6252
mp-699587,3.2475
mp-22213,2.5711
mp-20096,2.4058
mp-20569,0.8776
mp-1196500,4.3339
mp-1201959,4.0683
mp-569859,0.3099
mp-570300,1.9323
mp-1221565,0.0054
mp-998762,2.6304
mp-1102938,1.917
mp-1192704,1.1335
mp-2490654,1.8524
mp-558892,1.9709
mp-757573,1.8768
mp-19407,2.3563
mp-1221557,0.3357
mp-1221561,0.141
mp-1221515,0.6608
mp-1386276,2.3517
mp-1221500,0.2439
mp-1080460,1.4684
mp-1198436,2.8207
mp-5581,4.2428
mp-504210,0.1494
mp-542135,0.0793
mp-504196,2.0302
mp-556276,2.7571
mp-32108,1.1251
mp-585184,0.8492
mp-1204412,2.476
mp-1221499,0.6317
mp-28037,0.9875
mp-640341,1.6862
mp-26744,0.894
mp-649327,2.2309
mp-583553,2.5746
mp-569225,1.9299
mp-560190,0.9108
mp-706490,0.4984
mp-28775,2.5228
mp-29555,2.1004
mp-1221539,0.9067
mp-620029,2.4548
mp-1221436,1.0942
mp-557539,3.3753
mp-504759,0.9911
mp-557259,4.1687
mp-1199487,1.7787
mp-1198690,1.6796
mp-23396,1.6768
mp-715584,1.8343
mp-27511,4.1826
mp-582976,1.691
mp-26616,1.9637
mp-555025,2.0672
mp-554832,3.5617
mp-23397,0.0249
mp-504818,2.4078
mp-21138,2.9278
mp-22169,2.8876
mp-1196979,2.3078
mp-1434,1.2042
mp-27866,1.4385
mp-565836,3.0825
mp-1634,1.301
mp-560907,2.016
mp-154,7.341
mp-505727,1.98
mp-754712,3.0976
mp-556500,1.3315
mp-2019727,3.0362
mp-2789,2.8265
mp-1204579,1.4467
mp-29966,3.1441
mp-978278,5.6439
mp-1104707,1.0855
mp-1186069,0.3974
mp-976892,0.1876
mp-1221784,4.6812
mp-30252,0.4164
mp-562435,1.4836
mp-638558,0.32
mp-1221463,0.9536
mp-30253,0.6698
mp-36165,1.4874
mp-1221508,2.5924
mp-1194939,0.5619
mp-645945,0.3291
mp-31008,2.5926
mp-27559,1.3896
mp-27569,0.5456
mp-1029705,0.6348
mp-1029862,1.3736
mp-569991,0.0235
mp-1030704,1.6379
mp-706847,0.9734
mp-28413,0.1913
mp-541895,1.5113
mp-1196650,1.281
mp-1211291,0.0228
mp-1222199,0.0232
mp-680169,4.9055
mp-1221829,2.4256
mp-8411,0.7266
mp-1104717,0.5613
mp-7392,0.655
mp-17473,1.5318
mp-554041,4.3384
mp-1173798,4.5382
mp-768146,5.0719
mp-706617,4.6711
mp-7773,0.4175
mp-29411,2.5898
mp-5004,1.4882
mp-706631,4.8035
mp-17941,4.7673
mp-542300,5.555
mp-556125,3.8106
mp-1191673,5.7662
mp-554828,3.4171
mp-556013,4.7889
mp-555182,4.8522
mp-16737,4.7156
mp-1210352,5.4555
mp-3318,6.6745
mp-568987,4.5899
mp-28588,2.725
mp-17183,4.5475
mp-1176418,3.4803
mp-1078709,0.307
mp-768140,3.6596
mp-541989,3.024
mp-1201027,4.1922
mp-6397,5.4849
mp-706342,1.9593
mp-557391,4.7887
mp-556679,4.3755
mp-1210816,4.6913
mp-6903,4.0396
mp-2714775,2.7269
mp-556232,5.336
mp-1221470,4.5395
mp-561260,4.962
mp-559376,4.7508
mp-1221844,3.7438
mp-677095,2.4952
mp-695511,2.6301
mp-561006,2.5752
mp-1210579,4.6892
mp-1190146,2.2385
mp-558198,3.8287
mp-555851,3.0538
mp-6078,2.4533
mp-697888,2.8694
mp-675693,0.7846
mp-2831941,1.9501
mp-1205754,2.226
mp-1221453,2.2946
mp-645487,3.1828
mp-699543,2.3582
mp-772664,0.8345
mp-545646,1.9531
mp-1210483,1.4955
mp-704459,2.5265
mp-771169,2.8794
mp-973225,1.589
mp-558356,4.0783
mp-18779,2.8731
mp-769616,1.6749
mp-6090,0.5033
mp-1199156,0.6062
mp-557171,0.8702
mp-15685,0.6543
mp-3237,0.9147
mp-7639,0.6575
mp-6467,0.4979
mp-555871,1.2419
mp-1194796,2.8881
mp-555104,4.35
mp-1195435,2.9645
mp-556836,0.0246
mp-772415,2.1663
mp-561395,2.769
mp-764074,1.8938
mp-1176399,2.3732
mp-1194940,3.5279
mp-15431,1.0249
mp-1190388,2.6215
mp-1173753,1.3627
mp-558993,4.1
mp-768120,3.9935
mp-583646,3.061
mp-557538,3.4316
mp-1173724,2.1724
mp-1020145,4.067
mp-18568,2.5142
mp-17964,1.4997
mp-17297,5.7875
mp-1029851,2.1512
mp-5784,2.9873
mp-4068,2.4515
mp-28278,1.6256
mp-10340,2.6629
mp-643260,2.2472
mp-697096,2.1188
mp-690785,3.6156
mp-632760,2.6137
mp-37458,1.3565
mp-865500,1.9603
mp-2714716,3.4939
mp-2714036,2.7772
mp-505121,1.6498
mp-4961,1.6474
mp-28858,2.1799
mp-1194989,2.9344
mp-1190145,2.1907
mp-1190429,1.3672
mp-1190138,2.2375
mp-22820,3.8608
mp-767521,2.7683
mp-504854,1.4837
mp-540965,3.0323
mp-540945,3.5213
mp-24413,3.1678
mp-9719,1.993
mp-1020146,5.5805
mp-12240,6.9483
mp-9722,1.2155
mp-14030,4.7198
mp-1195028,2.9727
mp-1204668,2.2596
mp-1194897,4.8127
mp-6026,4.4192
mp-1180690,1.7138
mp-1020147,5.2409
mp-1221800,3.6565
mp-2714248,0.4197
mp-2714037,0.3289
mp-2714179,2.0692
mp-1221409,3.7513
mp-2714642,1.4839
mp-2714656,1.5367
mp-2714886,2.8492
mp-6319,6.656
mp-1210432,4.2549
mp-1210436,3.9041
mp-1210433,5.8978
mp-1210431,3.2678
mp-10837,5.0348
mp-11165,4.736
mp-1210466,6.2972
mp-6406,3.7488
mp-1210449,2.5192
mp-553997,1.3872
mp-1210502,0.0814
mp-28079,0.4915
mp-540871,2.4985
mp-1210501,0.0619
mp-19080,1.4057
mp-773119,0.7056
mp-555618,1.693
mp-1201159,2.38
mp-755874,1.9179
mp-780530,0.6287
mp-19760,3.2222
mp-1195277,2.7772
mp-1201525,3.6541
mp-18852,4.3983
mp-557923,3.6578
mp-690200,2.2223
mp-1203771,2.6478
mp-1192640,2.3695
mp-2713942,1.9594
mp-559968,3.1214
mp-9753,0.2961
mp-1210464,4.4211
mp-1221346,3.8236
mp-704915,3.7743
mp-1189952,3.1791
mp-510526,4.58
mp-1203157,4.3816
mp-2352,1.8736
mp-2340,1.7361
mp-1190635,0.2593
mp-698063,5.215
mp-555933,4.2908
mp-8989,1.6031
mp-1193174,5.2321
mp-556699,5.5817
mp-703305,4.7491
mp-1101885,2.6345
mp-567228,1.7908
mp-27622,2.4667
mp-1210368,1.2504
mp-560120,1.7034
mp-1195013,1.5456
mp-559068,1.7401
mp-27562,0.4208
mp-29359,1.1864
mp-3622,1.2356
mp-1210356,2.0894
mp-685478,0.889
mp-10223,0.9448
mp-1078751,0.6253
mp-684783,3.3379
mp-1192379,2.7424
mp-22313,1.4633
mp-560860,1.5488
mp-10246,1.1433
mp-14588,0.869
mp-1210286,1.9955
mp-648,2.4399
mp-31269,5.1013
mp-28127,1.7772
mp-4770,4.9903
mp-30972,3.0649
mp-7774,0.3618
mp-27936,4.8247
mp-768144,4.019
mp-557006,4.4339
mp-2713761,1.9543
mp-2713839,2.6845
mp-767518,4.351
mp-1266,2.0153
mp-1190423,2.8061
mp-5416,4.2235
mp-5141,3.3557
mp-1020159,5.5087
mp-3193,4.4712
mp-18104,3.599
mp-18562,2.6679
mp-3775,6.9951
mp-4533,3.8657
mp-1210364,4.5183
mp-1202012,3.5073
mp-574684,0.4776
mp-8081,4.9677
mp-757981,2.5175
mp-778057,2.2658
mp-761184,2.7011
mp-571470,1.3647
mp-558954,6.0015
mp-1221310,0.5439
mp-1221315,0.9321
mp-556356,4.7826
mp-1197316,4.9965
mp-1194593,2.6457
mp-557927,2.251
mp-18975,2.873
mp-1200120,3.5105
mp-3285,3.4629
mp-2713872,2.6079
mp-2713732,0.1476
mp-1078535,1.5541
mp-2784,2.0282
mp-720921,3.7367
mp-28713,2.929
mp-20254,0.7191
mp-541918,2.4592
mp-28904,3.1514
mp-541917,2.9425
mp-1210414,2.8738
mp-541619,3.2606
mp-27537,1.8037
mp-1190141,1.7828
mp-573581,1.2031
mp-1192524,3.6688
mp-555861,4.9443
mp-4829,6.4738
mp-680191,0.7175
mp-5996,2.9482
mp-3488,2.9953
mp-2714687,1.4862
mp-5449,2.9167
mp-556024,4.1813
mp-557596,2.3118
mp-6228,3.2391
mp-557845,2.4798
mp-6138,2.9703
mp-1221267,2.4574
mp-14065,3.0984
mp-554657,4.1045
mp-756769,1.3248
mp-866132,0.3797
mp-1195532,3.1794
mp-556102,2.0214
mp-1190548,1.5582
mp-560638,2.07
mp-568694,0.0866
mp-1103472,2.5956
mp-23546,0.3792
mp-554191,1.866
mp-15385,2.2471
mp-1190512,1.8808
mp-557315,2.4946
mp-558049,1.7762
mp-771012,0.9742
mp-1120790,2.4549
mp-1191842,2.4654
mp-554228,2.9918
mp-770717,2.1522
mp-559869,3.2945
mp-505382,4.2853
mp-21896,2.3428
mp-32533,1.8085
mp-18803,4.7521
mp-1194587,2.9002
mp-1197762,3.6276
mp-1202901,4.7079
mp-1190399,2.2665
mp-734019,3.0824
mp-554754,4.6196
mp-6675,3.8766
mp-1190487,1.7271
mp-554845,1.2488
mp-1094107,2.1599
mp-6507,3.323
mp-555300,2.9909
mp-1195934,4.0703
mp-560934,3.7339
mp-28830,3.7194
mp-616461,4.5763
mp-15548,2.9496
mp-15547,4.1437
mp-699457,3.5206
mp-6402,2.6397
mp-643776,3.0449
mp-29488,1.4567
mp-758238,3.6144
mp-1021465,2.1396
mp-6391,3.1743
mp-556536,0.0011
mp-532604,1.2537
mp-27307,6.2566
mp-561166,3.6953
mp-990440,4.351
mp-1210267,1.9268
mp-7219,1.3166
mp-558191,4.5653
mp-6824,4.5795
mp-556709,4.0111
mp-675310,0.1373
mp-3527,1.1444
mp-9634,2.1755
mp-1197957,3.3791
mp-43068,3.3353
mp-8543,0.8472
mp-3416,6.7197
mp-23705,2.8145
mp-5122,1.346
mp-707530,4.4885
mp-6860,5.1524
mp-14389,5.2656
mp-560538,3.3446
mp-9682,2.3831
mp-9680,1.9145
mp-655,0.064
mp-1222204,3.1313
mp-30233,1.5304
mp-756044,3.4645
mp-5830,2.5223
mp-8686,2.0081
mp-28365,1.9715
mp-768915,1.7917
mp-15567,2.3085
mp-559783,5.3156
mp-1197849,5.6153
mp-1203588,4.7628
mp-720583,4.7335
mp-29000,3.512
mp-531600,2.9704
mp-558548,3.323
mp-556801,4.956
mp-31073,4.9219
mp-28630,1.6485
mp-30975,2.9485
mp-29976,2.5824
mp-1221271,5.3256
mp-556258,4.3275
mp-561083,4.2446
mp-27914,2.8428
mp-27345,0.9732
mp-985586,1.8815
mp-542719,4.5567
mp-694988,0.9016
mp-725491,2.2236
mp-557506,1.5495
mp-18480,4.2075
mp-15572,0.9426
mp-1190339,0.4586
mp-1191931,6.8525
mp-767552,4.475
mp-1173819,3.7344
mp-767430,3.1961
mp-38102,2.6973
mp-28602,2.0299
mp-19087,0.8215
mp-773177,2.6503
mp-1203077,2.7796
mp-1210465,2.7172
mp-31126,0.8294
mp-770948,2.223
mp-16383,2.7029
mp-1221294,2.9419
mp-559281,1.3855
mp-720126,2.5697
mp-560929,3.8005
mp-1210429,1.0338
mp-8343,3.6759
mp-1210463,1.2227
mp-755401,1.3047
mp-28556,0.774
mp-1211075,4.9519
mp-555604,4.77
mp-1210536,4.5039
mp-1211481,4.9742
mp-1210529,4.5156
mp-28542,5.228
mp-555537,3.6255
mp-19028,1.6539
mp-556723,2.2743
mp-556871,2.3434
mp-556540,1.7179
mp-771144,1.7516
mp-560311,3.1439
mp-30947,2.3505
mp-22135,1.8038
mp-1194982,2.5691
mp-771204,2.7647
mp-561058,4.183
mp-556143,2.0272
mp-766463,4.5369
mp-733844,3.9887
mp-14390,4.9996
mp-18165,2.7699
mp-17148,2.0844
mp-1203147,3.036
mp-675237,1.5496
mp-18411,1.8881
mp-23780,5.3131
mp-1191727,0.4493
mp-1193700,3.4814
mp-707836,3.3028
mp-24747,3.1017
mp-863011,2.6014
mp-698032,2.5681
mp-2713249,4.6473
mp-1211201,4.9965
mp-1210506,4.5049
mp-29836,5.2296
mp-1195700,3.97
mp-6017,3.2677
mp-22804,2.2648
mp-17349,3.226
mp-21622,0.9814
mp-580161,0.1083
mp-23503,3.7859
mp-1210420,5.1364
mp-21577,1.3087
mp-21547,0.6322
mp-1210472,3.7248
mp-6760,4.0102
mp-1203724,1.4613
mp-6711,7.1947
mp-14458,4.1042
mp-6247,4.0837
mp-6527,5.3822
mp-1210682,1.9933
mp-14023,6.916
mp-1020164,4.8511
mp-1210400,4.7751
mp-557309,3.8186
mp-1205167,4.5183
mp-1210441,4.5111
mp-1210445,5.6241
mp-683990,4.8134
mp-555005,4.9388
mp-532701,3.7666
mp-1173822,3.4495
mp-1173861,4.0872
mp-1173812,4.5537
mp-2714163,1.4451
mp-2714027,2.1882
mp-646116,3.8283
mp-23653,4.2341
mp-643658,4.8639
mp-768154,4.5243
mp-985626,0.85
mp-1211859,0.3931
mp-771035,2.6273
mp-1210340,1.8461
mp-19261,2.0791
mp-1195590,1.418
mp-772101,1.2865
mp-18753,3.9164
mp-1029845,1.8184
mp-1106352,1.7232
mp-541291,1.4075
mp-1194849,4.5355
mp-1200323,3.1544
mp-27247,3.7689
mp-561259,5.1009
mp-558805,3.9757
mp-555804,0.006
mp-679958,3.4712
mp-1210255,3.9569
mp-971678,2.2488
mp-770940,3.534
mp-554649,0.636
mp-770968,4.2779
mp-1180577,1.4886
mp-1029595,0.6775
mp-555476,0.0967
mp-1598,0.4033
mp-558432,3.2792
mp-473,1.6239
mp-28161,3.9652
mp-674333,3.9187
mp-11738,2.8392
mp-28782,2.2919
mp-542136,4.2539
mp-1078419,1.1169
mp-27478,4.2399
mp-1223492,4.2515
mp-1210844,4.9068
mp-1246353,0.6342
mp-28205,2.4306
mp-560222,5.3459
mp-7956,0.3946
mp-556577,1.8894
mp-1210360,2.1435
mp-8076,3.0866
mp-7404,2.1351
mp-560642,2.7687
mp-1193673,2.3949
mp-1193265,1.9982
mp-8703,0.9871
mp-1191513,3.6398
mp-561018,3.7232
mp-16956,4.6584
mp-6213,3.2558
mp-29417,3.3749
mp-1189516,3.9823
mp-4185,6.8442
mp-557463,4.0305
mp-560937,3.8392
mp-768663,3.4077
mp-28303,1.8097
mp-772986,2.9085
mp-17291,1.9397
mp-1210769,4.9207
mp-677015,4.657
mp-2748208,4.5712
mp-673807,4.3094
mp-1201950,1.3801
mp-6775,4.5614
mp-41095,1.1229
mp-10097,0.4377
mp-10096,0.7467
mp-1210275,0.3066
mp-13726,4.7991
mp-17245,4.8651
mp-1202226,2.5894
mp-1211011,4.954
mp-1210309,4.4469
mp-1210257,0.1544
mp-732175,1.2639
mp-29454,1.8471
mp-1195518,4.2135
mp-1210332,4.4757
mp-1210289,5.6094
mp-555421,3.96
mp-1194950,0.2511
mp-1194641,0.0267
mp-34842,0.1241
mp-776557,1.9166
mp-694937,2.2722
mp-1202673,2.3608
mp-1205476,2.5564
mp-755436,4.0626
mp-14391,2.4538
mp-1194885,2.4277
mp-29143,1.4686
mp-743949,0.0601
mp-770947,1.9011
mp-1029565,2.2402
mp-583762,0.919
mp-16839,1.8459
mp-556039,3.777
mp-1194479,5.0193
mp-1210758,4.964
mp-1221246,4.609
mp-1203085,4.2323
mp-31362,5.1827
mp-734150,5.0238
mp-1210458,4.9797
mp-560158,4.2437
mp-532695,4.5392
mp-753301,0.5172
mp-559084,3.8809
mp-559286,4.0831
mp-23651,3.5794
mp-694981,4.9487
mp-23147,4.7931
mp-1173717,4.3694
mp-23145,4.6975
mp-39140,4.0558
mp-23655,4.1513
mp-741045,4.6898
mp-27197,3.2056
mp-27564,3.6854
mp-706336,4.0735
mp-23151,4.6344
mp-1221206,0.6319
mp-1221207,1.0094
mp-1210416,3.3247
mp-556413,2.7505
mp-1195487,2.666
mp-28851,1.0243
mp-8752,0.7395
mp-561448,1.5424
mp-1221350,0.6293
mp-18762,1.1481
mp-760068,1.2643
mp-28789,2.0854
mp-1221197,0.3878
mp-1221196,0.5258
mp-19022,1.7632
mp-28773,2.885
mp-534870,4.2524
mp-23659,4.2352
mp-23656,4.2889
mp-40226,3.6097
mp-1221169,2.0553
mp-28355,1.6797
mp-28107,1.0023
mp-3153,3.1508
mp-2970,2.8173
mp-28292,1.7906
mp-643001,2.0349
mp-14526,3.7463
mp-2716478,4.1797
mp-28591,0.0365
mp-22937,2.2131
mp-28698,0.4312
mp-1223438,0.0126
mp-558455,3.9373
mp-1194756,4.5111
mp-1103730,1.8221
mp-1103351,2.7632
mp-1020162,4.9429
mp-1221187,2.246
mp-2714963,4.5314
mp-1201699,1.5858
mp-29984,2.9246
mp-559561,2.7865
mp-560780,3.8566
mp-554790,3.4051
mp-1194870,4.258
mp-754019,0.6496
mp-27579,4.63
mp-20088,1.2998
mp-1200574,0.8335
mp-10419,2.4384
mp-555825,4.8179
mp-29871,1.3349
mp-1221146,2.0895
mp-569337,1.9301
mp-7500,3.2221
mp-30931,2.5923
mp-1221151,1.8668
mp-27310,3.5349
mp-29626,1.6506
mp-28261,1.8842
mp-9655,2.0838
mp-29628,2.078
mp-28768,1.4647
mp-28108,1.0196
mp-1221154,0.5886
mp-1221153,0.9527
mp-1221156,1.2089
mp-1221155,1.3214
mp-15391,1.9815
mp-560175,3.9619
mp-555678,2.4744
mp-559519,3.0631
mp-14726,3.3237
mp-680756,2.8528
mp-505798,1.6617
mp-6046,2.157
mp-555988,2.0333
mp-5327,2.1446
mp-850995,1.5818
mp-754829,1.0672
mp-705037,1.7666
mp-699658,2.6285
mp-19334,3.8008
mp-6150,4.3212
mp-560843,3.1741
mp-1210325,2.4338
mp-505045,1.0037
mp-1194446,1.7582
mp-1210225,1.1633
mp-4752,6.6649
mp-24822,2.9039
mp-13998,2.6242
mp-555488,4.6651
mp-29198,1.0748
mp-1197581,5.1366
mp-557836,5.079
mp-560658,3.2589
mp-760400,0.8518
mp-559777,4.8096
mp-559615,3.1682
mp-757878,1.4867
mp-1210224,0.5752
mp-11147,1.5205
mp-1192543,4.7514
mp-555973,3.8939
mp-1192584,4.7933
mp-760318,2.1683
mp-1198461,2.4251
mp-558924,5.3979
mp-1204283,2.9954
mp-7656,2.4236
mp-556070,3.3922
mp-1192390,3.0854
mp-16861,0.5043
mp-4172,1.0797
mp-730460,5.022
mp-1189018,6.6637
mp-541236,0.9887
mp-1192403,4.7593
mp-1210180,1.8834
mp-14493,1.8907
mp-29376,2.0219
mp-28597,1.6777
mp-19479,4.0837
mp-1195001,2.9755
mp-554395,2.2797
mp-19464,3.8389
mp-1195683,4.7705
mp-1194736,1.7777
mp-5477,2.6375
mp-1192544,3.7234
mp-1192521,4.518
mp-21996,1.8963
mp-1095270,1.4031
mp-1192433,3.6885
mp-1192370,4.466
mp-8253,2.248
mp-24144,4.8278
mp-18139,1.1475
mp-5929,1.3251
mp-1192338,4.6397
mp-5248,0.4045
mp-18317,1.3674
mp-29739,0.6311
mp-1220796,1.1673
mp-1220783,1.3189
mp-1220774,1.3769
mp-8957,2.538
mp-19469,3.9472
mp-1192492,4.7059
mp-18271,2.5298
mp-559314,3.1385
mp-7652,1.322
mp-31483,0.0514
mp-1192572,4.8006
mp-560919,4.3339
mp-19497,3.9433
mp-555272,6.1043
mp-1220862,2.6394
mp-42298,3.2025
mp-1220895,2.1085
mp-28559,3.6417
mp-766470,4.4368
mp-2763369,1.0715
mp-28022,4.1311
mp-1210308,3.1435
mp-780164,2.7311
mp-1210320,4.276
mp-1173830,0.3477
mp-1173850,0.8759
mp-27752,2.4264
mp-18100,1.5871
mp-2715166,4.2652
mp-558427,5.3855
mp-6892,4.5843
mp-2714978,1.8918
mp-2715012,3.3941
mp-1210184,5.244
mp-1210321,4.3439
mp-770525,3.8956
mp-27125,2.5584
mp-5055,1.4003
mp-14780,1.1333
mp-553959,0.0382
mp-1210276,4.1393
mp-776196,3.5322
mp-560831,2.3264
mp-9007,1.2626
mp-557401,1.0116
mp-23657,4.7742
mp-16180,2.9814
mp-16961,2.1551
mp-780239,3.4335
mp-700033,1.8105
mp-850796,2.7061
mp-1196529,2.7351
mp-1029656,1.2474
mp-7664,1.5336
mp-8389,2.1581
mp-1024047,1.6667
mp-763805,1.0388
mp-28267,0.3088
mp-556168,2.7979
mp-707443,4.8055
mp-1173826,2.1627
mp-1221035,3.0492
mp-541689,1.4305
mp-6702,3.6992
mp-1173791,2.2482
mp-1221002,0.0236
mp-1205264,1.2885
mp-39823,3.366
mp-2902906,5.2928
mp-41734,4.0359
mp-764233,0.9517
mp-27557,2.1091
mp-27618,2.4378
mp-554071,1.2382
mp-560597,3.8106
mp-3138,0.2672
mp-28017,3.5058
mp-9071,1.0363
mp-1221041,4.433
mp-1173859,2.4284
mp-761065,2.4659
mp-1220845,1.7108
mp-1220844,2.3999
mp-694961,2.1522
mp-559150,3.9882
mp-27303,0.6596
mp-16992,0.9312
mp-7386,1.5464
mp-6983,1.2098
mp-754326,0.5911
mp-1210534,0.8779
mp-1189227,2.6538
mp-1210191,5.7223
mp-3405,4.491
mp-1199124,5.0711
mp-568785,1.4245
mp-1200510,1.4978
mp-14395,3.4772
mp-34763,1.5848
mp-1210155,4.1524
mp-555048,4.6085
mp-23363,5.1557
mp-14511,3.9677
mp-1199345,5.2103
mp-644506,4.943
mp-23704,4.6666
mp-29395,3.5536
mp-9212,3.7968
mp-17060,2.7291
mp-721988,4.8862
mp-560334,4.7132
mp-1106381,0.5734
mp-1220871,3.4101
mp-730154,2.6467
mp-559786,3.1993
mp-1079088,4.8294
mp-3468,3.7378
mp-17868,2.8628
mp-5942,1.3457
mp-984519,1.4318
mp-1202202,1.9991
mp-1198003,1.7895
mp-561190,1.753
mp-570193,1.6058
mp-7388,2.1333
mp-997089,1.159
mp-1204074,2.3047
mp-29139,0.9131
mp-1020655,5.6374
mp-1020658,6.0379
mp-720642,5.429
mp-557406,5.4351
mp-1202375,4.4681
mp-721294,5.7346
mp-1199541,4.586
mp-640950,1.9515
mp-1238775,0.8096
mp-3521,7.8463
mp-38725,6.3086
mp-3889,4.1041
mp-1194338,6.3006
mp-8075,3.3859
mp-9573,1.2874
mp-6392,5.8139
mp-556001,5.2827
mp-1210092,2.8545
mp-23621,4.7395
mp-557498,0.8399
mp-1220821,2.2208
mp-1220820,2.3702
mp-1220823,1.8933
mp-27420,2.7315
mp-22984,1.135
mp-23054,1.0964
mp-1221125,1.4469
mp-1221101,1.0923
mp-1221102,1.0653
mp-1221124,2.3709
mp-22916,4.0895
mp-1210052,2.9542
mp-23339,4.4812
mp-546500,4.4323
mp-1120755,0.6623
mp-1020683,5.4489
mp-1221168,4.9995
mp-698491,5.1823
mp-1189407,2.6722
mp-677573,3.1301
mp-706239,3.3486
mp-1221182,1.00E-04
mp-23792,4.8486
mp-694918,2.1268
mp-706235,3.0491
mp-6281,0.439
mp-9467,5.1723
mp-16553,4.2717
mp-17944,7.1135
mp-1210199,5.3734
mp-961685,1.5819
mp-1193109,3.5934
mp-1221129,3.8471
mp-560721,5.511
mp-1180133,3.4213
mp-1221077,3.5919
mp-1221075,2.9279
mp-1204868,3.5059
mp-14401,5.0934
mp-634418,4.4923
mp-1210293,2.4152
mp-19302,3.6886
mp-15250,4.7064
mp-4360,3.482
mp-1173705,3.0268
mp-6684,2.9173
mp-1210295,0.284
mp-1204327,0.2316
mp-569618,0.1414
mp-684828,0.2058
mp-22862,5.0037
mp-22968,5.4553
mp-697551,2.7735
mp-21404,2.9522
mp-18921,2.2452
mp-1221116,0.0042
mp-562796,3.2132
mp-1205341,2.1368
mp-21213,2.8468
mp-1210128,1.6164
mp-1210195,2.7232
mp-19367,3.0616
mp-1221115,2.1138
mp-1221145,2.1639
mp-1105721,2.6817
mp-19280,1.791
mp-17523,3.2336
mp-646192,1.374
mp-849785,3.8276
mp-578604,2.891
mp-17142,2.7876
mp-5693,0.9909
mp-3332,0.7808
mp-554430,0.057
mp-1221084,0.5262
mp-17869,0.0809
mp-7469,1.2722
mp-4541,0.4997
mp-1189612,0.4494
mp-1210069,0.042
mp-40478,2.5904
mp-1210040,4.7644
mp-752672,4.0314
mp-999490,2.2856
mp-999488,1.8635
mp-1221047,3.2021
mp-12384,2.5452
mp-10476,5.7302
mp-29083,4.9964
mp-1210068,0.7312
mp-674459,6.854
mp-17487,3.6183
mp-5586,4.0544
mp-3613,2.3245
mp-8584,1.9258
mp-1221406,0.374
mp-682,6.204
mp-22614,1.5846
mp-1102092,2.0944
mp-880385,2.2783
mp-561519,1.9104
mp-21867,1.8358
mp-556373,2.1497
mp-1221050,2.8704
mp-1287635,3.5545
mp-1210072,1.198
mp-604429,1.882
mp-1210021,1.5887
mp-1210192,1.0155
mp-27514,0.2252
mp-1078217,2.2462
mp-18455,2.954
mp-19359,1.9919
mp-1199438,1.8637
mp-752506,2.5578
mp-19226,1.2607
mp-1105952,4.1937
mp-1210086,4.32
mp-1202879,3.2011
mp-570622,1.8605
mp-29462,1.2076
mp-1195918,1.4941
mp-28679,3.4888
mp-1190761,4.2848
mp-1210845,3.1217
mp-23918,4.7342
mp-3338,2.8582
mp-560632,3.8225
mp-1094098,1.5786
mp-40451,2.1556
mp-1210079,1.0142
mp-1221034,4.4911
mp-18547,3.3011
mp-559407,2.9224
mp-5088,3.1172
mp-707097,3.1586
mp-8260,1.762
mp-999489,1.3585
mp-29657,0.6652
mp-542919,3.9114
mp-14433,2.3402
mp-558862,4.4281
mp-13674,0.0512
mp-23870,3.7666
mp-23850,1.9459
mp-1220990,4.3395
mp-24193,4.4872
mp-1210160,4.7301
mp-733637,3.5481
mp-625378,4.7145
mp-696396,5.2829
mp-27837,6.9678
mp-626000,2.9879
mp-634657,3.1577
mp-634378,5.4977
mp-1220837,4.0231
mp-1220802,3.3874
mp-40161,5.03
mp-571189,0.4817
mp-554121,3.1712
mp-505448,0.3845
mp-1220764,4.106
mp-23110,1.388
mp-8153,1.4524
mp-1209969,0.0424
mp-1220852,4.3796
mp-1209968,4.8172
mp-675798,6.8743
mp-18334,3.6138
mp-755617,4.0048
mp-5694,2.3055
mp-999474,1.8867
mp-23268,3.5687
mp-554948,4.2686
mp-559065,3.1418
mp-22989,3.6962
mp-1105143,2.3627
mp-1196607,3.0219
mp-6333,3.4886
mp-20678,3.4845
mp-559710,2.3567
mp-1198616,4.1928
mp-1210406,3.6739
mp-28570,2.479
mp-5175,1.9142
mp-6290,3.8231
mp-20289,1.8377
mp-22473,1.0192
mp-1220784,0.6527
mp-22483,0.6416
mp-559868,3.8585
mp-1199865,2.2582
mp-569491,1.7311
mp-6741,5.0956
mp-557840,4.1818
mp-559903,3.6164
mp-12337,0.5187
mp-6389,0.4775
mp-13019,3.9792
mp-569580,2.8475
mp-569905,0.3409
mp-1220900,3.808
mp-1105823,2.2965
mp-557508,4.4962
mp-9239,2.5432
mp-1173567,3.5197
mp-22748,2.0322
mp-755586,3.2411
mp-675230,2.191
mp-999472,2.2767
mp-1020648,4.5657
mp-9066,3.8891
mp-1020646,5.8333
mp-560189,4.1479
mp-865101,0.6303
mp-559443,2.4559
mp-558045,5.3418
mp-5077,0.6796
mp-505381,2.5676
mp-561254,3.7766
mp-559904,4.5993
mp-553926,5.8776
mp-559533,4.4629
mp-1209986,7.4719
mp-1210003,7.5674
mp-1196828,5.1228
mp-760044,0.8757
mp-1200250,4.5594
mp-8452,2.2642
mp-28603,2.4375
mp-558267,5.4457
mp-8754,2.284
mp-1210006,7.552
mp-1220972,1.8298
mp-15543,5.2494
mp-29001,5.1598
mp-6712,3.632
mp-755311,4.061
mp-561535,5.3778
mp-9035,2.3993
mp-1196753,5.4759
mp-1210333,0.0004
mp-1195419,4.567
mp-555794,2.8353
mp-1195665,5.2188
mp-1173560,4.4609
mp-1221086,1.4672
mp-17771,3.1979
mp-541220,3.3243
mp-5962,0.9548
mp-2955,6.7529
mp-1173576,1.87
mp-2714113,3.3244
mp-23730,3.103
mp-2714294,1.4222
mp-2223065,2.1715
mp-6699,5.1057
mp-864766,5.6118
mp-7090,1.0359
mp-2714261,4.2888
mp-2901609,1.8612
mp-542710,0.4046
mp-706292,2.1428
mp-1210177,0.0302
mp-24586,2.058
mp-1210122,1.1152
mp-729027,2.9315
mp-16381,3.2825
mp-17876,2.0178
mp-18641,2.2911
mp-560242,2.7474
mp-554517,2.0519
mp-1173592,1.5082
mp-1209999,2.4364
mp-1205831,2.0015
mp-18957,1.223
mp-775855,3.2555
mp-1193468,2.3623
mp-1220983,1.1965
mp-1013843,1.8076
mp-1210358,0.5922
mp-622602,2.6992
mp-578610,2.3805
mp-1209982,3.2261
mp-18435,3.2076
mp-21798,2.7169
mp-570538,3.9442
mp-2767672,3.0097
mp-4531,2.9451
mp-6181,1.7198
mp-555305,3.1273
mp-29162,0.1761
mp-672212,1.6963
mp-560032,2.7002
mp-560016,1.9944
mp-557436,1.3156
mp-559336,2.1321
mp-623854,2.4842
mp-1221019,2.7554
mp-556062,2.5448
mp-2713177,2.6148
mp-28178,2.2152
mp-1221032,2.432
mp-1030657,2.2814
mp-3744,1.3781
mp-4514,2.5048
mp-7937,0.6251
mp-1210002,1.6715
mp-7939,0.5014
mp-1190450,2.9067
mp-1210138,4.6697
mp-14515,2.1699
mp-570876,1.5138
mp-1220980,3.4059
mp-12226,5.8029
mp-6455,5.5386
mp-560226,4.843
mp-22329,0.543
mp-568759,2.7311
mp-1221045,3.6061
mp-1221031,4.4314
mp-1210062,2.4461
mp-1220999,7.0629
mp-1189143,2.4171
mp-560799,5.748
mp-1210016,0.0002
mp-20156,2.2832
mp-8128,3.3353
mp-999470,2.2045
mp-999471,1.8121
mp-1221038,3.5968
mp-1221027,2.7127
mp-1220997,3.1907
mp-757387,4.3795
mp-1194067,4.6315
mp-545399,1.7121
mp-19149,0.4204
mp-726198,4.2632
mp-776388,3.3393
mp-608031,0.0376
mp-1545216,0.4836
mp-7440,0.8684
mp-24109,5.521
mp-1194653,1.4966
mp-505701,5.8073
mp-690977,3.3065
mp-1220996,0.0097
mp-29598,4.2196
mp-1195785,1.7429
mp-10474,7.0251
mp-632684,5.1085
mp-10572,4.6812
mp-864891,5.1185
mp-559446,1.1607
mp-1189520,1.988
mp-865120,2.952
mp-30792,0.1566
mp-1188623,2.5426
mp-1210097,0.0003
mp-560898,3.3741
mp-542512,0.4715
mp-560673,6.1633
mp-1202169,3.6216
mp-570548,2.7187
mp-1221029,3.6563
mp-1221010,3.1456
mp-8470,3.1965
mp-1220912,2.1807
mp-999461,1.7927
mp-11151,1.0597
mp-28987,0.9897
mp-5558,3.6152
mp-1210084,1.2372
mp-8830,1.3774
mp-1029313,0.4093
mp-2400,1.2348
mp-12180,2.0185
mp-1220908,5.0584
mp-7944,0.6041
mp-561062,3.8784
mp-27573,4.968
mp-2741573,1.6796
mp-766341,1.0634
mp-28177,2.0509
mp-2213280,4.9225
mp-29269,4.3132
mp-5955,4.8892
mp-4482,2.7012
mp-5414,0.8857
mp-1220879,0.6375
mp-1220883,0.6589
mp-866649,4.8657
mp-8054,3.5612
mp-1194561,3.8413
mp-7074,4.9501
mp-1210161,3.5019
mp-2714375,4.2349
mp-550925,3.46
mp-555447,4.9236
mp-29432,3.8115
mp-7914,3.98
mp-1200860,4.7915
mp-999460,1.679
mp-1205541,4.5213
mp-15668,0.4942
mp-15514,1.1815
mp-2402,1.1286
mp-8973,4.1843
mp-558181,5.778
mp-1210126,4.6763
mp-1200123,5.8294
mp-561232,2.793
mp-40685,2.3868
mp-1220974,3.0002
mp-1209940,0.7743
mp-555904,3.6029
mp-754027,3.6533
mp-999455,2.2312
mp-999450,1.8016
mp-559160,3.3052
mp-999447,1.1738
mp-11051,0.3429
mp-6525,3.3552
mp-28947,3.0516
mp-13599,3.7838
mp-6226,3.7963
mp-12433,0.9179
mp-29529,0.5826
mp-1020657,5.4112
mp-620652,0.3122
mp-1106050,2.563
mp-555812,1.7088
mp-1204493,3.3081
mp-6361,3.2962
mp-6233,0.5002
mp-10461,2.9095
mp-13042,3.8787
mp-10811,1.9666
mp-14722,6.9766
mp-9775,0.807
mp-561514,5.4486
mp-556695,3.8575
mp-17259,2.0585
mp-556802,3.4614
mp-1210031,5.9984
mp-13275,1.2357
mp-1210115,4.5196
mp-1210039,2.5448
mp-2713211,3.853
mp-2713437,3.4761
mp-28179,2.9288
mp-6066,3.3561
mp-5475,1.2765
mp-3858,2.6172
mp-1209956,0.0207
mp-1193942,4.3118
mp-1209961,4.7179
mp-16927,3.5988
mp-555494,2.2708
mp-6964,3.8923
mp-999126,2.2791
mp-999127,1.839
mp-1202184,0.9655
mp-28478,0.5092
mp-29355,5.2511
mp-633158,3.5809
mp-1220958,4.604
mp-3269,5.9514
mp-1200852,2.378
mp-6761,2.4429
mp-560591,2.719
mp-1201259,2.9036
mp-1180119,1.3708
mp-505171,0.156
mp-27264,0.2011
mp-28566,0.994
mp-989561,4.3908
mp-989533,4.2747
mp-555970,2.9199
mp-14037,1.7848
mp-1206562,3.6256
mp-1220867,0.9755
mp-3056,0.6208
mp-1209959,0.0221
mp-1209998,5.0894
mp-18629,3.6137
mp-754796,4.0377
mp-9076,2.3614
mp-557744,1.9304
mp-1205997,0.9529
mp-1202445,2.169
mp-5788,0.431
mp-1198126,2.4628
mp-1202065,1.9662
mp-18953,2.1974
mp-554124,1.6873
mp-19287,0.0673
mp-1220913,2.8908
mp-1221016,2.8762
mp-644318,2.147
mp-752972,1.9032
mp-776555,2.1674
mp-1212549,2.8099
mp-17507,1.5064
mp-19449,3.0263
mp-1120756,2.0207
mp-1120731,3.2498
mp-1195646,3.4885
mp-1029711,0.9301
mp-19083,3.2386
mp-752810,2.1604
mp-19291,1.2667
mp-18897,3.0152
mp-567182,0.1048
mp-569050,0.5959
mp-581868,3.3147
mp-1209918,0.0311
mp-559053,4.2264
mp-1195227,3.065
mp-558160,5.2481
mp-1209960,4.6098
mp-1220768,7.2052
mp-17394,3.647
mp-1105401,2.7564
mp-30980,4.1319
mp-10226,2.2635
mp-999448,1.8434
mp-17891,4.2796
mp-3216573,5.6312
mp-560174,4.8199
mp-1201672,6.1595
mp-24001,3.978
mp-1181719,0.4931
mp-13097,0.3576
mp-14901,3.009
mp-3795,3.7676
mp-4824,0.9102
mp-558237,3.8335
mp-699219,3.4269
mp-553912,3.7453
mp-6475,4.1967
mp-22091,3.4826
mp-559126,0.8712
mp-22242,3.4179
mp-561353,4.2265
mp-554702,1.8738
mp-16291,1.3319
mp-558441,2.163
mp-15141,5.7246
mp-9107,0.5439
mp-505172,0.2968
mp-505173,0.0049
mp-559923,1.2678
mp-1079487,1.5
mp-27362,1.5102
mp-27361,0.9934
mp-1205627,0.9593
mp-1101724,1.7518
mp-1204878,0.1289
mp-676330,0.1221
mp-781861,3.4237
mp-504552,1.7676
mp-466,0.1513
mp-22366,2.0862
mp-29073,0.1734
mp-541093,2.3509
mp-22198,2.9982
mp-581967,1.7731
mp-648932,1.5194
mp-1199265,2.6621
mp-504898,0.3082
mp-1203143,2.8957
mp-573340,1.3168
mp-29193,2.427
mp-541106,0.7747
mp-2715784,3.0617
mp-29072,0.2534
mp-3324,1.7399
mp-27322,2.5672
mp-28745,0.716
mp-570757,1.0734
mp-17803,1.2121
mp-638104,0.9315
mp-560847,1.3449
mp-2713968,2.3571
mp-17177,3.2845
mp-1220763,2.7709
mp-27771,0.0307
mp-29924,0.8969
mp-27880,0.9765
mp-29950,0.1451
mp-29698,2.0588
mp-771766,2.1295
mp-774426,2.6167
mp-859878,2.6406
mp-2714005,1.7787
mp-27772,0.0677
mp-28585,1.0733
mp-2713927,1.8624
mp-1210229,0.9687
mp-2752758,1.0641
mp-777849,1.0427
mp-29057,0.7444
mp-541158,0.5787
mp-1220893,1.6892
mp-569571,0.8446
mp-567731,1.247
mp-571061,1.1681
mp-23410,0.0718
mp-540615,1.0202
mp-1199992,2.3912
mp-28938,0.7027
mp-29689,0.5137
mp-541709,1.0296
mp-1210200,1.0235
mp-759378,0.2714
mp-1220713,1.1924
mp-1220828,2.7985
mp-1173546,2.2052
mp-1232409,0.1692
mp-654301,2.585
mp-2713821,2.3561
mp-696500,0.2139
mp-1210167,0.0305
mp-651907,0.8771
mp-1210630,0.9461
mp-583476,0.4354
mp-1220584,2.2043
mp-1220604,2.1273
mp-774246,2.0136
mp-997394,2.8973
mp-1198176,1.9186
mp-1105368,1.5329
mp-865280,0.3207
mp-27927,3.3835
mp-570225,2.4397
mp-8615,2.4589
mp-559861,2.352
mp-1198841,1.4811
mp-23630,1.5312
mp-23413,2.9388
mp-550070,0.9038
mp-1220556,1.9457
mp-1080428,0.8728
mp-28601,1.565
mp-1025567,0.9093
mp-556422,2.8075
mp-31040,1.0797
mp-707060,2.5076
mp-23307,2.2227
mp-649253,3.2783
mp-1094088,0.9704
mp-1220452,1.4624
mp-5621,1.6574
mp-4043,1.3604
mp-991676,0.9169
mp-18687,4.5694
mp-31761,1.8298
mp-9437,0.5138
mp-977410,0.0905
mp-7601,3.4012
mp-1203928,4.3083
mp-549720,0.8426
mp-546285,0.8196
mp-570044,0.4775
mp-569578,0.94
mp-557685,1.0412
mp-9595,3.0277
mp-7596,1.5556
mp-21600,2.7318
mp-557057,0.2824
mp-752467,2.2079
mp-760762,3.7013
mp-9339,0.1162
mp-570531,2.4276
mp-679987,1.705
mp-570486,1.3286
mp-27787,2.2683
mp-560255,2.3872
mp-556918,2.2614
mp-1193560,2.3641
mp-2762805,0.5914
mp-1969,0.0047
mp-27472,4.3644
mp-3491,2.4311
mp-505297,0.3773
mp-23498,0.7364
mp-570270,0.7559
mp-27313,5.0491
mp-2012385,0.6127
mp-2355707,0.1055
mp-541817,0.627
mp-17921,4.5144
mp-2713956,2.9196
mp-1220683,2.7399
mp-505088,0.5477
mp-28038,0.5947
mp-540924,0.4578
mp-559057,3.4093
mp-667345,2.9022
mp-1091384,2.458
mp-1025396,2.1041
mp-551826,1.2501
mp-561523,2.3042
mp-1209881,2.2092
mp-757636,0.955
mp-1220473,2.2669
mp-1194961,2.452
mp-1220301,2.9316
mp-753993,2.0888
mp-1029422,1.8501
mp-28757,3.386
mp-645340,5.2899
mp-31067,4.8961
mp-1189069,1.0248
mp-625403,3.5877
mp-1189307,1.0278
mp-558346,3.3445
mp-1189434,1.0348
mp-1199401,3.1368
mp-7264,5.4867
mp-1209868,1.0206
mp-1188689,1.0532
mp-1221902,0.127
mp-1209827,0.0524
mp-560786,0.2
mp-14650,0.5381
mp-677195,3.1122
mp-698669,3.6032
mp-29265,5.4404
mp-1210071,3.4891
mp-555063,3.3421
mp-559792,2.7183
mp-14716,1.6499
mp-9077,5.0227
mp-9498,3.7725
mp-1173626,3.9784
mp-1190341,3.1295
mp-1190435,0.8712
mp-37693,0.3825
mp-36407,0.4907
mp-1197137,4.4952
mp-581345,3.4278
mp-1205383,3.8858
mp-1204742,3.5475
mp-1190845,4.0703
mp-1196123,1.0171
mp-11691,2.2099
mp-1209786,2.0683
mp-18899,1.4572
mp-560590,3.3219
mp-16678,2.5839
mp-18494,2.6647
mp-28970,3.3441
mp-1202258,0.1134
mp-1209936,1.8452
mp-1045,3.708
mp-1103406,0.0323
mp-1209848,1.0809
mp-9765,1.0795
mp-759962,5.5395
mp-1204896,5.2849
mp-1220029,5.3544
mp-707324,4.3523
mp-24157,5.0491
mp-697683,4.6915
mp-1197623,4.8765
mp-29514,7.5478
mp-697139,4.7372
mp-698060,7.051
mp-865973,5.4789
mp-1220034,3.8626
mp-642795,4.5687
mp-29443,1.9267
mp-27529,2.2746
mp-27824,1.7907
mp-573373,1.6941
mp-1220004,1.8489
mp-652364,4.0189
mp-560008,5.6175
mp-753671,5.1181
mp-1102534,0.944
mp-1200124,2.923
mp-20199,2.3061
mp-20316,1.6645
mp-7280,1.0143
mp-3123,0.9677
mp-28870,0.9836
mp-1219924,1.3994
mp-1102531,1.0834
mp-28885,2.2667
mp-662547,2.2607
mp-1197519,0.6111
mp-2767174,0.4337
mp-25432,2.964
mp-29366,1.8574
mp-977455,0.915
mp-540540,1.749
mp-27474,0.1822
mp-27642,1.9646
mp-27291,0.1554
mp-27436,2.4189
mp-1195939,4.0907
mp-1173345,2.1708
mp-862832,2.6427
mp-754665,3.6017
mp-28513,4.3339
mp-28857,2.6939
mp-20820,3.5995
mp-622491,2.1245
mp-561236,1.8938
mp-1206495,2.3331
mp-505702,3.4158
mp-23104,2.569
mp-1206410,2.2482
mp-27355,2.8511
mp-557531,3.7964
mp-21497,3.1338
mp-1192446,3.245
mp-505284,2.3882
mp-510030,2.4293
mp-619661,2.2335
mp-1201318,2.1114
mp-22633,1.133
mp-1194412,2.8329
mp-1193210,2.633
mp-510293,2.4633
mp-505603,2.7032
mp-27581,4.2229
mp-2456335,2.6579
mp-23008,2.617
mp-19893,3.3293
mp-23291,3.7939
mp-22964,3.5519
mp-315,4.3938
mp-20652,1.9078
mp-341,1.9022
mp-567503,2.4455
mp-19921,1.4636
mp-21276,0.4667
mp-1025039,0.083
mp-1204592,4.7879
mp-3472,3.987
mp-2201,0.4257
mp-662535,3.1339
mp-630329,3.3672
mp-22342,3.1923
mp-504591,2.9475
mp-8585,0.7023
mp-1189263,1.3005
mp-28982,1.5379
mp-28174,1.7553
mp-2422143,1.094
mp-567437,1.3609
mp-28175,1.7002
mp-649616,1.3427
mp-1209912,0.3222
mp-27857,0.9792
mp-29487,1.5592
mp-1524446,1.0487
mp-13868,0.6178
mp-27747,0.9294
mp-1209528,1.1328
mp-1194403,1.456
mp-20805,1.0994
mp-13682,0.421
mp-560901,0.9647
mp-2677258,0.962
mp-2418,0.4001
mp-545482,1.0589
mp-1209910,4.0407
mp-553921,3.7666
mp-863259,2.4211
mp-1232181,0.4855
mp-862986,2.8814
mp-863658,3.5137
mp-862901,4.7742
mp-863695,2.0525
mp-1173352,2.7807
mp-1232276,0.4328
mp-862968,0.0662
mp-567874,3.3673
mp-11183,5.3984
mp-10334,0.5144
mp-29887,4.898
mp-1105696,1.0144
mp-625447,3.7453
mp-1188730,1.021
mp-556346,3.4024
mp-1189644,1.0193
mp-1201377,3.1349
mp-30957,5.4848
mp-1105931,1.0193
mp-1188199,1.0438
mp-1220229,0.0883
mp-10333,0.0286
mp-556056,1.8115
mp-561375,0.1936
mp-14613,0.556
mp-1220147,0.9347
mp-1220031,3.6545
mp-1209756,5.4024
mp-683974,3.6805
mp-721011,3.0125
mp-14715,1.6511
mp-14415,4.2739
mp-23169,0.2817
mp-9497,3.717
mp-1209738,0.6574
mp-34309,0.4728
mp-1173369,0.5078
mp-1520601,0.3847
mp-1180394,3.6865
mp-1203224,1.0277
mp-22854,0.1283
mp-1209742,2.0522
mp-1078664,0.5565
mp-1209751,1.6564
mp-1209740,2.3271
mp-28969,3.3939
mp-1198513,0.1277
mp-1209764,1.8264
mp-16705,3.8059
mp-15179,0.7775
mp-3236,2.86
mp-1209354,5.1158
mp-32689,1.4751
mp-4764,2.1691
mp-5913,5.3706
mp-1220007,2.4126
mp-1220047,1.8305
mp-1186715,3.8967
mp-17750,2.0844
mp-4394,2.6358
mp-559702,3.0662
mp-6105,1.0019
mp-32581,0.9259
mp-556092,3.2669
mp-2980,3.3043
mp-16032,1.6556
mp-1209377,2.9331
mp-1202577,1.3807
mp-15201,2.9729
mp-552963,0.8415
mp-554363,3.0371
mp-1195324,3.3239
mp-1200172,0.0321
mp-1219885,1.1135
mp-27479,3.5096
mp-1209470,3.058
mp-559426,3.4621
mp-1202195,1.0437
mp-1195609,0.7201
mp-556938,0.1791
mp-862792,1.8295
mp-1190453,2.1611
mp-558051,3.8078
mp-1105252,0.3371
mp-1179866,0.5934
mp-571490,2.4255
mp-1105827,0.1792
mp-556962,1.6603
mp-571347,1.2189
mp-555893,1.2982
mp-568801,1.3633
mp-560014,1.778
mp-17243,1.2169
mp-1210032,2.9055
mp-753821,3.8735
mp-14328,4.7801
mp-21575,0.6879
mp-1210514,3.6264
mp-30215,0.016
mp-570779,0.1725
mp-31354,0.1244
mp-1209784,0.1243
mp-16163,1.818
mp-1209743,0.1713
mp-558940,1.1501
mp-861503,0.506
mp-2973,3.168
mp-5448,2.7314
mp-1209949,2.3843
mp-1209746,0.976
mp-1196034,4.7116
mp-554826,5.1405
mp-560468,2.6881
mp-556179,2.7409
mp-558259,2.5715
mp-16929,2.9904
mp-863751,1.7613
mp-17389,1.4423
mp-568883,2.09
mp-14964,3.4185
mp-1209985,3.1255
mp-555930,3.5317
mp-1201868,1.834
mp-1201161,3.9136
mp-1209942,0.0174
mp-1209682,0.0564
mp-15577,3.8475
mp-1202783,2.1638
mp-1203279,2.1642
mp-1193603,0.1293
mp-1194001,4.4953
mp-558617,1.5093
mp-558143,3.0308
mp-560263,4.0058
mp-31303,1.3742
mp-30192,1.315
mp-16159,2.5994
mp-14836,2.3921
mp-699390,3.1119
mp-570623,0.9055
mp-571575,0.7229
mp-558974,0.1922
mp-1105528,3.2745
mp-1194712,3.9696
mp-1173622,2.6886
mp-1173612,2.6893
mp-1219914,2.0313
mp-1219860,1.8397
mp-570965,0.0983
mp-1219880,1.3322
mp-1219892,1.2058
mp-975605,0.6397
mp-1209714,0.1947
mp-570902,0.2138
mp-1219884,2.6461
mp-554459,1.3802
mp-559955,2.5448
mp-554964,4.7201
mp-1202671,0.1024
mp-645425,0.0122
mp-569261,0.0192
mp-2760866,0.1855
mp-1219947,3.1333
mp-554935,1.814
mp-1220043,2.2704
mp-1220064,1.7884
mp-1220132,1.6447
mp-1209642,3.575
mp-1079627,2.0349
mp-3466,4.1325
mp-754109,3.7516
mp-1101752,0.0095
mp-1209547,0.1006
mp-556450,5.0695
mp-861500,7.7517
mp-9028,2.1062
mp-861504,4.6526
mp-862754,2.4441
mp-551900,1.2269
mp-553082,1.1244
mp-545728,1.2197
mp-756241,0.9319
mp-23221,3.4296
mp-975666,4.4622
mp-438,0.7596
mp-3211,2.8667
mp-1078455,5.1449
mp-32688,1.4781
mp-13971,2.1511
mp-15225,5.0173
mp-1220623,2.4089
mp-1220616,1.819
mp-560132,4.7758
mp-1209955,2.4368
mp-18466,2.6009
mp-18542,2.0477
mp-17114,2.6738
mp-559243,3.0833
mp-554313,3.4174
mp-558484,3.0617
mp-5121,3.292
mp-5459,1.2715
mp-31318,2.9846
mp-10933,1.5871
mp-1198956,1.4052
mp-12193,2.9631
mp-552028,0.8253
mp-1210188,2.2573
mp-559560,3.016
mp-654139,3.0914
mp-17904,3.3138
mp-1201577,0.034
mp-1220528,0.7975
mp-560076,3.5126
mp-18057,3.7285
mp-5977,3.3281
mp-704125,3.4931
mp-1196300,1.0438
mp-1195333,0.7389
mp-561272,3.8249
mp-1105400,0.3422
mp-1210067,0.3576
mp-3435,0.1983
mp-554150,1.6758
mp-568954,1.2228
mp-556975,1.6357
mp-641534,1.3411
mp-560300,1.7587
mp-18303,1.1932
mp-1186277,2.0809
mp-15239,3.259
mp-11773,3.6505
mp-1210498,3.5775
mp-1198756,0.9578
mp-1210727,3.1478
mp-557763,2.873
mp-1203311,4.2816
mp-1222221,2.8386
mp-1210151,0.163
mp-556023,3.2203
mp-554001,1.1935
mp-3782,3.1547
mp-769366,2.5869
mp-1210576,2.394
mp-1209975,0.9413
mp-559764,4.5667
mp-559237,2.664
mp-561126,2.548
mp-1209932,3.0824
mp-864666,1.7709
mp-17827,1.4465
mp-559779,2.6289
mp-31417,3.4716
mp-1210408,3.6506
mp-675770,0.1734
mp-561084,4.1884
mp-3374,2.0717
mp-1210076,0.0337
mp-1209976,0.0989
mp-1209989,0.0353
mp-1220265,3.4103
mp-683957,1.4914
mp-1195907,2.1846
mp-559014,3.6231
mp-1201452,2.1557
mp-13758,0.4487
mp-1198232,0.0212
mp-559514,3.0831
mp-30292,1.371
mp-553278,1.3233
mp-14835,2.5935
mp-570646,0.9142
mp-558340,3.2983
mp-556908,3.7175
mp-560170,3.3387
mp-1173624,2.6333
mp-1173616,2.654
mp-1220262,2.0485
mp-1220256,1.2779
mp-1220273,1.165
mp-1220237,1.0335
mp-559019,1.399
mp-555407,2.5245
mp-1197266,3.7944
mp-1195765,1.8313
mp-1220699,2.3989
mp-1220655,1.7754
mp-541041,3.857
mp-21618,3.1059
mp-1206852,0.2106
mp-6016,3.5773
mp-1078999,2.0357
mp-5899,4.354
mp-1095216,3.766
mp-2030585,0.7832
mp-690674,0.0309
mp-977417,7.7826
mp-1192144,2.168
mp-7238,4.6987
mp-553242,1.2199
mp-545529,1.1974
mp-549333,1.2654
mp-756400,0.5797
mp-1008858,0.1051
mp-27975,2.9221
mp-23068,4.4831
mp-23183,4.2998
mp-23058,4.7664
mp-1210145,2.5312
mp-19269,2.54
mp-19126,0.2958
mp-1189585,2.7114
mp-554492,1.9651
mp-572807,0.0162
mp-4886,2.4115
mp-1173386,0.123
mp-10495,1.0776
mp-3739,0.7529
mp-254,7.6164
mp-20407,1.7349
mp-1203000,5.618
mp-1199933,5.3617
mp-504828,3.3069
mp-24124,4.8694
mp-1202675,3.042
mp-774927,5.596
mp-24574,4.4543
mp-1220134,5.2689
mp-1190994,2.0008
mp-625359,4.1593
mp-757886,5.4916
mp-23831,5.5634
mp-1207192,1.6526
mp-1209873,6.5541
mp-864617,2.0128
mp-755336,3.5729
mp-1210010,2.8061
mp-1210541,0.0349
mp-1080801,0.8052
mp-13327,0.4956
mp-1210080,5.9713
mp-19393,1.1794
mp-20852,1.898
mp-1193284,2.0897
mp-1199278,2.6074
mp-3901,3.6592
mp-19520,4.0969
mp-1206719,0.5119
mp-31049,3.4112
mp-5634,4.5028
mp-560681,5.5926
mp-3584,5.6788
mp-1191667,0.3279
mp-3694,2.2712
mp-1173377,2.7599
mp-1205210,3.7822
mp-687204,3.3573
mp-4582,0.6487
mp-13568,0.3379
mp-27180,2.6382
mp-5760,1.2363
mp-1209894,2.0315
mp-1209906,1.6345
mp-556535,3.2603
mp-13195,2.2404
mp-31117,4.3025
mp-1105614,1.8593
mp-555650,4.2031
mp-12620,0.9158
mp-755364,0.3371
mp-1220077,5.2131
mp-560060,3.0081
mp-28653,3.2129
mp-3203,3.9439
mp-1220116,3.0457
mp-39419,2.6491
mp-560630,3.5665
mp-540742,5.2631
mp-1209958,3.252
mp-1194591,2.4404
mp-3664,1.6456
mp-568588,1.2255
mp-999319,0.7119
mp-1196001,2.5118
mp-541129,1.0341
mp-18812,3.0225
mp-7061,0.8622
mp-9518,1.2318
mp-12516,0.1854
mp-111,11.6898
mp-1096784,2.7724
mp-1101457,0.133
mp-28138,4.0918
mp-755246,3.1711
mp-27806,1.9538
mp-504722,3.395
mp-19135,1.4863
mp-1272688,0.374
mp-21275,2.0339
mp-556221,2.3294
mp-654447,0.5866
mp-705872,2.485
mp-22638,2.1356
mp-504704,0.996
mp-554705,1.5587
mp-17360,3.0277
mp-504969,2.1524
mp-22697,3.7408
mp-24731,2.9368
mp-554323,3.1528
mp-556141,3.1032
mp-504714,2.4228
mp-24540,2.9775
mp-560757,2.3644
mp-651726,4.1847
mp-1105117,3.04
mp-1105005,3.1114
mp-1198070,2.9872
mp-1195170,3.0001
mp-555343,2.8709
mp-1194971,3.1026
mp-556514,2.9308
mp-555442,2.7053
mp-1204674,1.9839
mp-557209,2.8781
mp-556993,3.8528
mp-559798,4.9116
mp-1173402,4.6245
mp-1181715,3.8277
mp-690647,3.038
mp-24231,1.4126
mp-1180537,5.3144
mp-1194565,3.1523
mp-23912,5.0831
mp-23968,2.9949
mp-1193552,3.2376
mp-19009,2.3009
mp-510650,3.7796
mp-1202326,3.682
mp-1202294,4.8327
mp-758839,4.443
mp-28957,5.0391
mp-505449,4.9634
mp-735535,4.3435
mp-20854,2.2615
mp-558838,2.0795
mp-20580,0.0159
mp-1180046,0.2404
mp-1199397,5.0235
mp-1195453,1.6093
mp-1219954,0.0683
mp-18817,2.1705
mp-735541,4.6485
mp-24577,3.6811
mp-1220014,0.2761
mp-21179,2.8991
mp-1209793,0.4798
mp-1196815,0.25
mp-560243,0.5006
mp-1197301,1.1161
mp-1200721,0.0365
mp-1198315,0.4097
mp-1199282,0.5495
mp-23278,0.0473
mp-2752817,1.1679
mp-1209816,1.1546
mp-1201541,0.3708
mp-1204846,0.363
mp-30279,0.0864
mp-1103836,0.1876
mp-12957,1.0933
mp-1524462,2.7061
mp-1095223,2.1241
mp-757594,1.9012
mp-1104676,0.0757
mp-557132,0.598
mp-616196,1.7956
mp-28845,2.3145
mp-1524458,3.1633
mp-555514,0.8055
mp-1198672,1.4276
mp-568348,1.8454
mp-570238,0.4964
mp-646669,1.1116
mp-703476,4.9093
mp-1196394,1.5585
mp-24298,3.8794
mp-779221,2.5072
mp-10155,0.6331
mp-559182,1.0451
mp-1200699,5.7922
mp-2173,4.8374
mp-2319,0.8159
mp-558403,2.4778
mp-22325,3.7752
mp-505799,3.3803
mp-28140,2.3126
mp-31068,3.2986
mp-1220066,3.8556
mp-3476,4.5666
mp-28266,0.3419
mp-3006,1.5779
mp-29274,1.8521
mp-1195693,0.3293
mp-730,1.0186
mp-29282,1.5197
mp-15953,0.3705
mp-559115,1.4409
mp-1413,0.4792
mp-541788,2.554
mp-1199938,2.1425
mp-19522,3.1399
mp-755995,3.123
mp-687234,2.4666
mp-780572,2.0967
mp-2013315,2.0731
mp-759344,4.9566
mp-13853,0.0849
mp-560585,2.2441
mp-567907,3.56
mp-569386,1.9711
mp-1220062,3.2342
mp-504748,3.3891
mp-21554,3.7236
mp-14935,1.6918
mp-1194839,1.5523
mp-28400,1.1446
mp-1194833,0.1199
mp-28393,1.6621
mp-570583,2.4896
mp-28950,4.3558
mp-1103842,1.3036
mp-555863,4.9313
mp-27173,1.2586
mp-1468,2.8765
mp-541352,2.2588
mp-2650,2.7617
mp-542630,2.7085
mp-1201169,2.014
mp-28089,2.0743
mp-559292,2.4318
mp-1201560,0.877
mp-23355,2.57
mp-28387,1.3333
mp-1095283,1.706
mp-30938,1.3165
mp-570315,3.003
mp-27257,3.3374
mp-558645,3.0735
mp-22874,1.6183
mp-647343,1.2227
mp-23230,4.051
mp-2015815,4.4928
mp-569410,1.7516
mp-558681,5.4542
mp-8511,7.1089
mp-1198119,2.7477
mp-1220462,4.6762
mp-1204443,3.0185
mp-29515,6.445
mp-722832,7.0675
mp-2213127,5.9519
mp-23902,5.9251
mp-27689,3.9898
mp-24409,3.6789
mp-706976,5.1708
mp-28892,4.7672
mp-706986,5.4494
mp-1204941,5.9357
mp-23211,4.3454
mp-27984,4.7029
mp-1105822,2.0419
mp-18863,0.2972
mp-1190273,2.7341
mp-13694,2.3609
mp-16684,1.0678
mp-11792,0.7455
mp-1199144,0.6393
mp-1191152,0.1145
mp-2651,7.5968
mp-22208,2.7903
mp-22341,1.0793
mp-1209621,3.2204
mp-733581,3.5297
mp-1202512,3.3467
mp-1220119,4.4897
mp-981547,0.1572
mp-1209824,3.4398
mp-1204928,0.1268
mp-1203810,5.622
mp-1025029,1.9162
mp-862800,1.9493
mp-29254,3.6584
mp-1078537,0.785
mp-13326,0.4935
mp-1209670,5.9465
mp-619064,1.9606
mp-22564,0.057
mp-1192793,2.1545
mp-4709,3.7547
mp-1206667,0.3338
mp-769173,4.4371
mp-14817,5.5951
mp-4589,5.6516
mp-1190998,0.2892
mp-3954,2.2955
mp-1173356,2.7176
mp-17446,2.4352
mp-999305,0.1755
mp-4789,0.6013
mp-555096,0.3463
mp-1209293,2.8424
mp-3992,1.2541
mp-1209328,2.0481
mp-774472,1.409
mp-13194,2.2095
mp-18677,4.3892
mp-559756,4.2605
mp-1189962,1.8377
mp-1200190,0.2568
mp-558248,3.1742
mp-17722,3.5794
mp-1219788,2.9822
mp-1209288,0.099
mp-1018941,0.421
mp-19490,3.4692
mp-1195020,1.8205
mp-1209389,3.3307
mp-1194930,2.4485
mp-999289,1.2363
mp-999288,0.713
mp-1201800,0.6481
mp-1198275,2.5277
mp-1209329,1.3016
mp-19169,3.0336
mp-13206,1.1635
mp-975646,0.1208
mp-28721,1.9198
mp-1197023,0.0004
mp-28320,0.8004
mp-23165,0.8929
mp-23290,1.7917
mp-31134,0.9465
mp-8943,1.2954
mp-28319,1.2328
mp-28268,0.3481
mp-669496,0.7298
mp-1285,0.6464
mp-20458,1.9711
mp-288,0.3848
mp-762,1.5467
mp-1115,0.6193
mp-1205014,0.0547
mp-725556,0.7104
mp-24478,0.1488
mp-1204667,0.3825
mp-1197213,0.2988
mp-24123,5.5367
mp-1192510,0.7805
mp-1210315,0.9665
mp-9798,1.1191
mp-1192409,0.5979
mp-505750,1.2091
mp-1179800,0.6478
mp-1219774,0.3095
mp-680306,1.4904
mp-680314,1.3428
mp-1194699,1.0649
mp-1029967,1.4822
mp-1200013,3.7865
mp-1209652,1.1184
mp-22976,1.0749
mp-569883,1.5966
mp-557824,1.4269
mp-541059,1.0359
mp-541355,0.899
mp-541916,1.4299
mp-555852,1.907
mp-1199727,1.5971
mp-510240,0.1922
mp-1111655,1.2354
mp-570536,0.746
mp-1110810,2.06
mp-567714,2.6666
mp-29693,2.9649
mp-23399,2.78
mp-1110784,2.6738
mp-1105212,2.2636
mp-1110602,1.3905
mp-1110803,1.6275
mp-557540,1.519
mp-559284,4.1788
mp-556275,3.5936
mp-1110614,3.2492
mp-1113654,5.3013
mp-1205560,1.1458
mp-13445,0.4342
mp-15556,0.3968
mp-1196814,3.973
mp-698164,5.7894
mp-16184,1.7163
mp-16980,4.7246
mp-1197195,5.1122
mp-571293,1.5628
mp-755752,2.455
mp-557027,4.3938
mp-13614,5.3334
mp-1209719,6.149
mp-1209690,5.8392
mp-3009,6.6773
mp-542884,5.3559
mp-557599,4.1067
mp-1201257,2.9609
mp-556735,2.5644
mp-1219787,0.728
mp-1209655,4.3349
mp-1197894,3.523
mp-1196931,4.0107
mp-989573,0.9203
mp-1029784,2.8228
mp-4138,3.2867
mp-558752,5.5135
mp-1020641,4.1335
mp-1209683,6.8229
mp-559758,3.4941
mp-1103709,3.171
mp-541897,1.7917
mp-1210143,4.1251
mp-6623,3.7976
mp-1209499,1.0967
mp-18556,1.8924
mp-16818,1.5237
mp-29901,1.4415
mp-1209531,2.8477
mp-28364,1.3109
mp-1194560,3.4851
mp-15125,4.1094
mp-558568,2.4877
mp-557282,1.8696
mp-1209654,0.3198
mp-1210098,0.1385
mp-676666,2.41
mp-23366,0.7445
mp-23076,0.7331
mp-560878,1.179
mp-27517,0.5575
mp-1277299,0.5753
mp-975505,3.483
mp-1219755,0.3424
mp-622624,2.2216
mp-554838,2.7002
mp-17385,2.765
mp-1110610,3.0253
mp-33498,0.5668
mp-27154,3.4227
mp-2041196,1.8781
mp-728170,0.7788
mp-17071,3.1436
mp-571638,0.1366
mp-1195291,1.1696
mp-1198918,0.607
mp-1196467,0.5268
mp-1110690,1.0756
mp-510018,0.5613
mp-1110686,0.9005
mp-1209650,0.0114
mp-1209763,0.063
mp-2749603,0.0769
mp-684467,0.1812
mp-1200007,1.6391
mp-1206640,2.8943
mp-28600,2.8688
mp-1198856,4.0478
mp-1101471,1.7002
mp-560010,3.8892
mp-1186921,3.2697
mp-1110609,2.4254
mp-15416,0.868
mp-29371,1.045
mp-1209447,2.4944
mp-555485,3.3463
mp-1021330,3.8101
mp-541879,2.4577
mp-541880,1.54
mp-557372,2.862
mp-1020707,4.2812
mp-7949,5.807
mp-556051,3.2916
mp-11639,2.2799
mp-9794,1.4969
mp-644494,2.997
mp-642735,3.2877
mp-24007,3.3099
mp-863749,1.9412
mp-17256,6.2789
mp-13947,7.1298
mp-559228,2.2537
mp-541819,1.9217
mp-567515,1.5753
mp-568252,1.8952
mp-1209424,2.0942
mp-1105496,1.0869
mp-29107,1.0898
mp-8962,1.9382
mp-5072,2.03
mp-569349,1.6232
mp-21760,0.9658
mp-554576,3.867
mp-27563,1.4516
mp-1111634,1.293
mp-1110608,1.8555
mp-1114071,1.6916
mp-989566,3.2609
mp-1210943,0.0464
mp-1209612,3.4819
mp-1209610,4.1379
mp-1209616,6.3647
mp-1209667,2.7991
mp-1209583,1.8633
mp-1209666,1.1572
mp-504810,1.9342
mp-8450,3.3651
mp-8449,3.8516
mp-1020705,5.5554
mp-1209478,3.5182
mp-1113748,4.5851
mp-14363,3.5526
mp-1110684,3.6154
mp-1113736,2.8411
mp-567628,4.1439
mp-22663,3.7234
mp-14638,6.1124
mp-989583,2.8282
mp-1113733,5.2622
mp-1110654,4.623
mp-553962,2.3505
mp-1195542,4.2553
mp-1206187,1.6499
mp-1113707,1.7225
mp-1110680,2.9411
mp-1113928,3.7539
mp-1113703,6.7042
mp-680436,1.0879
mp-556085,2.8199
mp-1114027,0.5529
mp-1113693,3.4666
mp-1113971,5.2728
mp-19123,3.965
mp-558815,1.5836
mp-1110706,4.042
mp-1110649,6.8909
mp-1111632,3.681
mp-1209613,5.0297
mp-1196570,4.9279
mp-1210378,4.3146
mp-1209620,5.6159
mp-1209662,7.1687
mp-1025227,0.0009
mp-8861,6.2257
mp-1203952,5.0565
mp-780006,3.9236
mp-24606,4.7717
mp-1541753,2.3111
mp-561031,3.3881
mp-863025,5.3627
mp-1020860,4.7822
mp-559207,4.5599
mp-559643,0.2352
mp-12436,4.6386
mp-1209659,5.1571
mp-1105776,0.387
mp-1209522,0.2427
mp-22978,1.2877
mp-571648,1.2037
mp-1206523,3.0201
mp-555014,1.5873
mp-558133,3.2312
mp-1198390,2.6843
mp-24036,0.9953
mp-1209441,2.091
mp-505209,0.6351
mp-1220230,1.9783
mp-19488,1.747
mp-1195883,3.1728
mp-19472,2.6013
mp-1209465,3.4841
mp-1219951,2.4189
mp-541075,3.3978
mp-1210317,2.3576
mp-557413,2.8832
mp-1194625,2.6974
mp-1198721,2.5069
mp-555873,2.761
mp-19212,4.5041
mp-1209627,3.0281
mp-18612,1.575
mp-1193232,1.0392
mp-556349,3.1275
mp-559711,3.2566
mp-504851,1.9079
mp-18151,1.3561
mp-559610,4.8158
mp-542451,7.1302
mp-560570,7.0043
mp-1079583,6.791
mp-1113967,3.1484
mp-989523,4.543
mp-989520,3.7342
mp-560037,4.9249
mp-1110664,0.2802
mp-1206059,1.3631
mp-560936,4.1608
mp-1206176,0.7354
mp-1114024,5.1645
mp-13815,6.4981
mp-558078,4.1186
mp-989400,5.9026
mp-505772,4.1978
mp-15318,6.5281
mp-989547,3.0533
mp-989578,5.2472
mp-1113675,2.3345
mp-18518,1.8271
mp-558050,1.6786
mp-18873,1.8116
mp-560963,4.1434
mp-677731,2.2481
mp-1205865,0.5886
mp-14038,1.957
mp-989545,3.0525
mp-989541,4.1249
mp-1113963,3.9108
mp-1113669,6.9076
mp-1114119,2.2079
mp-1206690,6.3067
mp-1205542,6.4622
mp-1114011,1.0102
mp-989548,3.6281
mp-567498,5.0572
mp-1110697,4.1918
mp-1110696,5.1042
mp-13926,6.4476
mp-766230,4.0349
mp-554147,1.1191
mp-558393,2.2762
mp-14636,2.1794
mp-9764,1.7584
mp-15221,1.9749
mp-15222,1.6394
mp-8994,0.2283
mp-1209500,4.0291
mp-1209524,4.796
mp-1209575,3.0905
mp-1209582,4.0383
mp-1079718,0.8026
mp-18691,0.2661
mp-1205648,0.5597
mp-561317,3.7349
mp-556417,2.4216
mp-24688,4.8683
mp-24755,3.6659
mp-19167,2.8076
mp-1205511,0.6448
mp-1198723,5.1726
mp-1025179,0.2718
mp-753746,0.4534
mp-7895,1.76
mp-1205714,1.2653
mp-1205641,0.9318
mp-2079,0.7644
mp-753854,4.099
mp-1199971,1.3946
mp-1203345,4.7546
mp-6160,4.3183
mp-1196612,2.8545
mp-1105198,3.9698
mp-1209489,2.0393
mp-504811,0.9863
mp-23475,1.2605
mp-504598,1.8864
mp-21461,1.2741
mp-555122,1.8294
mp-1195322,4.8909
mp-11695,1.1849
mp-14340,0.8826
mp-28084,0.5479
mp-1025201,1.7485
mp-28145,1.2868
mp-14088,2.2306
mp-1069771,0.889
mp-1209488,3.9918
mp-28275,4.8692
mp-1209562,3.0923
mp-4030,1.4542
mp-10919,1.1362
mp-23350,1.9459
mp-8192,2.6581
mp-28110,0.521
mp-7929,1.2521
mp-8622,1.0034
mp-29333,0.1544
mp-29336,0.1311
mp-1205863,1.7687
mp-8041,1.9632
mp-752728,5.0586
mp-7446,1.3433
mp-16911,1.9539
mp-3372,4.9943
mp-560504,3.7721
mp-558023,1.8332
mp-561051,1.834
mp-560587,2.5413
mp-556894,1.5876
mp-554605,3.0086
mp-1209567,3.5734
mp-679927,3.0417
mp-1110795,3.2973
mp-1110600,3.2846
mp-1114049,2.6355
mp-1198458,5.0158
mp-1114003,3.4475
mp-11327,1.7968
mp-1190543,3.0932
mp-7447,0.6812
mp-27829,2.6051
mp-4618,3.6558
mp-1020711,5.2544
mp-28971,4.0396
mp-1209497,2.3052
mp-17382,3.8147
mp-6960,0.9555
mp-10492,6.9955
mp-16194,3.7163
mp-557355,5.3551
mp-12016,2.8274
mp-1209518,4.0326
mp-1209521,4.8542
mp-643359,2.5357
mp-1201043,1.157
mp-561434,1.7695
mp-7863,1.2196
mp-9322,0.8433
mp-1194540,1.8255
mp-2646944,1.4506
mp-1220891,1.6693
mp-8931,0.681
mp-569028,1.3166
mp-23059,2.5452
mp-1206049,5.1882
mp-1080691,0.6905
mp-27931,2.2252
mp-753798,2.1213
mp-9145,1.6655
mp-28520,0.6872
mp-1209338,5.4372
mp-14354,4.713
mp-510558,2.7997
mp-15217,2.5449
mp-11923,2.3398
mp-11924,1.9549
mp-1219778,5.6115
mp-569962,0.1554
mp-558318,4.1811
mp-1209302,1.2635
mp-1206836,0.545
mp-441,1.8766
mp-558396,3.0252
mp-567014,2.9664
mp-1070356,0.5711
mp-1070498,0.9276
mp-2095,0.6695
mp-570324,2.101
mp-22975,2.6398
mp-559096,3.3887
mp-1179820,3.529
mp-28070,1.6225
mp-10447,3.0151
mp-8248,3.5879
mp-1077942,0.9115
mp-1195622,3.9186
mp-1209584,3.6611
mp-541947,1.3858
mp-1194623,4.8855
mp-1195019,3.5741
mp-1201494,1.3443
mp-13978,6.2733
mp-1209316,1.5994
mp-7129,1.6603
mp-555252,3.0665
mp-18582,3.5096
mp-17037,3.1316
mp-1540553,1.6461
mp-1219784,2.8232
mp-1203838,4.4228
mp-1209370,3.0481
mp-540784,2.6235
mp-27827,2.1471
mp-5403,3.864
mp-1203774,2.2286
mp-1110598,0.5523
mp-1113873,2.7163
mp-989565,4.4038
mp-989550,2.3962
mp-989532,3.6593
mp-1113863,3.8485
mp-1113861,1.9393
mp-1114002,1.9551
mp-1111628,3.4255
mp-1209452,4.9769
mp-554226,2.3085
mp-1195621,0.5692
mp-555974,2.4493
mp-560458,1.6672
mp-704467,1.9222
mp-559254,1.9066
mp-542501,1.8513
mp-1204278,2.1171
mp-1209530,0.5047
mp-28881,0.1058
mp-558424,2.2192
mp-1204838,2.1255
mp-1209543,1.3551
mp-2752754,0.4725
mp-1105084,2.2627
mp-1179858,2.2639
mp-7726,1.8996
mp-19481,2.9669
mp-1219801,2.9133
mp-510519,2.0914
mp-8901,1.3323
mp-14635,1.0307
mp-15219,1.2439
mp-2046810,0.7661
mp-1219649,3.1963
mp-19144,2.4023
mp-1209461,3.0758
mp-18864,4.511
mp-17048,1.9936
mp-1192856,1.3613
mp-561251,3.3354
mp-1110786,2.8977
mp-555230,4.1694
mp-557089,4.1684
mp-29606,1.4122
mp-1189283,2.5887
mp-1192151,0.1016
mp-1198192,3.7094
mp-568350,4.7714
mp-1025286,4.387
mp-1209800,2.8121
mp-24112,5.0472
mp-24182,3.8882
mp-697575,4.0139
mp-30018,3.1121
mp-555977,1.7924
mp-560365,3.421
mp-17085,5.3336
mp-27831,3.562
mp-13946,6.6418
mp-1101461,3.5386
mp-558772,1.9971
mp-29603,0.4985
mp-553907,1.5162
mp-571164,1.3666
mp-560459,4.4183
mp-1113633,6.1238
mp-14951,2.6514
mp-542233,1.5536
mp-680413,1.5816
mp-1113850,4.2827
mp-18305,1.3144
mp-27301,0.8124
mp-4405,0.1979
mp-1020716,5.1563
mp-1201509,3.0595
mp-1199257,5.2981
mp-9718,1.2941
mp-9720,1.5859
mp-29977,2.5462
mp-1195363,2.818
mp-29895,2.4754
mp-27147,3.3858
mp-1110734,4.1433
mp-29525,3.1021
mp-29168,1.7768
mp-1200569,3.7196
mp-669351,0.2138
mp-755428,1.2234
mp-1113630,2.9106
mp-562140,2.7487
mp-1113631,4.3963
mp-555113,0.8123
mp-8198,1.5803
mp-28568,1.4422
mp-1209428,5.0086
mp-1206146,5.906
mp-583084,2.2842
mp-1219776,1.94
mp-1209416,4.9926
mp-1206448,5.9394
mp-1209331,3.3909
mp-1113833,4.0898
mp-555287,0.4919
mp-1113627,5.6871
mp-13744,2.4181
mp-29363,1.1643
mp-17830,0.9115
mp-861898,1.5629
mp-23781,5.2511
mp-1219652,3.4013
mp-1198991,1.7749
mp-560324,2.4564
mp-1209492,4.9849
mp-1209368,3.3645
mp-29019,0.634
mp-1203699,1.3488
mp-2754174,1.9552
mp-1192770,2.9749
mp-557875,3.4028
mp-1110693,3.6985
mp-1113830,5.1243
mp-849527,2.2405
mp-541766,0.5071
mp-22303,2.2673
mp-1209773,3.8383
mp-1209665,0.6894
mp-1103735,4.6991
mp-1209449,1.3029
mp-1206967,5.9774
mp-772821,2.5103
mp-1203159,0.5783
mp-1209364,2.677
mp-553971,1.3497
mp-560115,2.2651
mp-29458,0.1007
mp-1113829,3.3404
mp-1104938,4.5827
mp-12046,0.5102
mp-13630,6.6178
mp-554584,1.6632
mp-1209462,1.7859
mp-560476,3.2914
mp-683902,1.1812
mp-541745,1.5349
mp-667344,2.8452
mp-559037,0.5826
mp-9808,2.3443
mp-3719,2.4982
mp-667380,3.4577
mp-1196286,2.9288
mp-1200179,1.5111
mp-1198189,1.6067
mp-30167,0.4873
mp-1197062,1.9328
mp-1200086,2.1356
mp-16107,4.0576
mp-558170,3.6648
mp-16863,2.8787
mp-8201,2.3374
mp-679928,3.416
mp-555448,2.3249
mp-1197361,1.2382
mp-1113824,2.1829
mp-16319,0.0878
mp-9274,1.222
mp-1194576,2.149
mp-1209693,1.9237
mp-556234,1.4338
mp-768232,3.2
mp-1193319,2.4154
mp-17154,2.0228
mp-17912,2
mp-17638,1.4448
mp-1205185,3.8122
mp-1209523,2.9297
mp-1196025,5.1954
mp-1110692,4.081
mp-1209282,6.2397
mp-1209347,3.118
mp-17894,2.1861
mp-17401,0.5813
mp-570167,0.8838
mp-569378,1.4235
mp-1209358,1.8938
mp-541975,1.6933
mp-680298,3.7003
mp-17220,2.8993
mp-1209455,4.9842
mp-6390,2.599
mp-505639,0.0809
mp-12245,3.037
mp-1114103,1.5276
mp-29384,2.4291
mp-1113916,3.7795
mp-28380,1.4608
mp-1197082,5.3522
mp-623862,1.9122
mp-1209443,5.0013
mp-1205998,5.9785
mp-558697,0.1946
mp-557381,0.472
mp-1190911,2.2424
mp-505721,1.7482
mp-1029857,2.0386
mp-1209357,4.705
mp-556206,4.1682
mp-574571,5.0164
mp-1113917,5.8525
mp-1209350,3.3415
mp-1205752,5.9958
mp-1020643,4.314
mp-561527,1.8916
mp-1209505,0.9403
mp-31060,3.1398
mp-1194520,3.0154
mp-29090,1.688
mp-1020662,5.291
mp-1196343,3.0652
mp-28315,3.1899
mp-22930,3.9341
mp-29449,1.9033
mp-557618,0.7041
mp-1202454,1.0194
mp-828605,0.5815
mp-1195703,2.1162
mp-1195251,1.3687
mp-1020896,3.8556
mp-759330,2.0492
mp-18464,2.8624
mp-863420,4.0447
mp-542063,4.0976
mp-542012,1.7241
mp-29827,0.8688
mp-760417,0.6163
mp-1219602,1.0336
mp-1198331,5.095
mp-557793,6.1904
mp-24662,3.6537
mp-1197601,2.3228
mp-1219636,1.0821
mp-1219695,3.1284
mp-1199088,3.3712
mp-556467,1.6311
mp-542121,3.7154
mp-558745,0.1333
mp-31279,1.3468
mp-863033,1.669
mp-569862,1.4612
mp-680463,0.3914
mp-28564,3.9011
mp-21801,2.2987
mp-779104,1.5892
mp-541057,1.4373
mp-860956,2.4371
mp-768813,2.7076
mp-1219835,0.2126
mp-2748904,2.084
mp-756570,1.5106
mp-7118,2.1626
mp-30230,2.417
mp-505490,1.063
mp-14858,0.9722
mp-1204243,1.1986
mp-1194619,3.6984
mp-567491,1.1898
mp-542067,1.2429
mp-771127,3.0341
mp-1219616,0.919
mp-1195470,1.9192
mp-1209486,2.1678
mp-1198857,2.0238
mp-555007,2.3192
mp-1209481,2.9242
mp-1210004,4.0689
mp-542013,1.4843
mp-541953,0.7044
mp-862605,1.2652
mp-541389,1.1066
mp-29920,0.8081
mp-553925,5.2852
mp-1199670,4.0611
mp-557014,3.8577
mp-768830,1.8728
mp-1020613,2.1824
mp-17978,0.8487
mp-1209387,3.6133
mp-1222256,1.1405
mp-540995,3.9853
mp-532538,3.8775
mp-676329,1.6441
mp-17490,0.7647
mp-861513,2.5914
mp-571228,1.0812
mp-570566,1.5088
mp-685928,1.136
mp-677467,2.6111
mp-572864,2.0715
mp-16001,0.5503
mp-1219676,1.6305
mp-1209602,3.0511
mp-27316,5.7671
mp-9698,0.2825
mp-30005,1.5308
mp-1209286,1.291
mp-29468,1.6658
mp-772572,1.1527
mp-18224,2.8402
mp-1190842,1.595
mp-1190907,1.3449
mp-1204523,1.7
mp-607785,3.1133
mp-645405,3.0734
mp-1197419,2.1474
mp-27376,4.4684
mp-18483,3.139
mp-29705,2.3521
mp-680284,1.4868
mp-31039,0.923
mp-770408,3.4079
mp-554750,2.3665
mp-1203307,0.4908
mp-1195451,0.1976
mp-554617,1.7881
mp-1210240,0.9867
mp-510076,0.6268
mp-1203480,2.2251
mp-1198666,0.0069
mp-1205043,2.2818
mp-14407,1.3412
mp-1202504,1.6935
mp-559795,1.5706
mp-18440,0.7679
mp-1195449,3.1077
mp-1196551,2.2134
mp-585963,1.0989
mp-1179390,0.9456
mp-1219828,2.4409
mp-559984,1.4024
mp-1194809,1.2793
mp-561139,1.6087
mp-1209493,3.9993
mp-1196502,3.6022
mp-1219658,0.0392
mp-1209439,3.4925
mp-1173606,2.2969
mp-1197988,3.8611
mp-1209464,0.09
mp-1209491,0.9719
mp-1209503,0.1599
mp-1205160,2.398
mp-862797,0.9157
mp-555526,2.5282
mp-1209385,2.9292
mp-570593,1.2013
mp-17756,0.6178
mp-10477,0.0612
mp-10481,0.2827
mp-28703,0.7669
mp-8603,1.4174
mp-997052,1.0399
mp-18585,1.1614
mp-1193778,2.6557
mp-1209248,3.8624
mp-1209303,5.4928
mp-2912047,6.5783
mp-766387,4.7302
mp-555621,5.4386
mp-556630,3.0281
mp-542130,5.4081
mp-1209467,4.0935
mp-1209422,5.2186
mp-13997,6.9433
mp-1209241,5.1411
mp-1219582,5.4374
mp-14070,3.3716
mp-1219605,4.9009
mp-6434,4.3806
mp-10802,0.5879
mp-699453,3.9867
mp-1219627,2.7692
mp-9819,5.0688
mp-30299,3.8821
mp-17337,3.7404
mp-28562,1.6541
mp-30373,0.3699
mp-1188141,2.1073
mp-555741,1.7149
mp-557122,1.4267
mp-9385,1.7326
mp-27300,0.7293
mp-30996,1.4772
mp-569442,1.9363
mp-3419,2.4513
mp-568666,0.7061
mp-10547,1.4283
mp-7472,1.4611
mp-9010,1.9946
mp-9731,1.7116
mp-758281,6.0197
mp-561814,6.1992
mp-3032,7.737
mp-1219553,6.0935
mp-31358,3.9289
mp-15013,2.8318
mp-9047,2.4085
mp-10552,1.6569
mp-1209437,4.364
mp-1209423,3.7766
mp-559270,0.9417
mp-17445,1.8112
mp-17832,4.9959
mp-1192550,2.2671
mp-1197457,4.9748
mp-863024,2.4747
mp-1192598,1.245
mp-7323,5.9642
mp-2018187,8.178
mp-557673,5.6347
mp-17229,6.2944
mp-556393,5.1736
mp-1209324,4.9629
mp-31105,0.3862
mp-558816,3.0808
mp-1209295,4.3868
mp-1209327,0.984
mp-1219645,1.0521
mp-27421,2.6387
mp-29521,2.1259
mp-30041,1.339
mp-22867,4.192
mp-2011667,3.7733
mp-28577,3.0972
mp-28872,3.9953
mp-683918,3.653
mp-1219568,4.5721
mp-556872,2.941
mp-1209379,6.3606
mp-696329,1.8986
mp-9845,1.2985
mp-998536,4.2996
mp-861440,4.2981
mp-998324,5.3844
mp-3654,6.3971
mp-1209253,6.5402
mp-998592,3.5985
mp-9846,1.4979
mp-1209261,5.8562
mp-1197285,3.8078
mp-27400,2.7536
mp-23390,3.5562
mp-6951,3.1745
mp-1105135,0.7365
mp-504990,0.0412
mp-3535,0.0339
mp-10777,0.0478
mp-23295,4.8388
mp-28433,5.4759
mp-1219591,0.9369
mp-1209234,2.9234
mp-557654,2.4169
mp-504649,1.9996
mp-30547,1.8319
mp-7295,0.2847
mp-28818,0.0152
mp-1219598,2.1763
mp-559677,0.1787
mp-554311,1.4164
mp-1219589,3.228
mp-771648,2.7996
mp-1196895,2.9787
mp-1206603,1.0185
mp-1209760,0.8581
mp-567644,1.6395
mp-23055,0.1859
mp-7470,0.9215
mp-7467,0.9136
mp-11115,0.9071
mp-18365,1.0105
mp-541407,0.5315
mp-1209371,3.6073
mp-18109,5.7194
mp-560148,3.4618
mp-1190502,1.0526
mp-28094,4.5264
mp-16118,0.9249
mp-1209211,7.4075
mp-7476,3.602
mp-1209529,4.9848
mp-7046,2.3216
mp-1209587,3.6024
mp-1209372,4.5826
mp-17344,1.491
mp-16884,1.1477
mp-555932,7.2806
mp-7477,3.6429
mp-1196892,5.0563
mp-9367,2.3521
mp-10784,1.9769
mp-557019,4.3055
mp-11718,5.5244
mp-726170,2.1173
mp-18868,2.3779
mp-1209220,2.1651
mp-1195892,1.5418
mp-1201795,3.5354
mp-24648,2.7445
mp-1209606,1.0312
mp-555667,2.4958
mp-734319,2.9369
mp-1209403,0.5942
mp-755536,1.5864
mp-18396,2.5011
mp-1209140,2.5128
mp-558390,4.4174
mp-31493,0.1472
mp-558706,2.8639
mp-1209226,0.0908
mp-1209533,3.2656
mp-30231,4.4079
mp-974682,1.3473
mp-1191353,4.7789
mp-754596,2.4653
mp-561407,2.8587
mp-1209628,1.3781
mp-1209393,3.1143
mp-561138,3.4649
mp-510541,1.2857
mp-1209362,2.6207
mp-574448,0.7781
mp-1209289,4.3883
mp-24617,2.6941
mp-7976,3.0036
mp-7045,1.7435
mp-1211017,0.8275
mp-10781,1.0339
mp-19914,0.0326
mp-1888,1.0044
mp-1029403,1.0881
mp-559227,1.9729
mp-1120721,3.1238
mp-27369,3.7529
mp-549697,2.4295
mp-6639,2.1777
mp-24721,2.9163
mp-1192404,3.5083
mp-1209399,4.1362
mp-697144,1.9074
mp-23700,5.3401
mp-733612,5.6712
mp-24022,4.1504
mp-28264,4.2519
mp-29764,6.4502
mp-626620,3.3341
mp-696804,3.0844
mp-1195562,5.2556
mp-1195896,5.5303
mp-696794,3.6244
mp-1190209,3.139
mp-9780,0.3194
mp-1209212,4.9805
mp-30320,6.8
mp-1209214,2.6342
mp-7482,0.6454
mp-6300,1.0737
mp-1219595,0.5502
mp-1209629,3.6249
mp-1209334,3.4066
mp-1209406,4.5471
mp-17929,1.4733
mp-6978,3.6251
mp-1209471,4.9733
mp-9366,2.3355
mp-10783,1.9587
mp-22903,3.7765
mp-1190192,4.2045
mp-28328,1.6271
mp-27193,2.8369
mp-23450,2.494
mp-504506,3.9692
mp-1209459,1.424
mp-542654,1.1785
mp-558208,2.5506
mp-766175,4.0472
mp-1209271,2.9272
mp-1114001,1.6773
mp-28198,2.6023
mp-557952,3.8119
mp-733729,3.6477
mp-601861,2.4133
mp-31309,1.6462
mp-22255,1.1111
mp-1192556,3.0269
mp-18473,3.8742
mp-1209487,3.5194
mp-18605,3.7897
mp-1195186,4.104
mp-1190838,6.0875
mp-7972,3.522
mp-9361,2.6857
mp-7176,2.32
mp-568228,3.5697
mp-18658,2.7894
mp-1209639,1.6184
mp-510073,2.6836
mp-23626,3.8158
mp-560518,7.2125
mp-1192391,3.2753
mp-554752,4.8727
mp-6787,5.1405
mp-18741,2.9916
mp-866716,0.9984
mp-1219628,2.1089
mp-556209,4.5325
mp-8751,2.745
mp-6211,5.3396
mp-9250,2.3089
mp-18422,2.0623
mp-1219554,2.5255
mp-554774,5.8838
mp-1209359,3.3097
mp-558186,6.9097
mp-7480,3.6931
mp-559383,5.1811
mp-9370,2.3998
mp-10785,2.0299
mp-1219581,6.6897
mp-559463,4.4374
mp-1020633,4.3738
mp-1190296,4.6839
mp-27208,4.7503
mp-8402,6.9384
mp-23738,2.5405
mp-604725,5.0479
mp-1020616,4.6422
mp-15282,1.723
mp-556158,1.4179
mp-568231,1.2358
mp-569309,1.3133
mp-1219557,0.1549
mp-558749,2.9437
mp-553981,2.3279
mp-23928,2.375
mp-1029835,0.0496
mp-18301,2.1371
mp-1203377,1.1481
mp-866712,1.3746
mp-559311,2.7318
mp-15405,2.2787
mp-676313,2.2939
mp-1209508,2.5766
mp-554787,2.6081
mp-16856,2.8783
mp-555152,2.0175
mp-1198591,2.8368
mp-743,4.1608
mp-752580,2.0788
mp-1219584,3.0415
mp-555018,2.1025
mp-8872,2.9275
mp-1195661,3.8946
mp-1194649,3.6209
mp-1209473,3.1491
mp-17240,4.8031
mp-774749,4.4225
mp-556968,2.3483
mp-571412,1.85
mp-560092,3.8053
mp-550300,0.2889
mp-1200468,0.4329
mp-1202177,0.904
mp-1219559,0.4397
mp-560653,4.7495
mp-1219802,4.2766
mp-1173467,4.7924
mp-8799,2.2945
mp-557656,4.4435
mp-8333,5.1482
mp-1209409,3.0461
mp-556185,3.4625
mp-556808,3.4532
mp-6708,1.5518
mp-1192452,0.913
mp-1201687,2.4033
mp-1219639,1.4346
mp-556645,3.1146
mp-1209219,2.2919
mp-1210256,3.0758
mp-1029493,1.8791
mp-3283,3.3093
mp-562977,2.7814
mp-557778,3.2531
mp-1219576,2.2745
mp-1195415,2.5161
mp-1219587,2.93
mp-1200745,3.6992
mp-1219990,5.4935
mp-558850,3.3871
mp-10834,0.9388
mp-1209225,6.8626
mp-7973,3.426
mp-9363,2.2617
mp-10779,1.8958
mp-5808,1.2994
mp-11011,0.1721
mp-1203865,3.8278
mp-27409,0.4723
mp-23486,0.7089
mp-556488,4.6929
mp-16907,0.0972
mp-1205111,0.7619
mp-24212,5.1547
mp-23667,5.2369
mp-558162,5.2038
mp-1209298,1.5046
mp-1199511,5.6472
mp-542871,3.485
mp-557256,4.6086
mp-505496,3.9174
mp-761252,5.7119
mp-774810,5.3777
mp-4135,5.1119
mp-638009,2.3703
mp-556953,1.8376
mp-571464,1.123
mp-17945,1.8729
mp-28074,3.984
mp-1206844,3.001
mp-21525,0.5688
mp-998603,2.8211
mp-998604,3.263
mp-2767545,4.5758
mp-23517,2.4518
mp-616564,1.3747
mp-559424,3.9205
mp-1209454,3.4666
mp-1209859,4.3671
mp-567940,0.1662
mp-1209185,6.8588
mp-1101401,3.3978
mp-1186971,5.4516
mp-9362,2.2686
mp-10778,1.8997
mp-7199,0.1932
mp-14797,1.006
mp-680371,0.2374
mp-582648,0.9991
mp-504957,1.0827
mp-4035,3.7933
mp-8014,1.1801
mp-9062,1.5781
mp-28555,4.7124
mp-1219578,5.1068
mp-10487,0.7347
mp-568018,0.2676
mp-558739,1.1498
mp-557260,4.2672
mp-1195172,4.0806
mp-1209255,2.2663
mp-1198114,0.6849
mp-555234,3.7548
mp-1209179,2.0641
mp-9821,4.8849
mp-1219606,2.4282
mp-10418,2.2483
mp-554732,4.6867
mp-10621,1.9493
mp-1189259,1.5375
mp-1543124,0.0001
mp-1209180,3.6046
mp-1209187,4.2794
mp-1209239,3.1431
mp-2756220,5.5636
mp-13336,0.3281
mp-554223,3.5429
mp-15865,4.0481
mp-23809,4.806
mp-1209160,5.9581
mp-7650,3.4524
mp-9063,0.9245
mp-1074,1.4125
mp-560051,2.0549
mp-9842,4.1976
mp-1209294,3.6776
mp-18255,5.2964
mp-1209322,3.4408
mp-18710,1.0496
mp-1209170,4.4664
mp-10835,1.04
mp-16116,0.9149
mp-1209116,6.9065
mp-567873,1.6011
mp-695906,5.1945
mp-7974,3.4884
mp-9364,2.2721
mp-10780,1.899
mp-999269,1.3164
mp-11054,0.8779
mp-1179711,3.3458
mp-15108,2.0723
mp-998778,2.5418
mp-2047197,3.5424
mp-998611,2.3264
mp-1198796,3.6899
mp-29405,2.0077
mp-554199,2.1663
mp-557059,1.4729
mp-1194771,5.2428
mp-1209189,4.279
mp-1209161,5.2035
mp-863745,4.1259
mp-1205862,4.0221
mp-1209097,3.4509
mp-11925,1.7333
mp-617442,1.198
mp-554412,3.3485
mp-1204836,2.8998
mp-1209080,2.8956
mp-1209926,3.6393
mp-863022,0.9223
mp-568557,2.6476
mp-3033,3.5412
mp-680498,1.7462
mp-1219631,3.0092
mp-1194597,2.8144
mp-1209099,3.183
mp-555727,5.5062
mp-1190149,1.0504
mp-1209188,4.6652
mp-1209091,7.0894
mp-1209260,4.9608
mp-9365,2.3079
mp-10782,1.9336
mp-975115,2.9741
mp-8360,0.8246
mp-556785,4.8863
mp-698479,4.8825
mp-560578,3.3979
mp-554280,4.5745
mp-1196714,6.3567
mp-6125,2.6058
mp-6394,3.0771
mp-1219566,2.6967
mp-6539,2.7021
mp-758985,1.2097
mp-556120,1.989
mp-1209177,0.2713
mp-1113914,2.0588
mp-27210,2.7647
mp-1206230,1.2017
mp-8176,0.8462
mp-1209171,1.2046
mp-1209114,3.1009
mp-7478,3.6636
mp-1209196,5.0285
mp-9368,2.368
mp-1203963,2.1079
mp-17642,1.5963
mp-1194637,0.1704
mp-1196487,2.2095
mp-6330,2.4146
mp-11775,0.4542
mp-560102,2.2159
mp-15998,1.1081
mp-556847,2.7622
mp-559279,2.1013
mp-560376,1.7589
mp-622258,2.7554
mp-623590,2.0481
mp-16917,2.3219
mp-558909,3.0091
mp-1219122,2.3178
mp-16864,2.0696
mp-2760180,0.1421
mp-767613,2.0854
mp-568136,0.6079
mp-23319,0.4023
mp-556424,2.2325
mp-728493,2.6044
mp-1029312,0.5831
mp-19031,3.0572
mp-559739,2.7001
mp-18436,1.9638
mp-1201601,2.4143
mp-561349,3.0085
mp-12024,0.0483
mp-1209169,3.1068
mp-680048,2.6645
mp-1201985,6.1376
mp-1209254,3.6192
mp-1195500,4.2881
mp-1194706,3.1745
mp-1209133,3.4123
mp-1209182,4.3915
mp-1209088,7.4093
mp-14437,3.6087
mp-17897,5.1682
mp-999265,2.3166
mp-1209082,4.313
mp-16764,1.3563
mp-1192612,4.2094
mp-24683,3.9293
mp-975140,0.1948
mp-557658,4.8807
mp-4975,4.0784
mp-863017,4.0088
mp-863023,4.3352
mp-18463,3.7149
mp-559540,4.5467
mp-1194730,4.1924
mp-1209995,0.0026
mp-567966,1.2072
mp-1209676,1.2076
mp-558514,5.1067
mp-555669,2.3454
mp-23472,0.8254
mp-662556,1.9421
mp-1193652,2.1542
mp-555759,1.2845
mp-29593,0.0854
mp-1102176,0.7773
mp-672376,0.3105
mp-1219132,1.0564
mp-32311,3.9632
mp-1016092,2.7295
mp-1219275,1.2869
mp-647218,0.5705
mp-27736,0.4852
mp-29878,0.8324
mp-29305,3.7671
mp-1200983,2.0921
mp-974650,2.3825
mp-1196004,2.8834
mp-583070,0.6584
mp-29599,1.3351
mp-680059,1.6865
mp-680015,1.3216
mp-679999,1.5553
mp-28464,0.8463
mp-1210365,0.3599
mp-1219236,0.9143
mp-558007,3.6185
mp-1203930,3.1467
mp-1208698,5.7294
mp-15109,0.1864
mp-10534,0.747
mp-29832,0.5226
mp-1210793,0.0221
mp-1209696,0.0069
mp-1209134,0.0303
mp-1219381,1.4774
mp-568498,2.4814
mp-560690,3.2499
mp-1208980,5.5195
mp-559755,3.9313
mp-4794,3.3407
mp-8778,1.6301
mp-14416,4.4202
mp-9499,3.9197
mp-1219319,0.512
mp-1190452,3.1058
mp-17874,0.52
mp-675037,0.4663
mp-1219197,1.7971
mp-1203325,4.589
mp-772840,3.6725
mp-1209249,3.2931
mp-35249,3.8433
mp-1202520,1.1083
mp-1208895,2.2249
mp-756215,0.975
mp-1219206,0.356
mp-559046,2.6911
mp-16679,2.5504
mp-17591,2.2312
mp-1201050,0.1173
mp-218,3.7823
mp-756148,1.0476
mp-17741,0.8153
mp-1403,0.7441
mp-29880,3.5037
mp-5598,2.9166
mp-15081,0.3737
mp-573109,3.6444
mp-13972,2.1358
mp-1194932,2.781
mp-17235,5.321
mp-1208880,4.8314
mp-18610,2.693
mp-2883,2.7353
mp-554623,3.1249
mp-1106376,0.5334
mp-3073,3.2872
mp-16033,1.4893
mp-772900,3.1843
mp-5999,0.7799
mp-770806,3.3089
mp-1219215,1.2635
mp-771966,3.6037
mp-1190396,4.0068
mp-4408,3.0741
mp-1196148,1.1428
mp-1198078,0.8425
mp-780370,4.1364
mp-10560,1.7477
mp-1105337,1.5301
mp-561186,3.8257
mp-1105248,0.3428
mp-1188666,0.2467
mp-555978,1.7739
mp-570226,1.1612
mp-554097,1.6557
mp-570045,1.4374
mp-558042,1.7036
mp-1105484,1.4942
mp-1195872,0.0163
mp-5800,3.3596
mp-31110,3.6796
mp-21604,1.2815
mp-21562,0.838
mp-705801,1.7639
mp-1209446,4.3882
mp-2750423,4.4032
mp-7423,1.7676
mp-3154,3.1427
mp-1191139,2.6738
mp-1209643,2.1481
mp-1209040,4.316
mp-13500,4.9126
mp-556820,4.6078
mp-23622,4.5816
mp-555527,2.6145
mp-560356,2.5736
mp-16995,3.0113
mp-863032,1.7936
mp-556910,2.6328
mp-752686,3.4256
mp-1209262,3.098
mp-1208868,3.454
mp-1208969,4.1441
mp-16160,2.1008
mp-1208939,0.0985
mp-1208955,0.0943
mp-1199065,1.9466
mp-1196183,2.1754
mp-1208870,0.0385
mp-3062,1.3368
mp-550117,1.2891
mp-6671,2.6038
mp-1196525,0.001
mp-1219158,2.0564
mp-1219147,1.8741
mp-1219159,1.239
mp-1197637,3.0493
mp-1219149,2.0667
mp-557561,2.477
mp-1173414,0.0632
mp-1219290,1.9825
mp-1218873,2.4179
mp-1218878,1.6432
mp-1219368,1.9217
mp-753226,2.5292
mp-21567,2.9907
mp-7405,4.8614
mp-12929,3.6892
mp-1102762,0.0256
mp-1208883,0.5545
mp-1199202,5.7436
mp-1201785,5.2966
mp-1192040,2.3704
mp-8627,5.2713
mp-550111,1.2783
mp-546152,1.2177
mp-552292,1.3061
mp-768383,0.6012
mp-27976,3.016
mp-29327,4.5207
mp-863026,3.4912
mp-27823,4.8762
mp-1191882,0.3607
mp-1208812,2.6697
mp-1105788,2.4802
mp-1106360,2.6949
mp-554075,2.0075
mp-13695,2.5136
mp-770767,0.1218
mp-5081,1.1678
mp-11793,0.8168
mp-561248,0.0937
mp-7384,7.7298
mp-20243,1.545
mp-1202040,3.3931
mp-1219120,4.4536
mp-505698,4.4668
mp-757145,4.7224
mp-1192065,0.0037
mp-1219040,5.2934
mp-779015,0.1307
mp-1101397,3.9025
mp-1005754,5.6617
mp-863028,2.0143
mp-754217,3.6304
mp-1208961,2.8115
mp-1208832,0.7935
mp-1208862,6.0056
mp-22203,0.2744
mp-559195,2.6978
mp-1194049,2.0128
mp-558997,2.8361
mp-558638,3.8342
mp-1210395,0.955
mp-14152,3.5797
mp-1206682,0.2493
mp-9488,4.6648
mp-697974,5.37
mp-542237,5.7384
mp-9849,0.0094
mp-13753,5.5883
mp-1102486,5.8081
mp-1191565,0.4464
mp-3897,2.2352
mp-1173297,2.7582
mp-17569,2.3817
mp-3317,0.7331
mp-1232280,0.5285
mp-1208844,2.9463
mp-3931,1.2297
mp-541073,2.4395
mp-13196,2.2974
mp-31118,4.3669
mp-1188840,1.8487
mp-554063,4.4293
mp-13305,0.0655
mp-17418,4.9698
mp-1209869,0.9536
mp-12931,3.9923
mp-1208842,0.3803
mp-555184,3.2107
mp-19480,3.5068
mp-1105449,1.5815
mp-18041,2.744
mp-1195564,2.1344
mp-999138,1.6781
mp-999137,1.2219
mp-999132,0.7036
mp-1196559,2.4889
mp-1188225,1.5136
mp-19323,3.0241
mp-550820,1.3609
mp-38605,0.4268
mp-10955,0.2753
mp-30989,3.6273
mp-766947,3.8768
mp-36381,1.1943
mp-22467,2.0548
mp-557101,1.7979
mp-759223,2.5683
mp-27947,0.2525
mp-556672,2.5822
mp-28456,1.5083
mp-1198561,1.4172
mp-768950,2.594
mp-1203896,2.9683
mp-27430,4.371
mp-1198288,2.667
mp-29252,3.5567
mp-1195064,2.3969
mp-27480,2.6708
mp-29590,1.9108
mp-554022,3.5903
mp-555836,2.5706
mp-1509,0.7774
mp-23386,1.6389
mp-1219056,1.5613
mp-1203382,0.7636
mp-27493,3.5134
mp-27431,4.4025
mp-1443,3.1684
mp-1194504,0.3647
mp-546757,3.7843
mp-1219089,1.3676
mp-560715,2.6985
mp-28271,4.1741
mp-978114,1.7702
mp-13252,3.572
mp-1101917,0.411
mp-29862,2.5387
mp-23216,2.7107
mp-29179,3.1002
mp-29866,3.565
mp-27373,3.4438
mp-2843,3.2704
mp-2706,3.115
mp-1218953,0.6133
mp-5045,1.6591
mp-1198673,2.8585
mp-1202021,3.3482
mp-554808,3.1623
mp-643902,3.1084
mp-863000,5.0772
mp-1199443,3.0469
mp-23763,2.3281
mp-24113,5.1263
mp-567185,1.3707
mp-568612,2.1321
mp-571478,0.9497
mp-570135,1.6495
mp-36508,2.431
mp-16403,1.2778
mp-27194,1.7061
mp-23182,2.0581
mp-571146,2.5118
mp-1195050,0.4225
mp-2097,0.4096
mp-856,0.6519
mp-559064,2.9839
mp-560891,3.0676
mp-757192,4.0847
mp-22821,3.77
mp-767114,4.5708
mp-3245,0.0265
mp-28293,2.4344
mp-690702,3.398
mp-775543,3.0376
mp-555838,3.6834
mp-1007694,2.9746
mp-13923,2.1301
mp-1218931,0.8182
mp-1218926,0.5741
mp-2231,0.9048
mp-1170,1.5148
mp-691,0.5159
mp-665,0.7018
mp-560193,2.7633
mp-1883,0.0419
mp-12231,3.042
mp-1218898,0.09
mp-27352,1.0297
mp-30024,5.8211
mp-14424,3.6396
mp-8422,2.9755
mp-37091,1.4454
mp-14500,0.1287
mp-983061,3.2581
mp-9298,1.2361
mp-1200414,5.8936
mp-9749,4.9456
mp-8947,2.828
mp-11919,1.5484
mp-29048,2.5672
mp-1197827,1.0605
mp-504910,4.148
mp-7771,0.1348
mp-8277,0.7109
mp-28477,5.2387
mp-13900,1.816
mp-980666,1.788
mp-862729,1.3579
mp-1193662,1.8009
mp-1193520,1.4083
mp-21926,1.936
mp-972120,0.1559
mp-4851,3.0697
mp-14425,2.7974
mp-1104062,1.8012
mp-6987,0.4519
mp-643905,2.342
mp-1179405,0.0112
mp-625801,3.8434
mp-27425,4.0304
mp-1194314,1.8019
mp-754521,3.5261
mp-1205860,0.4456
mp-1078973,0.1833
mp-21781,2.1496
mp-21733,1.5637
mp-20397,0.8838
mp-34141,2.0278
mp-33569,1.9718
mp-570097,0.9759
mp-1192751,1.8411
mp-1194337,1.431
mp-863260,1.3464
mp-1069695,0.3824
mp-9566,0.9813
mp-4157,3.7142
mp-39033,1.7524
mp-8507,0.3711
mp-15074,0.4416
mp-645364,4.271
mp-3765,5.4627
mp-38240,2.2572
mp-37859,1.9019
mp-766173,1.3103
mp-1079784,0.0283
mp-9126,2.7881
mp-17678,1.357
mp-567278,3.2079
mp-9379,0.0091
mp-1193989,1.7925
mp-1193917,1.4432
mp-1194307,1.8199
mp-29035,1.8122
mp-1193100,1.4587
mp-7770,0.254
mp-8276,0.8286
mp-1218906,2.3303
mp-1218905,2.3795
mp-652046,1.6485
mp-653579,1.6748
mp-1173441,1.727
mp-624200,1.4268
mp-580748,1.1641
mp-29114,1.2693
mp-29499,0.9398
mp-1190581,0.0503
mp-1219630,1.6949
mp-667286,0.9506
mp-7094,2.3102
mp-28287,2.7276
mp-23174,0.9668
mp-607436,1.8621
mp-27297,0.6609
mp-974724,3.5834
mp-643265,1.9773
mp-2766424,3.9726
mp-24128,3.7442
mp-505791,0.8133
mp-632724,1.0107
mp-667291,1.4261
mp-616597,2.6963
mp-573815,0.947
mp-667305,2.6258
mp-1198019,0.5304
mp-556419,3.4309
mp-573051,3.009
mp-622116,0.9067
mp-572794,1.8095
mp-27267,0.8553
mp-554317,0.031
mp-1203700,2.1592
mp-572758,1.3202
mp-1193300,2.396
mp-558576,3.7699
mp-554432,2.0016
mp-541582,1.1434
mp-676712,1.5368
mp-1197149,2.1158
mp-5222,0.0751
mp-866713,2.3274
mp-866695,2.3069
mp-1194813,1.3799
mp-974381,0.4203
mp-27871,1.2584
mp-27770,1.5212
mp-2068,0.8626
mp-1209109,0.594
mp-1206891,1.0096
mp-14276,1.7702
mp-1179727,1.5419
mp-556834,0.562
mp-28437,1.12
mp-974434,0.1813
mp-540829,0.7102
mp-554791,2.4654
mp-2030,0.6684
mp-29568,1.8602
mp-1922,0.3138
mp-27288,0.904
mp-77,2.5807
mp-28405,3.7871
mp-30984,1.8938
mp-8537,5.8812
mp-1202716,2.6141
mp-28676,5.5878
mp-540798,1.405
mp-1191944,2.3744
mp-1197503,2.738
mp-28099,2.2489
mp-28407,2.7573
mp-28096,2.8804
mp-28406,3.6424
mp-1210452,2.7585
mp-554012,4.6493
mp-975,5.9124
mp-29264,1.6685
mp-23598,1.9334
mp-27726,2.8368
mp-561397,5.1612
mp-28257,5.2887
mp-28431,0.5754
mp-540656,2.5185
mp-30109,0.178
mp-15046,1.5032
mp-27256,4.1996
mp-27339,4.0064
mp-532120,1.8188
mp-1201608,3.2728
mp-30213,2.982
mp-559807,0.1523
mp-680240,2.3241
mp-559349,0.328
mp-558692,1.8317
mp-28062,3.8056
mp-1202009,2.4614
mp-696088,1.7417
mp-760678,0.8936
mp-560928,1.7089
mp-27212,3.907
mp-1247,0.5099
mp-2136,2.2239
mp-1705,0.5057
mp-2695,0.3447
mp-1201470,1.3859
mp-561176,4.1483
mp-20727,1.9265
mp-20928,0.0035
mp-723419,1.9679
mp-638424,4.1158
mp-2809,1.2866
mp-1199191,4.4244
mp-2160,0.7564
mp-559894,2.6727
mp-3525,0.1308
mp-1201,0.1314
mp-27473,3.9651
mp-8612,0.4864
mp-28918,1.1891
mp-1199772,2.1165
mp-1193829,2.7297
mp-1195711,1.6479
mp-27318,0.0627
mp-1205033,1.3822
mp-1193919,0.8347
mp-554764,0.0795
mp-1209457,1.6636
mp-1219529,2.2549
mp-1209215,2.5352
mp-1239,0.0537
mp-541240,3.7777
mp-1219543,0.2653
mp-554574,0.378
mp-27700,2.376
mp-23419,2.6466
mp-698480,3.3641
mp-27229,3.2704
mp-29369,3.7106
mp-22737,1.6402
mp-558592,2.7703
mp-557022,2.883
mp-14673,1.7301
mp-15380,1.9538
mp-27786,1.1627
mp-27317,3.8741
mp-28109,3.5099
mp-14368,1.7582
mp-569209,2.1081
mp-1219478,0.5387
mp-572526,1.9974
mp-570005,3.1173
mp-2214131,1.7545
mp-541259,1.7316
mp-27308,2.7201
mp-560354,1.9238
mp-27353,1.9134
mp-22872,3.7476
mp-29391,1.8283
mp-570796,1.5374
mp-29940,2.3709
mp-27314,3.1317
mp-504662,3.1726
mp-1880,4.4396
mp-556425,3.4513
mp-1341935,3.6765
mp-697558,4.9521
mp-1204286,2.2221
mp-643579,4.6548
mp-1179614,4.3864
mp-849325,1.9394
mp-1192718,1.7813
mp-1219551,4.459
mp-695843,1.033
mp-1219573,5.0047
mp-705514,2.0714
mp-1196491,4.8191
mp-560789,1.9054
mp-23281,2.1446
mp-23536,1.2101
mp-27859,0.9323
mp-23403,0.5646
mp-8630,1.3963
mp-1095507,1.1474
mp-30011,2.4093
mp-555680,3.7468
mp-1078298,3.0857
mp-1197652,1.7767
mp-1819,2.0288
mp-561533,3.3227
mp-1102833,1.1192
mp-1101771,1.1234
mp-554847,2.3408
mp-554701,4.4149
mp-541668,2.2876
mp-647342,2.0859
mp-23574,1.8687
mp-3439,4.0021
mp-9750,2.5585
mp-560310,4.7693
mp-572597,2.196
mp-1206466,1.8655
mp-23138,1.9127
mp-1105453,3.9678
mp-1103317,0.8718
mp-1102366,0.3723
mp-1103434,0.9252
mp-1102395,0.7549
mp-555288,2.532
mp-28064,2.8648
mp-22971,1.7767
mp-557809,1.7743
mp-23041,1.6276
mp-561328,2.6001
mp-558026,1.4501
mp-1205478,1.468
mp-559000,1.5285
mp-1209072,1.4378
mp-572726,1.9455
mp-28985,2.0148
mp-22996,1.3811
mp-555629,3.7741
mp-554942,1.9198
mp-559379,3.1556
mp-1102430,0.6951
mp-1103213,0.8576
mp-1219458,0.5521
mp-1102857,0.6274
mp-29904,2.0248
mp-1195229,1.7572
mp-1199352,2.7566
mp-4798,0.0223
mp-769152,4.077
mp-30002,3.8452
mp-5207,5.1657
mp-1203569,0.058
mp-1219646,0.0212
mp-2752593,0.1262
mp-1029602,3.243
mp-14118,3.6084
mp-16800,4.3752
mp-31065,3.8037
mp-11673,3.5464
mp-28479,0.8824
mp-504934,0.5707
mp-10953,0.9581
mp-27576,4.1263
mp-216,3.8235
mp-24217,4.6108
mp-778152,1.7837
mp-401,1.035
mp-7288,2.0102
mp-1205354,0.6258
mp-1194798,3.6378
mp-5594,4.2788
mp-685069,0.0033
mp-558571,3.029
mp-557773,2.897
mp-753802,3.5737
mp-753401,3.1323
mp-1209018,1.0489
mp-1220626,0.0119
mp-1209011,0.0167
mp-1203138,3.7273
mp-15661,0.3287
mp-1204900,0.4793
mp-1203959,0.5076
mp-1105775,0.648
mp-1203372,0.0071
mp-1196981,0.1028
mp-30863,0.0038
mp-1210377,0.0208
mp-1203297,0.2181
mp-541102,0.3741
mp-1189869,0.2167
mp-1189852,0.188
mp-541175,0.2411
mp-1190159,0.1484
mp-8616,2.0325
mp-13383,1.6441
mp-11022,2.1264
mp-1094066,1.2378
mp-1080747,1.2167
mp-546125,3.5491
mp-8697,4.118
mp-1209046,2.8937
mp-1186984,2.2256
mp-546279,3.236
mp-23309,3.8723
mp-559606,1.7683
mp-3642,2.3309
mp-6980,0.8709
mp-1219343,0.6646
mp-1078300,6.1057
mp-1094074,3.1989
mp-1197297,4.1436
mp-1203306,3.2116
mp-541015,4.8615
mp-756748,4.1244
mp-24215,3.1435
mp-24741,3.8496
mp-759651,3.0798
mp-505794,3.8855
mp-1196144,3.5835
mp-625663,4.4857
mp-1186991,1.6942
mp-559760,1.9603
mp-1219325,1.9542
mp-1219274,0.4246
mp-2713914,1.816
mp-667315,0.924
mp-553961,3.3026
mp-30459,0.1869
mp-3432,0.2679
mp-4661,4.4798
mp-543042,4.9028
mp-696457,5.3067
mp-4200,4.1939
mp-6999,1.942
mp-1219240,2.4935
mp-1219278,1.613
mp-569779,0.0155
mp-7173,0.6441
mp-2894,0.1225
mp-2713856,2.4404
mp-558781,4.0277
mp-13551,3.2415
mp-1100405,0.3846
mp-19450,3.6236
mp-1208995,3.6697
mp-1095287,1.9705
mp-13312,0.9331
mp-13313,0.6146
mp-13314,0.0446
mp-19247,2.6851
mp-570481,1.7696
mp-27358,2.9034
mp-650178,1.4592
mp-651332,2.2169
mp-540675,3.0664
mp-29172,4.1424
mp-861871,0.9079
mp-726,3.2874
mp-27367,4.0833
mp-149,0.6105
mp-7614,1.1051
mp-1206152,0.17
mp-29549,3.9992
mp-504564,2.1705
mp-27532,1.7989
mp-555982,3.7805
mp-28090,3.3657
mp-29309,4.5978
mp-29310,3.8682
mp-28712,1.5122
mp-557690,1.8837
mp-4497,4.9248
mp-1105877,3.2016
mp-17123,0.6497
mp-1219334,2.0386
mp-21767,2.6422
mp-569815,0.407
mp-23331,3.8979
mp-18310,0.2673
mp-988,4.2503
mp-8311,0.3365
mp-16608,0.8553
mp-29157,0.6067
mp-22192,0.5511
mp-1206699,1.4341
mp-14983,1.4604
mp-2084,0.9438
mp-3273,5.6022
mp-1203760,1.0648
mp-1198966,3.5296
mp-1219355,0.1021
mp-1863,1.4519
mp-978553,0.8891
mp-569128,1.408
mp-570285,4.1046
mp-1204356,1.8389
mp-28391,5.5658
mp-1818,7.7173
mp-722246,6.5957
mp-697253,5.1979
mp-1209032,6.2972
mp-557080,3.344
mp-28538,4.2188
mp-23739,6.5621
mp-643277,6.6965
mp-1219374,7.1042
mp-759722,6.4741
mp-555194,2.7984
mp-1078195,2.9566
mp-635441,2.8558
mp-581326,4.3633
mp-40144,5.2785
mp-7000,5.719
mp-2488,0.5122
mp-2798,1.7395
mp-9996,1.4262
mp-18157,5.7952
mp-1207095,0.9835
mp-556172,3.1459
mp-561110,3.5657
mp-21723,3.1905
mp-1103261,0.7879
mp-189,0.2299
mp-1602,3.1072
mp-11152,0.2086
mp-1250007,2.4771
mp-29397,0.3342
mp-1209201,3.4356
mp-645338,5.3818
mp-768348,5.6716
mp-13283,1.0887
mp-625402,3.7105
mp-1218894,2.6772
mp-17447,3.5439
mp-1199546,2.0038
mp-578752,0.9266
mp-1192393,0.9128
mp-571416,0.0556
mp-530564,0.1097
mp-767781,0.3805
mp-757304,0.6957
mp-767432,0.4643
mp-532315,1.7384
mp-1219532,0.4261
mp-720269,0.2971
mp-582108,0.3477
mp-1218879,4.2023
mp-555467,5.4108
mp-697977,3.1483
mp-1196745,3.2477
mp-5401,4.283
mp-1209005,5.1643
mp-557330,5.3364
mp-1202819,4.7715
mp-1077553,2.4076
mp-569810,2.5326
mp-23131,2.7508
mp-10234,2.5675
mp-760510,2.4829
mp-1986938,1.3867
mp-23056,1.8455
mp-567655,4.202
mp-19116,2.5612
mp-11982,3.2142
mp-14551,2.2089
mp-1105247,3.5269
mp-863261,0.5223
mp-19014,3.332
mp-15743,2.2243
mp-23114,0.3275
mp-23130,0.5379
mp-561556,3.1488
mp-17540,2.9627
mp-1191317,2.15
mp-1275355,0.7734
mp-561998,2.1714
mp-1208846,3.4006
mp-561642,1.51
mp-1274308,2.0256
mp-766492,3.5625
mp-19514,1.9972
mp-1084823,1.6894
mp-10950,0.2216
mp-552537,2.3439
mp-561243,2.3843
mp-1208858,1.8842
mp-1105402,1.344
mp-1188108,0.2518
mp-561072,3.6641
mp-1208889,3.8496
mp-1208875,1.9513
mp-18744,1.2643
mp-1208927,3.8744
mp-735131,3.5485
mp-556507,1.1631
mp-766474,1.8412
mp-1191264,0.9442
mp-1078746,1.3142
mp-1173284,0.6149
mp-1218828,0.626
mp-1218824,1.6733
mp-19266,1.7684
mp-867219,0.0306
mp-1208851,1.5339
mp-1105454,1.3501
mp-16796,0.2537
mp-1523375,3.3665
mp-1209102,3.557
mp-2576,0.3634
mp-1020704,3.4847
mp-18112,1.3698
mp-29089,0.0529
mp-557311,3.6821
mp-4578,2.3291
mp-30293,1.7283
mp-1095649,2.9533
mp-35152,0.5803
mp-1078677,2.4354
mp-1208839,1.276
mp-24292,2.2361
mp-1202747,2.5652
mp-690794,1.8058
mp-867207,0.1205
mp-1208845,1.8268
mp-558039,3.6445
mp-1189408,3.8552
mp-551203,3.2812
mp-569677,1.7923
mp-14283,4.9452
mp-1105283,0.4722
mp-22355,1.7824
mp-1518084,1.7341
mp-1189102,3.4224
mp-541568,2.1559
mp-541569,2.1968
mp-1218762,0.568
mp-1218822,5.3061
mp-1020647,4.9369
mp-569782,4.0588
mp-569001,0.2539
mp-10556,1.8099
mp-1080625,1.8424
mp-979340,2.934
mp-23100,1.9188
mp-1188959,3.2094
mp-20687,0.1147
mp-1205553,3.4874
mp-13541,4.5797
mp-972387,3.6039
mp-1078539,2.313
mp-6564,4.4959
mp-19420,3.4311
mp-1201675,1.8317
mp-555929,0.9301
mp-1285223,1.202
mp-559244,0.1035
mp-1218763,0.8793
mp-1191740,2.8825
mp-1208762,1.4722
mp-19315,1.8986
mp-23033,1.9398
mp-531195,1.5754
mp-3870,2.6844
mp-1206057,2.8384
mp-1205690,2.2687
mp-1218741,1.7829
mp-20222,3.3968
mp-17701,2.2935
mp-23093,1.7139
mp-1516795,3.507
mp-1208759,3.7008
mp-14884,4.2332
mp-1194096,3.0767
mp-18940,2.3095
mp-553947,3.387
mp-20794,2.9406
mp-5616,5.3704
mp-27583,5.5563
mp-1195664,2.1331
mp-1194705,1.948
mp-1195270,2.1058
mp-1202046,4.2855
mp-20944,1.3966
mp-4359,0.2353
mp-1516990,1.7451
mp-1519896,3.4763
mp-541114,1.85
mp-4103,1.3704
mp-1105180,0.7682
mp-16897,0.1559
mp-14926,6.3693
mp-1105158,2.7659
mp-1208760,2.942
mp-1106218,3.5074
mp-1208776,3.4213
mp-1106,0.3434
mp-1020612,5.0797
mp-9710,3.1972
mp-18510,4.4605
mp-1104926,2.8995
mp-1208755,1.8088
mp-972216,3.6616
mp-978,0.1524
mp-1198515,4.0219
mp-867169,0.2717
mp-4287,2.6531
mp-17676,2.0801
mp-30294,2.4784
mp-1218773,1.0055
mp-568525,1.2442
mp-13664,2.928
mp-1205594,3.577
mp-1283831,1.6183
mp-1539400,2.9169
mp-31760,1.5015
mp-12427,4.0418
mp-1190108,3.9813
mp-1284552,0.0016
mp-17518,2.466
mp-1520641,2.6815
mp-6068,0.1879
mp-1517293,3.5439
mp-1208756,3.8367
mp-1206645,0.9884
mp-5532,1.9142
mp-1218526,1.5207
mp-1208751,1.9455
mp-16605,3.8819
mp-18471,2.1693
mp-19368,3.3912
mp-1218693,2.9555
mp-1192478,1.9589
mp-1199642,2.6086
mp-1208766,3.2847
mp-759772,2.4796
mp-558952,3.7633
mp-17012,1.5184
mp-1522480,1.9724
mp-6019,3.2249
mp-1105147,0.173
mp-12878,3.7073
mp-12355,3.8491
mp-1194862,3.5569
mp-17392,3.1158
mp-1208502,2.3133
mp-9306,0.5344
mp-1191240,3.8987
mp-770419,3.8966
mp-1189305,1.1456
mp-17129,1.9055
mp-9843,1.3365
mp-755082,3.786
mp-1218347,1.9096
mp-16432,4.398
mp-30239,2.3176
mp-1192011,1.3059
mp-18924,0.3201
mp-1189054,0.6767
mp-16945,1.5856
mp-1106227,1.0672
mp-17504,0.8755
mp-18351,1.0635
mp-28324,0.5893
mp-4632,5.4064
mp-11677,0.9176
mp-1195093,0.753
mp-571291,0.9885
mp-559224,4.4213
mp-3393,4.2046
mp-1029733,2.1423
mp-1192533,0.9824
mp-17667,0.5371
mp-15339,0.6167
mp-1013555,0.4218
mp-1201690,5.3122
mp-1202821,5.3908
mp-616577,1.8788
mp-9702,2.0101
mp-1020637,5.0139
mp-558642,4.0353
mp-570008,0.2569
mp-532540,3.6107
mp-1208816,1.4804
mp-10392,2.0334
mp-862670,1.1035
mp-1284324,0.1516
mp-7214,1.5373
mp-18651,2.1335
mp-1209197,3.6934
mp-17149,2.192
mp-556960,2.4393
mp-1208802,3.5201
mp-570971,1.3619
mp-30158,2.8947
mp-1194661,0.7012
mp-7191,0.5667
mp-6509,3.6718
mp-542625,0.3394
mp-17355,1.9628
mp-30950,0.3188
mp-18652,2.1602
mp-1304797,0.687
mp-616026,0.8116
mp-669389,1.5007
mp-567371,2.0534
mp-1104857,2.107
mp-1208770,3.3726
mp-1208758,4.1256
mp-1192357,1.4556
mp-1218428,2.1229
mp-1190404,3.2076
mp-6721,0.5632
mp-1190151,3.1732
mp-1190486,3.791
mp-567398,1.7247
mp-6064,2.6841
mp-1103508,3.2619
mp-570046,2.0559
mp-1208777,3.4242
mp-32635,0.3946
mp-14288,0.8898
mp-557650,4.4992
mp-1013554,0.5197
mp-1218560,2.2159
mp-29295,1.0677
mp-1208807,1.4794
mp-7752,0.2577
mp-17562,4.626
mp-1208829,3.7912
mp-18247,2.2581
mp-1218418,4.2893
mp-554805,3.4263
mp-30949,0.4234
mp-17829,2.0124
mp-18199,1.4951
mp-16136,3.8538
mp-1209532,4.5256
mp-18705,2.1142
mp-30026,3.1808
mp-768941,3.2095
mp-3349,1.8405
mp-1209021,3.1627
mp-555451,1.9479
mp-667349,1.7147
mp-3956,2.2134
mp-22391,0.5565
mp-19386,3.676
mp-755326,3.4987
mp-15103,3.2862
mp-18498,2.1512
mp-1190181,2.9354
mp-1298662,1.2648
mp-6730,2.5661
mp-759747,1.3317
mp-554152,2.2541
mp-6120,3.5484
mp-8877,3.3427
mp-1208447,3.0557
mp-9392,2.838
mp-14865,3.6877
mp-8299,1.1924
mp-29424,0.8578
mp-559330,5.2059
mp-1218382,0.6028
mp-1218632,4.0924
mp-556049,4.2158
mp-567601,1.2186
mp-23321,4.5589
mp-766217,0.7571
mp-1218745,0.2241
mp-1218333,0.7206
mp-1201546,0.814
mp-14213,1.0447
mp-29910,3.5855
mp-9723,2.0686
mp-1020592,2.7818
mp-753353,0.9619
mp-35769,6.6819
mp-1218681,0.6674
mp-2212246,3.7211
mp-28940,3.4162
mp-558114,2.962
mp-8298,1.2134
mp-29775,1.4647
mp-556331,0.5339
mp-4598,2.1959
mp-755293,0.7118
mp-1196120,1.1495
mp-1208796,1.3243
mp-2205489,4.2861
mp-769271,4.1943
mp-1218412,1.773
mp-1218587,3.3574
mp-15501,1.3516
mp-1029799,1.0129
mp-15500,1.4294
mp-1218552,1.3473
mp-1218792,0.1871
mp-1029580,0.8613
mp-28392,0.7906
mp-28796,1.1214
mp-1195596,0.2075
mp-571046,1.3525
mp-1195789,2.3981
mp-649033,0.0533
mp-555428,2.0795
mp-1197996,2.5443
mp-1029868,1.406
mp-1194401,0.0702
mp-559965,3.8284
mp-24338,0.6764
mp-17777,3.9029
mp-2751389,1.5598
mp-709350,3.262
mp-555203,3.9641
mp-1179227,1.1425
mp-18859,1.0321
mp-1218639,0.6452
mp-31231,1.2258
mp-761057,2.8004
mp-10577,1.2468
mp-23141,4.9313
mp-23121,5.078
mp-6669,5.2118
mp-1208610,0.4068
mp-1208774,2.3998
mp-667283,2.3602
mp-1209401,0.7472
mp-769582,3.0444
mp-675076,0.0057
mp-1195674,3.7925
mp-556224,3.9453
mp-1218711,3.9935
mp-40674,4
mp-1218652,0.5547
mp-29085,5.3672
mp-1218595,3.5117
mp-1218648,4.0463
mp-6044,4.8124
mp-29136,0.4772
mp-16061,1.8482
mp-18043,4.4887
mp-23828,3.7026
mp-23827,3.8615
mp-568436,1.1335
mp-1218554,5.0529
mp-676818,0.0443
mp-1218791,4.0448
mp-555068,3.6878
mp-1197208,1.7904
mp-555221,3.6894
mp-555609,1.7851
mp-554259,3.0004
mp-10667,0.1126
mp-1080438,1.2847
mp-1218484,4.7024
mp-558669,4.6877
mp-1208735,5.1039
mp-3094,4.142
mp-3788,3.7508
mp-1200608,7.1404
mp-980057,0.7234
mp-568450,3.5275
mp-570485,0.6257
mp-1049,0.0181
mp-1208723,2.9771
mp-1197529,1.6783
mp-556106,8.3012
mp-684018,5.7481
mp-6486,5.3874
mp-1020606,5.9252
mp-27791,4.1295
mp-1020654,5.681
mp-9726,7.524
mp-559364,3.6402
mp-561005,3.5084
mp-552234,3.1643
mp-547244,3.3015
mp-552547,2.8643
mp-1218578,2.2375
mp-29164,0.3106
mp-28476,0.7976
mp-32711,4.498
mp-23024,5.0036
mp-10497,2.2919
mp-9167,3.6025
mp-3822,4.4416
mp-567568,2.6883
mp-1218409,3.2892
mp-1208782,5.8782
mp-1208686,4.2453
mp-1520532,1.6487
mp-1520732,1.5225
mp-12418,0.4356
mp-1101340,3.8007
mp-1519157,2.0516
mp-1218509,4.6038
mp-21166,0.2678
mp-7084,0.4224
mp-1523104,1.7071
mp-20726,0.2882
mp-1520398,1.7765
mp-1521109,1.8269
mp-1190367,2.4738
mp-1195626,3.5306
mp-17693,3.9048
mp-11178,1.268
mp-23209,5.5675
mp-22957,5.9377
mp-1193940,2.3082
mp-18659,3.0601
mp-562378,1.8677
mp-1196626,3.0817
mp-1194871,1.9987
mp-17107,3.0348
mp-19508,3.5009
mp-557093,2.5156
mp-558281,3.6107
mp-1218324,0.5556
mp-510607,2.8576
mp-1179211,3.1321
mp-560855,3.0853
mp-9640,0.7134
mp-18685,1.0463
mp-12557,0.0038
mp-12265,0.8036
mp-21609,0.2645
mp-12444,1.5126
mp-560445,3.7665
mp-981,6.7674
mp-556067,2.0648
mp-542976,3.8426
mp-560149,2.3881
mp-18215,4.0043
mp-557942,0.5195
mp-27338,3.7288
mp-1195488,1.4127
mp-17881,4.2064
mp-540621,3.0761
mp-14235,3.9438
mp-556046,3.9722
mp-18253,2.4346
mp-1197916,3.7683
mp-1208823,5.6513
mp-978847,0.2958
mp-1192424,3.3941
mp-978852,0.4151
mp-1192362,1.1721
mp-1190889,1.0135
mp-1020628,4.0991
mp-1029497,2.4586
mp-17464,3.4179
mp-1192743,3.4863
mp-10341,2.9532
mp-23714,3.1544
mp-757723,5.8656
mp-1205011,5.3145
mp-24423,3.8297
mp-1080045,4.3214
mp-23860,4.0447
mp-24066,4.9798
mp-24205,3.5902
mp-643385,3.7425
mp-1187172,2.0279
mp-1029396,1.5457
mp-3378,4.1704
mp-1208643,1.4956
mp-554351,1.6594
mp-665922,2.1978
mp-568284,3.802
mp-23046,4.3096
mp-540688,1.808
mp-1218249,4.4194
mp-1218220,4.415
mp-1274449,1.3403
mp-1218223,1.1616
mp-1218208,0.0503
mp-1218203,4.0756
mp-1218213,1.8725
mp-684742,2.7426
mp-685195,3.5498
mp-1272417,1.7713
mp-18495,5.7528
mp-558219,2.91
mp-978840,3.5597
mp-629430,0.9152
mp-1191141,4.6041
mp-558054,2.2704
mp-16691,2.952
mp-555089,5.0666
mp-15845,0.6182
mp-1020627,3.0465
mp-6591,7.3154
mp-1101989,1.0323
mp-10814,4.3589
mp-30456,0.5558
mp-1208634,4.3642
mp-559277,4.1343
mp-568385,2.2221
mp-29754,0.2574
mp-13276,1.3431
mp-7756,0.6858
mp-1208625,2.6226
mp-1218231,4.1234
mp-772820,4.1641
mp-13189,1.3442
mp-568191,1.1227
mp-1218201,2.1265
mp-643004,1.7243
mp-10550,1.6917
mp-1020587,2.4133
mp-1020634,4.9917
mp-15643,0.0269
mp-643009,2.7087
mp-643293,1.8124
mp-18469,5.6299
mp-1020629,4.356
mp-15642,0.033
mp-1208827,2.7983
mp-1208680,1.5991
mp-559818,3.4451
mp-541990,3.4677
mp-1194563,2.0316
mp-554634,4.3163
mp-1208769,3.9331
mp-1200408,2.7115
mp-1542758,1.3088
mp-18834,3.8445
mp-23614,2.5807
mp-768342,1.3932
mp-4591,2.9977
mp-3790,0.2536
mp-1218343,3.833
mp-1218195,4.6804
mp-1218172,4.2773
mp-1190834,1.2165
mp-1218129,0.3619
mp-646605,3.1308
mp-19211,4.0201
mp-555718,1.7074
mp-17551,3.7402
mp-1200095,0.0315
mp-2472,3.2748
mp-2697,2.8495
mp-7931,0.4594
mp-1198273,1.9578
mp-1105302,0.7969
mp-24297,5.4371
mp-560352,2.6253
mp-1208663,0.5015
mp-569867,0.378
mp-9788,3.1224
mp-7198,2.1432
mp-20489,0.7941
mp-12622,1.3251
mp-1218014,4.2972
mp-17660,1.0231
mp-1218050,3.2388
mp-1218058,0.3557
mp-989623,1.9969
mp-1087,2.497
mp-5285,5.9178
mp-16903,4.7617
mp-1204655,0.3581
mp-770771,3.6335
mp-2758,2.2313
mp-28346,3.2926
mp-3395,3.7027
mp-4092,3.5358
mp-6032,5.68
mp-4549,2.9715
mp-3978,4.6251
mp-1218016,4.2408
mp-8000,3.6178
mp-1194672,3.7165
mp-862718,3.5533
mp-2879,1.7365
mp-1205419,0.8336
mp-23089,2.5142
mp-17715,3.2307
mp-541462,3.5232
mp-555119,5.4935
mp-2583419,1.1169
mp-989627,1.5818
mp-1958,1.7616
mp-1200674,3.8288
mp-972117,3.6116
mp-4274,2.2486
mp-1194714,2.2547
mp-17282,1.48
mp-1191111,2.6126
mp-1217828,2.6519
mp-17298,2.7819
mp-559957,2.8786
mp-849433,3.9342
mp-9517,0.7926
mp-4651,1.8488
mp-1208595,4.4536
mp-4655,0.0793
mp-17090,2.0933
mp-560156,3.2379
mp-3446,3.8156
mp-1208685,2.0935
mp-556481,1.9814
mp-1208662,0.3156
mp-36329,1.9795
mp-505345,2.1213
mp-21614,1.4686
mp-555885,2.0861
mp-553895,2.892
mp-558871,2.189
mp-30297,2.3771
mp-17502,2.4421
mp-19163,4.6571
mp-555691,4.3597
mp-15740,3.0527
mp-8810,4.1385
mp-1080135,0.6936
mp-1195266,2.6572
mp-23034,4.3014
mp-707866,3.6372
mp-5637,2.0793
mp-558616,4.4557
mp-677002,1.1898
mp-1202083,4.0082
mp-555580,4.3718
mp-1208602,6.1738
mp-1029275,1.2272
mp-4387,3.6122
mp-558760,0.5512
mp-28683,1.1785
mp-1217800,2.2586
mp-28375,0.716
mp-29680,2.7997
mp-680077,0.0754
mp-559692,3.6268
mp-5548,2.0269
mp-1208442,4.0196
mp-23274,0.056
mp-31517,2.004
mp-31629,0.0861
mp-31755,2.7333
mp-581413,1.0553
mp-541094,2.4645
mp-1208509,2.0819
mp-17993,2.4602
mp-540716,2.0483
mp-1186878,2.585
mp-562537,0.5264
mp-541509,0.3317
mp-1208475,0.0212
mp-10390,1.2267
mp-755663,2.8201
mp-771957,2.7625
mp-18010,0.5261
mp-560046,0.6797
mp-4425,0.6803
mp-541758,1.3963
mp-1218308,0.5301
mp-2748369,0.2872
mp-2715681,3.8431
mp-2014940,2.1184
mp-556489,2.2854
mp-3180,3.2261
mp-758895,3.1562
mp-554994,1.8183
mp-18344,1.5233
mp-542140,1.1589
mp-28251,3.5117
mp-2713766,3.1665
mp-2713962,2.4752
mp-29412,0.9289
mp-2713800,2.5732
mp-23238,0.9253
mp-2713746,1.7861
mp-662572,1.2972
mp-27488,1.2141
mp-1193678,2.1157
mp-753747,2.2236
mp-1218132,2.2733
mp-1208533,0.1797
mp-1208669,2.5158
mp-1208444,1.3454
mp-29313,1.1671
mp-1208574,1.0721
mp-569258,0.88
mp-28509,0.1392
mp-2713985,3.1569
mp-863066,1.7453
mp-1218099,2.9431
mp-676937,0.3699
mp-3652,0.0149
mp-770481,2.7108
mp-17857,2.5765
mp-29993,3.555
mp-15750,2.143
mp-867249,0.3242
mp-8898,3.282
mp-12561,0.0134
mp-1208608,3.0581
mp-672248,2.6098
mp-4624,3.4514
mp-1218131,3.0778
mp-554207,1.3446
mp-23602,1.3395
mp-30900,2.9755
mp-568846,2.0361
mp-1198141,5.531
mp-1208583,3.0691
mp-27854,3.0944
mp-29831,2.8257
mp-28185,3.122
mp-1239167,0.1422
mp-753467,2.4597
mp-1218032,1.7547
mp-10748,1.9231
mp-1217996,1.6491
mp-4081,1.598
mp-9295,1.1407
mp-3102,0.418
mp-561197,5.5366
mp-867507,0.0597
mp-1192701,2.2733
mp-1199374,4.8151
mp-29027,0.8866
mp-570679,1.1846
mp-8979,3.5727
mp-1217948,2.569
mp-4165,1.9338
mp-1217925,1.7338
mp-2715710,3.105
mp-669508,2.8674
mp-556728,2.3564
mp-571250,1.9078
mp-27788,2.3387
mp-541740,2.932
mp-27673,0.8728
mp-557163,5.1325
mp-560884,2.8827
mp-1205391,2.9929
mp-31454,0.665
mp-2714000,3.7518
mp-1100408,1.0594
mp-1198418,1.1624
mp-28691,0.5627
mp-29716,2.1847
mp-1043735,2.8478
mp-1103621,3.139
mp-558241,2.0324
mp-7562,2.5325
mp-10644,2.2527
mp-1208560,2.7749
mp-676262,0.9801
mp-1194680,2.7868
mp-1217830,3.2355
mp-1217849,1.1898
mp-755190,1.8279
mp-18137,2.172
mp-1029387,2.2992
mp-683867,5.5827
mp-1208575,5.2328
mp-1217848,1.341
mp-554821,3.5024
mp-1202556,3.3721
mp-1196764,5.6602
mp-1208551,0.2365
mp-1204441,0.0037
mp-1204608,0.0351
mp-3114,3.3639
mp-1208801,5.7864
mp-541348,1.6596
mp-1205852,0.8523
mp-1190385,3.0646
mp-1217731,2.1144
mp-646337,0.1933
mp-1204495,4.6023
mp-14649,3.7581
mp-1208737,3.2106
mp-1199006,1.1462
mp-754207,1.1024
mp-573037,1.8813
mp-1217713,0.4296
mp-29945,3.3306
mp-18340,2.2016
mp-1056,3.9006
mp-769211,1.1856
mp-754768,1.3579
mp-9323,0.5793
mp-12668,2.9772
mp-30313,3.3263
mp-15257,0.3411
mp-755340,2.1407
mp-1195159,2.8113
mp-17308,4.9475
mp-1208544,3.1496
mp-1208518,4.847
mp-17913,2.5839
mp-4991,2.7218
mp-1105684,0.5517
mp-31245,3.2498
mp-16036,1.1715
mp-1217684,1.8187
mp-779763,3.0997
mp-10960,0.7039
mp-752414,3.3009
mp-1217726,1.3995
mp-771017,3.649
mp-1197252,1.135
mp-14387,4.5599
mp-557110,3.8011
mp-1188547,0.2808
mp-557517,1.8074
mp-567428,1.1262
mp-560501,1.733
mp-568779,1.4882
mp-1197692,0.0168
mp-5965,3.4862
mp-31112,3.6054
mp-2760596,1.3344
mp-1208687,4.5256
mp-2750891,4.5315
mp-1208503,3.1414
mp-1191378,2.752
mp-558490,4.086
mp-555097,4.6896
mp-1101314,3.4485
mp-1192600,1.0929
mp-1208522,5.8541
mp-16402,2.4231
mp-1199026,4.7323
mp-1208455,0.0604
mp-1208476,0.0281
mp-1208468,0.0556
mp-1202576,2.0116
mp-1208458,0.0122
mp-30291,1.3453
mp-1201395,1.4759
mp-30229,0.8156
mp-1197952,0.6525
mp-1203586,0.4516
mp-555909,3.7466
mp-1217661,4.4975
mp-1201197,0.0323
mp-1188309,0.0028
mp-1203711,3.0702
mp-1217642,2.1789
mp-1189005,0.4283
mp-1208500,0.0244
mp-1105706,0.2763
mp-2760734,0.2273
mp-1205326,0.096
mp-1189645,0.159
mp-1190279,0.1656
mp-1191472,0.0012
mp-1217676,0.2516
mp-1546645,0.1278
mp-2210265,1.7597
mp-3551,0.8994
mp-3248,3.6466
mp-1101828,0.0285
mp-2013341,0.1845
mp-1102476,0.0751
mp-1191349,0.5646
mp-1191902,0.5609
mp-1217607,4.4297
mp-549475,1.2946
mp-547125,1.3439
mp-552857,1.3267
mp-863746,2.8564
mp-23293,3.7966
mp-19802,1.4209
mp-1190703,0.3781
mp-756124,2.4854
mp-19272,0.2967
mp-1105332,2.6885
mp-1217605,1.6325
mp-601286,1.2303
mp-5737,1.1832
mp-12984,0.8242
mp-11347,7.7552
mp-1208317,0.1192
mp-1217722,3.4534
mp-1194953,3.3288
mp-1217606,4.4174
mp-642807,1.6956
mp-1102075,4.7985
mp-1079758,3.9499
mp-1203039,5.5302
mp-1207080,1.5055
mp-863264,2.0929
mp-1208392,6.0706
mp-18525,1.1663
mp-22055,0.4016
mp-1193567,1.8563
mp-558223,2.748
mp-2117,0.0134
mp-12647,3.5125
mp-1206686,0.2301
mp-3716,0.331
mp-14093,4.9318
mp-1195189,5.865
mp-30537,5.573
mp-4340,5.8675
mp-1190952,0.3867
mp-4672,2.1921
mp-1173104,2.786
mp-1208369,2.1737
mp-5692,0.8749
mp-1103226,0.3148
mp-1208299,2.9277
mp-10930,1.2587
mp-1208460,2.3405
mp-16313,0.0968
mp-1188262,1.7696
mp-554903,4.3868
mp-1217512,1.4466
mp-12932,4.0177
mp-1217522,3.1535
mp-1208319,3.156
mp-1208393,3.2868
mp-1105141,1.529
mp-1208360,2.9699
mp-999119,1.6253
mp-569507,1.2548
mp-999121,0.7242
mp-554811,1.4396
mp-19121,2.9881
mp-556442,1.883
mp-27485,2.6664
mp-1204799,0.526
mp-1202969,0.9837
mp-7206,1.6034
mp-1199434,2.8161
mp-554435,2.049
mp-568753,0.134
mp-570480,0.6761
mp-1190915,0.6643
mp-27780,0.8658
mp-1203061,1.3061
mp-28804,2.5259
mp-27477,0.9929
mp-28029,0.4506
mp-28026,0.8481
mp-9481,1.1885
mp-561392,2.721
mp-555059,2.8238
mp-1201290,2.8702
mp-19,0.1856
mp-30981,3.0698
mp-1195607,3.3708
mp-557236,1.4407
mp-27648,0.6563
mp-1191341,4.6208
mp-27655,0.6558
mp-602,0.8633
mp-645663,1.4869
mp-19453,2.8614
mp-29185,3.3892
mp-12177,1.6822
mp-1193939,3.4783
mp-1193128,2.5124
mp-554952,2.5594
mp-267,0.2847
mp-555457,4.0479
mp-4906,3.3025
mp-21922,3.0449
mp-638749,0.7702
mp-484,0.4326
mp-1196688,3.0787
mp-27628,1.3552
mp-2767093,0.4888
mp-3764,3.4226
mp-1217418,0.2499
mp-29215,3.1539
mp-1105647,1.1251
mp-979264,1.0896
mp-557570,3.0984
mp-556325,3.9746
mp-650674,1.4762
mp-1217272,1.0847
mp-1095634,0.825
mp-28330,1.5508
mp-27741,1.1214
mp-1208424,2.5242
mp-554523,2.7668
mp-569561,3.1165
mp-561664,4.0186
mp-1875,4.3975
mp-740696,2.1486
mp-707276,4.267
mp-1195796,2.2733
mp-569766,0.7871
mp-570884,1.8563
mp-645655,1.0701
mp-8377,3.0604
mp-1101301,2.1595
mp-558387,4.2002
mp-644827,1.8037
mp-19717,0.8063
mp-1105700,2.0196
mp-1217453,1.923
mp-1217378,2.0877
mp-1201764,2.2914
mp-29178,4.6038
mp-543039,3.2104
mp-2458827,0.3673
mp-22945,0.7797
mp-1201162,2.0926
mp-672186,2.3049
mp-1195479,3.1339
mp-1217322,0.7062
mp-1217269,0.6533
mp-29299,2.9515
mp-1189150,0.4657
mp-1195682,3.6132
mp-1179056,0.2429
mp-9581,0.1198
mp-9619,0.5348
mp-617543,2.7543
mp-4669,3.7356
mp-1208278,0.0754
mp-1195509,5.202
mp-17364,0.136
mp-14249,2.448
mp-1202893,4.5748
mp-1195373,3.5655
mp-1195659,3.936
mp-542180,1.0334
mp-541285,3.6142
mp-1217281,0.869
mp-29890,2.3273
mp-6698,2.9463
mp-556017,5.0734
mp-1217271,1.3129
mp-1666,1.7513
mp-7769,1.424
mp-2392,0.5162
mp-7768,1.3592
mp-7523,1.6183
mp-382,0.2713
mp-23270,0.0921
mp-467,1.4415
mp-1347,0.2617
mp-552,0.0382
mp-1194755,5.7133
mp-757224,4.259
mp-1217448,4.4866
mp-1201295,0.034
mp-28168,0.7041
mp-28167,0.6793
mp-28641,4.8178
mp-570229,2.6098
mp-28066,2.6396
mp-561023,3.5168
mp-567431,3.6452
mp-686949,2.7329
mp-31034,6.529
mp-762082,3.5718
mp-1203348,5.081
mp-27697,1.8452
mp-28067,2.6859
mp-28065,2.4963
mp-8226,2.259
mp-22786,0.2675
mp-643,4.4187
mp-5156,5.4109
mp-1146,1.0336
mp-8136,1.1145
mp-10623,0.7438
mp-7951,0.6305
mp-560863,3.7779
mp-1079673,1.2728
mp-7950,0.769
mp-5836,4.89
mp-19886,0.6738
mp-1105961,0.3495
mp-1025522,0.6759
mp-3718,0.2424
mp-1195677,4.2268
mp-29030,3.1788
mp-1102015,1.7357
mp-1192586,4.8443
mp-1217380,2.4325
mp-565447,2.6896
mp-29062,5.5089
mp-29063,5.6923
mp-28481,2.9158
mp-29091,1.4256
mp-30998,2.8015
mp-13666,1.4501
mp-775149,2.2283
mp-29260,2.4447
mp-540939,2.5021
mp-540940,2.1386
mp-867049,0.0512
mp-562797,1.9118
mp-753066,1.7405
mp-556401,1.9465
mp-1217120,0.941
mp-18281,3.042
mp-2713207,2.5547
mp-27921,2.3251
mp-1217219,1.6247
mp-1217446,1.3031
mp-771649,0.0769
mp-775198,2.5297
mp-554111,2.5918
mp-1101282,0.0344
mp-766224,0.3546
mp-766093,1.2556
mp-554569,2.3278
mp-19383,2.4649
mp-554218,2.7893
mp-1208924,1.0792
mp-556341,1.4006
mp-558135,1.597
mp-582657,0.3963
mp-559530,2.9311
mp-28913,0.9743
mp-560564,2.6337
mp-570021,0.6789
mp-1208280,2.4369
mp-998980,0.1246
mp-17196,2.7625
mp-1207968,6.8844
mp-865353,2.2545
mp-27439,3.3943
mp-1207725,1.2211
mp-1194343,1.9246
mp-559178,2.6792
mp-557086,3.7173
mp-1975,0.1529
mp-555109,3.428
mp-568269,0.1491
mp-4025,0.2552
mp-1207669,4.8429
mp-9852,0.1259
mp-15382,5.4384
mp-5884,5.7221
mp-1192180,0.1576
mp-1216536,2.434
mp-1207705,0.9565
mp-1207831,2.3509
mp-1216586,4.4347
mp-558516,4.3368
mp-1207668,1.8704
mp-557457,4.3012
mp-12933,4.0758
mp-1207686,3.0673
mp-1207819,3.9679
mp-1207739,2.7311
mp-1066791,1.3817
mp-1067280,1.1879
mp-1008561,0.7436
mp-19068,2.9595
mp-1207980,5.8705
mp-27350,0.074
mp-27775,1.3499
mp-23013,1.7799
mp-30143,2.0517
mp-27980,2.1045
mp-1202567,0.0139
mp-2767094,1.1594
mp-650598,1.611
mp-13836,0.4289
mp-1198411,1.661
mp-510226,1.1269
mp-699483,1.1349
mp-699498,1.0811
mp-1198611,2.4318
mp-1208030,0.0349
mp-560402,0.0451
mp-1217243,1.8788
mp-1208070,0.1153
mp-1195848,0.0066
mp-2767175,0.245
mp-558289,1.4654
mp-1207868,0.9267
mp-707182,2.4525
mp-27153,0.2115
mp-29263,0.5817
mp-1208009,2.0026
mp-545598,1.9644
mp-23250,1.5811
mp-17151,0.3387
mp-18299,0.2155
mp-1852,0.3866
mp-2275,2.7943
mp-1202470,2.3776
mp-1203105,1.6692
mp-1202384,2.2049
mp-1203960,1.552
mp-567543,0.2051
mp-570252,0.3242
mp-655360,0.2653
mp-1208141,1.6815
mp-1776,0.6927
mp-578723,0.752
mp-604490,2.3034
mp-375,1.635
mp-22551,1.7666
mp-1200695,0.0929
mp-703348,2.5051
mp-1209045,0.0494
mp-680219,1.6943
mp-504922,1.5098
mp-1201369,2.2009
mp-17637,1.9501
mp-561241,2.4533
mp-28299,2.203
mp-562338,2.0194
mp-866812,0.183
mp-1191464,1.745
mp-555259,1.9725
mp-560028,2.2523
mp-641097,2.2304
mp-560464,1.8223
mp-1025154,1.5113
mp-18136,1.8801
mp-27382,0.2663
mp-542045,2.1303
mp-865322,0.2736
mp-541493,2.1142
mp-561210,2.1888
mp-29189,1.239
mp-15361,2.1791
mp-849323,1.3168
mp-557295,2.051
mp-770389,1.9278
mp-19452,1.9802
mp-18740,2.5598
mp-559685,1.8537
mp-1217403,2.1237
mp-540685,2.2611
mp-21665,1.4808
mp-18729,0.0835
mp-1198906,2.2327
mp-2234110,0.5237
mp-558123,1.8766
mp-1217012,2.7314
mp-540566,1.4424
mp-17749,2.0143
mp-554784,1.5698
mp-1207918,2.8852
mp-28162,2.1245
mp-25279,2.161
mp-1648259,1.3457
mp-648414,1.1465
mp-1104916,3.4112
mp-825375,2.3284
mp-22005,2.9262
mp-19903,2.9795
mp-1203641,2.3938
mp-647385,2.9129
mp-21126,2.2667
mp-28207,2.3616
mp-972384,2.1812
mp-1194518,2.259
mp-29173,2.1989
mp-28256,0.722
mp-772047,1.8974
mp-1217159,2.6668
mp-773455,2.6767
mp-17458,2.5529
mp-554700,2.8675
mp-1190411,3.1807
mp-1048867,1.3106
mp-29058,2.2173
mp-1195122,0.0264
mp-1100976,1.162
mp-1204387,1.4995
mp-1216962,2.6886
mp-729185,2.8288
mp-775437,1.1734
mp-628782,2.8083
mp-1207903,3.0026
mp-1208079,2.8891
mp-1216514,2.0024
mp-1200219,2.3584
mp-558525,2.3115
mp-755181,1.5045
mp-1196298,1.8835
mp-559911,0.6915
mp-19478,2.038
mp-1216423,1.4597
mp-18889,0.8996
mp-559736,1.6283
mp-1194388,1.9517
mp-1201897,2.0397
mp-557135,0.9513
mp-1072660,0.0037
mp-510763,2.1315
mp-1201529,2.9657
mp-18946,1.8747
mp-754594,2.6245
mp-24710,2.1173
mp-640883,2.7092
mp-23044,2.2615
mp-560699,2.9255
mp-971787,1.1332
mp-27713,0.4154
mp-2757308,0.6834
mp-27841,1.4911
mp-1207861,2.249
mp-558859,2.6632
mp-22877,1.256
mp-1101909,1.0398
mp-23061,1.674
mp-1216515,0.0564
mp-1216363,0.891
mp-3762,1.0358
mp-21855,0.8164
mp-991652,0.5741
mp-559931,1.6025
mp-554799,2.2417
mp-27309,3.0176
mp-1207977,1.646
mp-567636,0.3487
mp-23749,2.2597
mp-555798,1.6181
mp-1018138,1.037
mp-1191502,2.1645
mp-22443,2.9684
mp-1205113,3.0186
mp-1199615,2.6441
mp-541404,0.7584
mp-764900,1.3448
mp-556026,3.6563
mp-695981,1.9898
mp-1197105,1.9755
mp-26728,1.3194
mp-1216361,1.7906
mp-27523,0.1238
mp-1101197,1.4516
mp-18835,1.8347
mp-1104878,1.5351
mp-763482,2.2703
mp-505688,2.2898
mp-1195841,2.376
mp-1195199,2.8394
mp-29931,1.8956
mp-541155,0.9239
mp-22092,1.512
mp-1216305,1.5958
mp-29146,0.5193
mp-29759,2.4443
mp-1029262,1.1715
mp-734495,2.9144
mp-556959,2.0909
mp-28575,0.6399
mp-850781,2.8632
mp-570568,0.1586
mp-583581,1.7961
mp-1194880,0.8665
mp-30295,1.1557
mp-29498,2.4431
mp-28483,1.0699
mp-1207828,2.8217
mp-980949,0.265
mp-571518,1.9169
mp-1402840,1.165
mp-555003,5.3735
mp-1207889,1.9578
mp-1195045,1.0913
mp-1188654,1.8151
mp-2383161,1.3585
mp-753398,2.4411
mp-752955,4.0543
mp-224,1.2557
mp-1201710,3.8323
mp-29051,1.2552
mp-561582,1.2761
mp-1821,1.4465
mp-972256,6.1673
mp-556244,2.8973
mp-22885,2.6862
mp-561153,2.6269
mp-23185,2.8624
mp-560366,2.7932
mp-27782,2.8051
mp-23568,2.2108
mp-571369,4.656
mp-1207720,5.0166
mp-1216184,1.4195
mp-560995,3.5218
mp-1020671,3.3111
mp-752676,2.736
mp-569814,2.4977
mp-27849,0.5646
mp-623024,4.3774
mp-695054,2.2598
mp-13641,2.9057
mp-2017901,0.3522
mp-30092,3.4576
mp-5967,1.0432
mp-1025502,0.2007
mp-28974,4.1709
mp-866375,0.1709
mp-866141,0.4016
mp-19963,0.0487
mp-1277107,2.2487
mp-961673,0.9852
mp-1008680,0.8822
mp-1105715,0.3237
mp-574169,0.3367
mp-696940,2.8272
mp-1189965,4.7817
mp-1217384,4.3532
mp-1205304,2.5363
mp-23264,0.1809
mp-541013,1.0859
mp-725932,2.3009
mp-505405,1.9468
mp-19082,2.0049
mp-27850,0.5637
mp-1216943,2.7411
mp-29699,0.5208
mp-1216944,2.5982
mp-1216909,2.4489
mp-1216682,2.4005
mp-924130,0.4527
mp-390,2.0586
mp-1203568,1.8109
mp-557289,2.7291
mp-707483,2.9959
mp-761010,2.6682
mp-1191155,2.5872
mp-1044343,2.234
mp-559493,2.602
mp-27664,2.1747
mp-554704,2.85
mp-989624,0.5396
mp-1541018,2.4692
mp-1203799,2.7366
mp-1193369,2.4534
mp-20459,1.813
mp-9920,0.2261
mp-505270,2.5746
mp-1043703,2.2085
mp-505113,2.7165
mp-2713343,2.5601
mp-961682,0.2039
mp-30847,0.7908
mp-1216939,2.7386
mp-1216797,1.6058
mp-10402,3.8846
mp-17986,2.0959
mp-1101020,2.8612
mp-1208295,2.812
mp-9344,0.0179
mp-6706,2.748
mp-1542940,1.1811
mp-690560,2.7555
mp-752445,2.1462
mp-2713749,2.2227
mp-1403065,4.1668
mp-685281,3.0958
mp-1016108,2.342
mp-23691,4.5269
mp-972032,2.1696
mp-29741,0.0402
mp-978990,1.9192
mp-1199667,1.4307
mp-616190,1.1345
mp-553909,2.2182
mp-1208398,1.4303
mp-29898,1.1385
mp-16183,1.2951
mp-16457,3.3162
mp-559093,2.1415
mp-543045,2.9095
mp-556819,4.0658
mp-680294,1.8789
mp-1208175,0.7544
mp-865272,3.4811
mp-9754,1.7286
mp-557143,0.168
mp-558944,0.1641
mp-24196,0.7929
mp-1198334,3.9101
mp-12307,2.1621
mp-540818,1.4841
mp-1208162,4.7147
mp-653561,1.9211
mp-7277,1.7699
mp-14242,1.153
mp-29034,0.4685
mp-569675,1.7216
mp-1188364,1.5797
mp-1105692,1.0357
mp-989555,2.3602
mp-1217035,2.2967
mp-1208507,2.3488
mp-1201686,2.3865
mp-648007,2.8189
mp-18938,3.4628
mp-556824,3.3299
mp-1199808,4.653
mp-1198362,3.8339
mp-1203479,4.8709
mp-27484,0.5717
mp-1194963,1.1747
mp-9510,1.2994
mp-28217,2.3951
mp-28394,1.5761
mp-29889,1.0534
mp-13801,0.6958
mp-28805,0.9724
mp-27834,1.7374
mp-1208181,0.5825
mp-556516,0.7668
mp-30520,1.6679
mp-4112,3.7965
mp-1208164,3.6463
mp-559961,3.3241
mp-5033,4.976
mp-8190,2.3603
mp-14241,1.6828
mp-6023,0.9789
mp-28011,0.8386
mp-27832,2.4814
mp-10401,4.2962
mp-540586,1.1414
mp-29237,1.1133
mp-582753,0.8007
mp-29690,2.873
mp-29711,0.6389
mp-31076,2.1632
mp-27833,2.5741
mp-31077,1.6844
mp-10448,2.8927
mp-543028,1.9408
mp-1208174,2.1152
mp-19341,3.3207
mp-1202438,4.7068
mp-1204821,3.9336
mp-30532,2.9371
mp-583184,1.2454
mp-581376,1.3068
mp-650442,0.5357
mp-15573,2.5842
mp-559356,1.6493
mp-5704,1.7693
mp-7684,0.8814
mp-1201566,0.845
mp-17823,1.8863
mp-4584,1.303
mp-29337,1.4222
mp-28490,1.2252
mp-1200066,2.0969
mp-980659,2.8585
mp-28432,1.8253
mp-27333,0.611
mp-1208541,1.565
mp-1205742,3.2437
mp-1205667,2.6238
mp-556717,2.2101
mp-1205554,3.3277
mp-17217,0.7147
mp-554279,2.7629
mp-5709,2.6409
mp-16848,2.2857
mp-4160,1.5581
mp-8393,1.592
mp-8378,1.5516
mp-4876,1.0148
mp-1133284,3.5757
mp-568020,1.124
mp-1192129,2.1447
mp-29047,2.5955
mp-5513,1.9554
mp-1025549,1.5636
mp-23408,1.3945
mp-1191858,0.4698
mp-17207,1.9011
mp-1196396,1.0793
mp-554919,2.5639
mp-27684,1.0992
mp-1195087,0.2813
mp-1201442,3.1736
mp-8479,1.9545
mp-28334,1.474
mp-5818,1.7882
mp-531170,0.8678
mp-20740,0.1037
mp-541368,2.6082
mp-560760,2.152
mp-1195546,1.6724
mp-1216976,1.5699
mp-27220,1.4702
mp-28921,0.3854
mp-28920,0.7829
mp-23488,0.7102
mp-27938,1.7784
mp-27228,1.5876
mp-8387,1.5633
mp-1217668,1.0497
mp-27271,2.2673
mp-581586,1.5289
mp-675989,0.7463
mp-34361,0.7501
mp-676274,0.8139
mp-34292,0.7303
mp-1208132,3.4598
mp-677611,1.4999
mp-1195701,1.2991
mp-29238,0.6001
mp-5874,0.6385
mp-1209142,1.5736
mp-555911,4.606
mp-1196547,2.0555
mp-4988,1.8124
mp-30236,1.2565
mp-28368,1.7617
mp-30308,1.527
mp-1194874,3.7297
mp-680122,5.3567
mp-30548,5.7585
mp-28244,2.8659
mp-8946,1.759
mp-29959,0.9154
mp-1208190,2.6848
mp-556592,2.0312
mp-567864,1.3847
mp-1194570,4.0547
mp-2903109,4.5674
mp-1208096,2.7892
mp-1189438,3.2897
mp-1208058,4.44
mp-674849,2.2336
mp-556665,2.2214
mp-554310,0.4949
mp-29662,0.2323
mp-27438,0.4684
mp-568949,2.1678
mp-27398,1.7922
mp-731800,2.035
mp-28218,3.2976
mp-998759,3.9371
mp-571079,2.5181
mp-27205,2.2468
mp-1206058,2.1998
mp-30530,4.5707
mp-645568,2.8216
mp-1208083,1.8589
mp-561221,1.8267
mp-541823,0.1495
mp-1216839,3.2459
mp-17021,2.8078
mp-1208325,0.9173
mp-1190539,1.9735
mp-569129,1.4934
mp-720,3.205
mp-2632,1.2702
mp-645796,2.5843
mp-1208045,2.071
mp-29423,0.0359
mp-569348,3.5851
mp-570609,4.2899
mp-570306,2.2717
mp-4016,1.7885
mp-17254,1.3544
mp-3785,0.5556
mp-998746,2.2566
mp-2037716,2.8898
mp-998743,3.3207
mp-3075,1.9579
mp-24375,2.4129
mp-696189,1.8153
mp-628647,0.8909
mp-571582,0.6466
mp-1105094,2.671
mp-998758,2.3394
mp-571102,2.2086
mp-28329,1.6963
mp-22981,2.7633
mp-605771,3.6347
mp-19985,1.4263
mp-1208155,1.5302
mp-505747,1.0073
mp-562480,0.7404
mp-557583,2.992
mp-2767078,2.5745
mp-20042,0.4748
mp-22232,0.7351
mp-556744,2.6785
mp-22791,0.5401
mp-14498,0.8793
mp-1217181,2.0776
mp-17542,2.8562
mp-5915,2.8457
mp-697267,3.9699
mp-696762,5.1056
mp-1199029,1.9415
mp-27411,1.1849
mp-540850,6.3698
mp-27144,3.6726
mp-13676,0.7151
mp-510646,2.0805
mp-8249,1.7362
mp-560133,2.9557
mp-1208131,1.0901
mp-7038,0.0347
mp-5478,1.0565
mp-9272,1.0256
mp-541487,0.462
mp-1208033,1.4306
mp-560005,1.8577
mp-23635,1.4347
mp-28808,3.3988
mp-1190566,4.4542
mp-1208021,1.9958
mp-1105300,2.1459
mp-1105142,1.553
mp-1199017,2.2817
mp-1208201,1.4503
mp-1208011,2.063
mp-29286,3.8641
mp-8348,4.3334
mp-557787,2.4365
mp-28230,1.6594
mp-567318,0.8323
mp-4573,0.1268
mp-1216623,2.7695
mp-1836,0.198
mp-676130,2.8207
mp-17649,1.8333
mp-1205533,1.8624
mp-6057,1.8272
mp-29903,4.4542
mp-1208013,2.0345
mp-18853,2.1533
mp-1198439,1.8488
mp-622278,2.772
mp-645272,2.3046
mp-1216804,2.3305
mp-18996,2.003
mp-1208048,2.4187
mp-639714,1.9854
mp-530709,2.334
mp-18578,3.1473
mp-998745,3.9179
mp-18168,3.8996
mp-23146,4.3633
mp-979041,0.0528
mp-680717,5.8407
mp-772186,5.7725
mp-1216740,1.5452
mp-2514049,0.3907
mp-1208098,3.525
mp-1203703,3.2974
mp-1200186,5.6237
mp-1205483,2.4883
mp-1208214,5.8661
mp-1207992,5.3393
mp-13039,4.0331
mp-4324,1.1785
mp-14708,3.725
mp-770379,3.6166
mp-1232279,2.0584
mp-755041,0.9966
mp-1208057,3.2963
mp-31123,2.091
mp-1767,3.6932
mp-1101257,1.4709
mp-18529,2.3929
mp-3556,3.0974
mp-1189318,1.3417
mp-753920,2.1129
mp-1095467,4.7967
mp-1216853,1.2089
mp-3334,2.6576
mp-1188133,0.5788
mp-555236,3.0101
mp-1101266,0.442
mp-780172,3.1151
mp-1216554,1.789
mp-771323,3.0682
mp-752579,3.2759
mp-778814,3.6482
mp-1208102,4.7315
mp-558534,5.3919
mp-1208125,3.2434
mp-1188981,0.5881
mp-768450,3.1331
mp-2207479,3.7679
mp-1202632,4.7685
mp-1207978,0.3698
mp-1208037,0.0009
mp-1216821,4.1281
mp-1199949,6.0317
mp-1208160,0.0147
mp-1202016,0.0197
mp-10342,0.0646
mp-756123,3.3673
mp-540856,0.0034
mp-13385,1.7789
mp-2755875,1.6962
mp-771977,3.5505
mp-2011459,0.2713
mp-14761,1.8684
mp-546350,1.3602
mp-546082,1.4201
mp-552738,1.4259
mp-865301,2.9866
mp-754969,4.3478
mp-28044,4.918
mp-772295,4.5304
mp-1191371,0.1964
mp-777295,2.6809
mp-22647,0.2142
mp-1105987,2.6432
mp-1216911,1.5547
mp-640324,1.1223
mp-12455,1.6576
mp-865194,5.3798
mp-1190688,5.0219
mp-1191179,0.0061
mp-554423,5.6784
mp-1207692,0.2333
mp-685633,1.7321
mp-1199133,0.0147
mp-579614,0.2362
mp-1029920,3.9178
mp-556937,3.9811
mp-16025,5.6993
mp-769147,3.9773
mp-680189,0.007
mp-30309,1.6516
mp-18959,2.1933
mp-541040,4.5479
mp-6655,5.1545
mp-1216100,4.9749
mp-546864,3.9661
mp-1206803,0.4951
mp-35785,1.1109
mp-27678,0.7607
mp-1190505,3.0587
mp-1362204,2.0049
mp-1216153,0.4269
mp-1216201,1.894
mp-1216121,1.8064
mp-769396,3.1753
mp-676315,0.1671
mp-768814,3.5881
mp-29304,4.0295
mp-18831,0.8711
mp-1204562,2.9162
mp-2674749,1.6484
mp-31124,1.9796
mp-28580,2.0584
mp-2652,4.0973
mp-752849,0.9987
mp-756347,1.4214
mp-541289,1.5992
mp-12894,2.9983
mp-1105821,1.3158
mp-752658,2.1613
mp-581644,4.7121
mp-6353,3.0876
mp-556661,4.7935
mp-3520,4.7661
mp-1020615,5.7959
mp-3370,2.7501
mp-1189791,0.5593
mp-554852,3.0018
mp-755756,0.7401
mp-17066,3.0718
mp-1216058,1.8652
mp-25305,0.7881
mp-17559,3.2793
mp-559510,3.1799
mp-1207891,3.5074
mp-3050,4.5762
mp-1207967,3.2335
mp-556781,1.7881
mp-561173,1.7372
mp-568638,1.5105
mp-1216271,3.1195
mp-1208208,2.6298
mp-5444,3.5498
mp-1189598,2.0555
mp-1207946,2.7191
mp-38916,5.0725
mp-13627,1.7313
mp-13654,0.5752
mp-1207793,3.1775
mp-981511,2.8091
mp-1207933,3.5945
mp-14678,4.376
mp-1204472,4.2071
mp-1207796,2.5775
mp-1029652,3.0475
mp-11321,3.5002
mp-1193658,1.1244
mp-1207844,5.8088
mp-677237,0.1467
mp-1192654,2.3493
mp-1200885,0.585
mp-1207794,0.0134
mp-707981,3.3405
mp-1207825,0.0301
mp-1207810,0.0146
mp-28744,0.6995
mp-1196369,0.2208
mp-28840,0.1252
mp-1029349,1.3943
mp-554376,2.7167
mp-1194159,0.0297
mp-1216160,4.1146
mp-29426,0.6687
mp-1201999,0.6534
mp-760098,0.1154
mp-1205373,0.0956
mp-1106074,0.1337
mp-28864,0.072
mp-1216090,0.9344
mp-1188648,0.4824
mp-1188535,0.4937
mp-1189258,0.6706
mp-1207685,0.0877
mp-1207857,0.006
mp-754359,2.7254
mp-27698,1.9558
mp-19005,3.4343
mp-619775,1.056
mp-1192970,0.0108
mp-762369,0.0249
mp-1195810,2.3928
mp-1207659,3.1576
mp-561467,2.0041
mp-30250,2.4154
mp-2757874,2.1092
mp-1188559,1.2798
mp-12903,0.8975
mp-6062,5.359
mp-8058,3.6598
mp-1102959,0.0251
mp-2029557,0.5225
mp-1095603,0.0623
mp-7691,0.2774
mp-1190755,0.569
mp-1178731,6.152
mp-29205,5.1696
mp-1020740,5.3906
mp-553243,1.34
mp-552604,1.3088
mp-551816,1.3836
mp-754815,3.9765
mp-768906,4.4849
mp-27455,4.9301
mp-552120,4.2707
mp-1045767,0.1077
mp-20450,0.1589
mp-18725,2.4831
mp-1285565,0.7015
mp-1105234,2.6946
mp-542802,1.5952
mp-10533,1.5947
mp-2416,7.5457
mp-1207680,3.448
mp-23958,5.6011
mp-1216448,4.4716
mp-758103,3.4785
mp-24335,4.4317
mp-626151,4.0468
mp-28797,1.5072
mp-571442,3.0417
mp-753712,3.4078
mp-510598,1.1643
mp-1207651,1.1209
mp-1207709,1.585
mp-1190839,3.1033
mp-989604,1.9089
mp-2114,0.151
mp-1194612,2.4013
mp-2713827,1.8132
mp-5387,3.4975
mp-30460,0.2016
mp-744434,4.4271
mp-11520,0.2945
mp-3637,4.9203
mp-9854,0.1371
mp-556335,5.4476
mp-5132,5.8009
mp-1191026,0.3264
mp-31266,2.1535
mp-1100867,2.7864
mp-1207656,2.1468
mp-1207629,1.00E-04
mp-10086,1.3132
mp-1207765,2.3634
mp-1207056,0.4744
mp-4964,0.1098
mp-1207618,4.3562
mp-769404,1.8369
mp-1101793,3.8843
mp-18183,4.8779
mp-5377,4.0315
mp-1105136,1.5071
mp-1207646,2.9371
mp-1194527,2.1334
mp-1066131,1.5299
mp-1067744,1.2314
mp-1065514,0.7266
mp-19133,2.976
mp-989615,2.2798
mp-546011,1.2015
mp-1215705,0.0528
mp-12509,1.3049
mp-530429,5.53
mp-1207624,5.9222
mp-1215860,1.142
mp-1068042,0.2674
mp-1215857,1.0859
mp-9582,0.7887
mp-1694,0.0227
mp-1207731,0.1223
mp-561096,1.2712
mp-3216704,2.5394
mp-864675,0.3418
mp-3216726,1.0179
mp-1100,1.0375
mp-1079021,0.0973
mp-19023,2.3346
mp-634751,0.0014
mp-570418,4.007
mp-3216921,5.4508
mp-1079587,0.1176
mp-1820,2.2246
mp-1779,1.4678
mp-17512,1.7174
mp-1191586,4.6445
mp-4194,0.0344
mp-4697,0.0389
mp-1047156,0.4298
mp-19313,1.6686
mp-5794,2.3105
mp-5350,2.2765
mp-15776,1.4001
mp-15777,1.0183
mp-1195558,3.6138
mp-24694,2.3718
mp-625830,2.9697
mp-23360,3.2595
mp-22607,0.9929
mp-20832,0.8291
mp-772617,3.4277
mp-8230,4.6635
mp-8207,0.3047
mp-10326,3.992
mp-5146,0.9324
mp-3188,0.5422
mp-27656,1.8214
mp-779594,2.0523
mp-721702,1.9675
mp-560471,3.4733
mp-1105648,1.8521
mp-6278,0.4821
mp-5909,2.2752
mp-761169,2.2221
mp-759925,1.4608
mp-17972,0.8682
mp-1188466,1.6378
mp-1191333,3.7131
mp-1189171,1.9701
mp-559319,3.9692
mp-1102523,2.5136
mp-35647,0.6309
mp-557746,4.124
mp-559184,3.6073
mp-3789,2.7537
mp-3502,3.2965
mp-558350,3.3087
mp-557130,3.7044
mp-1192126,3.4519
mp-27580,3.6597
mp-16834,2.1475
mp-557920,3.4214
mp-680580,0.248
mp-1207534,1.8056
mp-1216036,0.3471
mp-555802,2.4708
mp-39215,4.2006
mp-1246430,2.1347
mp-1216023,1.1224
mp-2071,0.3144
mp-1190321,3.5264
mp-1215629,1.6198
mp-30986,3.3639
mp-1195381,2.9945
mp-558298,2.9591
mp-13199,1.0628
mp-1199741,3.1622
mp-1245967,2.4933
mp-4812,3.4134
mp-14921,1.8571
mp-1046528,0.9073
mp-1200255,3.662
mp-557537,2.9716
mp-15833,4.0926
mp-558938,2.4624
mp-1216191,2.8322
mp-1205290,0.0113
mp-1215558,0.9342
mp-1079889,0.2182
mp-1193999,1.7382
mp-558807,2.1934
mp-7262,0.2241
mp-510279,3.2405
mp-12233,4.8477
mp-24657,4.8437
mp-555880,2.6853
mp-645375,2.7511
mp-647579,3.2214
mp-29826,3.4511
mp-9812,3.5639
mp-22909,4.0533
mp-1392030,0.6668
mp-706995,2.3904
mp-561632,0.166
mp-1215732,2.8426
mp-35311,1.6674
mp-1215793,1.3234
mp-728124,3.8282
mp-755896,2.0907
mp-6408,0.3694
mp-1189702,1.61
mp-1232332,0.5549
mp-1078498,0.159
mp-1079541,0.0944
mp-1873,3.4592
mp-1396958,0.8452
mp-1215782,3.5765
mp-4008,0.0012
mp-2979,1.6955
mp-4524,1.1782
mp-707960,4.6886
mp-723044,4.6865
mp-24502,4.661
mp-24547,2.7465
mp-1200803,3.49
mp-643066,4.2653
mp-23969,2.7214
mp-604229,3.6825
mp-1197946,5.3021
mp-1192685,1.4965
mp-24664,4.7564
mp-24216,1.3969
mp-27161,2.9118
mp-1201376,3.8886
mp-729903,4.2742
mp-1095420,2.3008
mp-1391273,1.6071
mp-1215818,3.24
mp-2133,0.7227
mp-1197426,1.1394
mp-11025,1.4617
mp-758284,4.6413
mp-17924,4.2246
mp-15438,4.7558
mp-759413,4.0775
mp-20006,3.9228
mp-13610,1.6928
mp-13983,1.5893
mp-8256,2.0919
mp-554820,2.0195
mp-5126,3.8233
mp-753,0.0282
mp-561492,2.5581
mp-1199855,3.7109
mp-1196112,1.6604
mp-1201551,1.9308
mp-1190,1.1663
mp-1102515,0.7292
mp-18373,3.0515
mp-5338,3.9227
mp-778924,2.3858
mp-1189914,1.6859
mp-3595,0.8866
mp-40134,5.3956
mp-1020712,3.1944
mp-4763,1.3641
mp-21724,3.1964
mp-2713863,2.057
mp-1194155,4.7197
mp-13903,3.7147
mp-1029469,0.1207
mp-4175,0.7043
mp-2176,1.0733
mp-1203210,1.6757
mp-1191059,5.2943
mp-1207478,4.4576
mp-1100809,1.6304
mp-27437,3.1751
mp-610738,2.41
mp-1095622,3.1883
mp-557909,4.1128
mp-8203,1.5351
mp-4325,3.5655
mp-619928,1.3208
mp-570544,2.8159
mp-569684,3.0775
mp-1198156,1.5449
mp-1205061,1.3254
mp-14651,0.165
mp-559369,1.4474
mp-12540,3.1721
mp-675993,1.6503
mp-27132,4.1075
mp-1215926,4.2174
mp-39770,4.3079
mp-11583,0.5638
mp-1215826,1.8279
mp-1079726,0.3368
mp-2713150,3.8
mp-1202377,2.8298
mp-1202980,3.164
mp-28672,2.4195
mp-1207441,0.7517
mp-532290,5.2282
mp-34291,5.405
mp-1101160,2.5386
mp-277,0.9705
mp-17926,0.4342
mp-541097,2.845
mp-1207448,0.7934
mp-1215669,1.8126
mp-1207410,0.7078
mp-1207399,0.3182
mp-17315,4.257
mp-530524,3.4505
mp-541299,3.7527
mp-1207474,2.3129
mp-1215801,3.2858
mp-1196506,2.1819
mp-29934,2.9066
mp-29357,1.2812
mp-28344,0.8999
mp-28734,1.0883
mp-1207507,0.0062
mp-28903,1.1507
mp-1207511,1.0127
mp-1207495,0.9028
mp-1207560,0.1596
mp-531184,1.4074
mp-1207498,1.084
mp-1207432,0.2575
mp-1093991,0.2695
mp-559571,3.7962
mp-1207486,3.7707
mp-541912,1.4423
mp-707940,4.528
mp-23162,1.0479
mp-1100795,0.3658
mp-569175,3.6058
mp-31451,0.9772
mp-2459069,2.6153
mp-1105223,5.3453
mp-2767155,0.3352
mp-562418,3.2465
mp-743600,2.3786
mp-13542,0.3762
mp-707343,4.7811
mp-24508,4.6904
mp-1192835,6.0184
mp-707811,5.7832
mp-1201375,5.2923
mp-1207395,1.8586
mp-554183,2.5687
mp-569970,1.9368
mp-570520,2.5759
mp-1200713,2.1134
mp-570506,0.2846
mp-570188,0.1623
mp-571235,2.021
mp-23052,1.2172
mp-961693,0.4412
mp-558201,2.1388
mp-1206098,4.4442
mp-557434,2.3108
mp-680356,1.5707
mp-568592,1.7451
mp-1207386,2.0644
mp-2713851,2.9136
mp-924129,0.4954
mp-2858,3.5322
mp-24030,4.1162
mp-707540,4.3746
mp-570966,2.8693
mp-5024,4.4725
mp-31014,1.6603
mp-29232,4.674
mp-7310,5.0238
mp-1186,1.0418
mp-9921,1.1133
mp-1205421,3.3005
mp-3519,2.4195
mp-1100415,1.1648
mp-2076,0.3296
mp-1683,0.3979
mp-4820,4.1495
mp-1183042,0.2353
mp-1203170,4.034
mp-961687,0.1251
mp-961713,0.9628
mp-17324,0.9944
mp-28671,1.1062
mp-4759,3.7385
mp-605,0.0192
mp-1188093,0.9547
mp-1189464,0.699
mp-1102830,0.8937
mp-561423,4.9716
mp-7049,0.6121
mp-7050,0.2271
mp-30997,4.8808
mp-554326,2.5909
mp-2713859,4.0034
mp-1014244,1.99
